"namespace","key","English (source — do not edit)","Norwegian (edit this column)"
"ui","ui.discoverYourFate","Discover Your Fate","Oppdag Din Skjebne"
"ui","ui.discover","Discover","Oppdag"
"ui","ui.your","Your","Din"
"ui","ui.fate","Fate","Skjebne"
"ui","ui.shakeDeck","Shake the Deck","Bland Kortene"
"ui","ui.joinTheCircle","Join the Circle of the Chosen","Bli Med i De Utvalgtes Sirkel"
"ui","ui.loading","Loading...","Laster..."
"ui","ui.revealYourself","Reveal Yourself","Avslør Deg Selv"
"ui","ui.welcome","Welcome, {name}","Velkommen, {name}"
"ui","ui.mysticOne","Mystic One","Mystiske Sjel"
"ui","ui.unveilDestiny","Unveil Your Destiny, Card by Card...","Avdekk Din Skjebne, Kort for Kort..."
"ui","ui.revokeAndRetry","Revoke and Retry","Trekk Tilbake og Prøv Igjen"
"ui","ui.unveilAnotherFate","Unveil Another Fate","Avdekk En Annen Skjebne"
"ui","ui.backToSanctum","Back to the Sanctum","Tilbake til Helligdommen"
"ui","ui.cardsHaveSpoken","The Cards Have Spoken","Kortene Har Talt"
"ui","ui.cardsStillSilent","The cards are still silent...","Kortene tier fremdeles..."
"ui","ui.stepThroughTheVeil","Step Through the Veil","Tre Gjennom Sløret"
"ui","ui.gateAnonTitle","The Veil Has Closed","Sløret Har Lukket Seg"
"ui","ui.gateAnonBody","One glimpse is all the spirits grant a wandering soul. To part the veil again, you must first be known to us.","Ett glimt er alt åndene gir en vandrende sjel. For å skille sløret på ny må du først bli kjent for oss."
"ui","ui.gateAnonCta","Step Through the Veil","Tre Gjennom Sløret"
"ui","ui.gateFreeTitle","The Spirits Ask for Tribute","Åndene Ber om en Offergave"
"ui","ui.gateFreeBody","Tonight's fates are spent. Deeper visions are not given freely — offer tribute, and the cards will speak again.","Nattens skjebner er oppbrukt. Dypere syner gis ikke gratis — bring en offergave, så vil kortene tale igjen."
"ui","ui.gateFreeCta","Offer Tribute","Bring en Offergave"
"ui","ui.yourMysticProfile","Your Mystic Profile","Din Mystiske Profil"
"ui","ui.chooseYourPath","Choose Your Path","Velg Din Vei"
"ui","ui.oneReadingAtATime","One reading at a time, or unlimited every day.","Én tolkning om gangen, eller ubegrenset hver dag."
"ui","ui.mostPopular","Most popular","Mest populær"
"ui","ui.currentPlanBtn","Current plan","Nåværende plan"
"ui","ui.includedBtn","Included","Inkludert"
"ui","ui.comingSoon","Coming soon","Kommer snart"
"ui","ui.subscribeBtn","Subscribe","Abonner"
"ui","ui.buyReadingBtn","Buy a reading","Kjøp en spådom"
"ui","ui.processingBtn","Processing…","Behandler…"
"ui","ui.paymentStartFailed","Something went wrong starting your payment. Please try again.","Noe gikk galt da betalingen skulle startes. Prøv igjen."
"ui","ui.paymentsLaunchingSoon","Payments launching soon","Betaling lanseres snart"
"ui","ui.termsOfService","Terms of Service","Vilkår for bruk"
"ui","ui.privacyPolicy","Privacy Policy","Personvernerklæring"
"ui","ui.cookiePolicy","Cookie Policy","Retningslinjer for informasjonskapsler"
"ui","ui.refundPolicy","Refund Policy","Refusjonspolicy"
"ui","ui.cookieSettings","Cookie settings","Informasjonskapsler"
"ui","ui.contact","Contact","Kontakt"
"ui","ui.cookieBannerAriaLabel","Cookie consent","Samtykke til informasjonskapsler"
"ui","ui.cookieBannerMessage","We use cookies to keep you signed in and, with your consent, to understand how The Veil is used.","Vi bruker informasjonskapsler for å holde deg innlogget og, med ditt samtykke, for å forstå hvordan Sløret brukes."
"ui","ui.cookieBannerLearnMore","Learn more","Les mer"
"ui","ui.cookieBannerAccept","Accept","Godta"
"ui","ui.cookieBannerReject","Reject","Avvis"
"ui","ui.initiation","Initiation","Innvielse"
"ui","ui.name","Name","Navn"
"ui","ui.email","Email","E-post"
"ui","ui.currentPlan","Current plan","Nåværende plan"
"ui","ui.credits","Reading Credits","Lesningskreditter"
"ui","ui.password","Password","Passord"
"ui","ui.save","Save","Lagre"
"ui","ui.saving","Saving...","Lagrer..."
"ui","ui.cancel","Cancel","Avbryt"
"ui","ui.changePassword","Change password","Endre passord"
"ui","ui.setPassword","Set password","Sett passord"
"ui","ui.slipIntoShadows","Slip Into the Shadows","Gli Inn i Skyggene"
"ui","ui.currentPasswordPlaceholder","Current password","Nåværende passord"
"ui","ui.newPasswordPlaceholder","New password","Nytt passord"
"ui","ui.confirmPasswordPlaceholder","Confirm new password","Bekreft nytt passord"
"ui","ui.nameCannotBeEmpty","Name cannot be empty","Navn kan ikke være tomt"
"ui","ui.failedToUpdateName","Failed to update name","Kunne ikke oppdatere navn"
"ui","ui.passwordMinLength","Password must be at least 8 characters","Passordet må være minst 8 tegn"
"ui","ui.passwordsDoNotMatch","Passwords do not match","Passordene samsvarer ikke"
"ui","ui.failedToUpdatePassword","Failed to update password","Kunne ikke oppdatere passord"
"ui","ui.passwordUpdated","Password updated","Passord oppdatert"
"ui","ui.whatShallWeCallYou","What Shall We Call You?","Hva Skal Vi Kalle Deg?"
"ui","ui.pledgeYourSoul","Pledge Your Soul (Or Just Your Email)","Pantsett Din Sjel (Eller Bare Din E-post)"
"ui","ui.enchantedPhrase","Enchanted Phrase","Fortryllet Frase"
"ui","ui.iAgreeTo","I agree to the","Jeg godtar"
"ui","ui.and","and","og"
"ui","ui.agreeToTerms","I agree to the {terms} and {privacy}.","Jeg godtar {terms} og {privacy}."
"ui","ui.acceptTermsError","Please accept the Terms of Service and Privacy Policy to continue.","Vennligst godta vilkårene for bruk og personvernerklæringen for å fortsette."
"ui","ui.invalidCredentials","Invalid email or password","Ugyldig e-post eller passord"
"ui","ui.somethingWentWrong","Something went wrong. Please try again.","Noe gikk galt. Vennligst prøv igjen."
"ui","ui.channeling","Channeling...","Kanaliserer..."
"ui","ui.beginTheRitual","Begin the Ritual","Begynn Ritualet"
"ui","ui.completeTheRitual","Complete the Ritual","Fullføre Ritualet"
"ui","ui.letGoogleSpeak","Let Google Speak Your Name","La Google Uttale Ditt Navn"
"ui","ui.alreadyInitiated","Already initiated? Enter the Sanctum","Allerede innviet? Tre Inn i Helligdommen"
"ui","ui.newToTheCraft","New to the craft? Join the Circle of the Chosen","Ny i kunsten? Bli med i De Utvalgtes Sirkel"
"ui","ui.drawThreeCards","Draw three cards to receive your reading.","Trekk tre kort for å motta din tolkning."
"ui","ui.spiritsUnclear","The spirits are unclear. Please draw again.","Åndene er uklare. Vennligst trekk på nytt."
"ui","ui.language","Language","Språk"
"ui","ui.deck","Deck","Kortstokk"
"ui","ui.chooseDeck","Choose Your Deck","Velg Din Kortstokk"
"ui","ui.deckRiderWaite","Rider-Waite","Rider-Waite"
"ui","ui.deckKlimt","Klimt","Klimt"
"ui","ui.deckGothicVintage","Gothic Vintage","Gotisk Vintage"
"ui","ui.selected","Selected","Valgt"
"ui","ui.selectDeck","Select","Velg"
"ui","ui.signInToSelectDeck","Sign in to choose your deck","Logg inn for å velge kortstokk"
"ui","ui.chooseYourReader","Choose Who Reads For You","Velg Hvem Som Leser For Deg"
"ui","ui.readerSelectionSubtitle","Three readers wait in the dark. They will not introduce themselves — you must choose.","Tre lesere venter i mørket. De vil ikke presentere seg — du må velge."
"ui","ui.hoverToLearn","Hover a reader to learn their nature.","Hold over en leser for å lære deres natur."
"ui","ui.summonReader","Summon {name}","Påkall {name}"
"ui","ui.yourReaderIs","Your Reader","Din Leser"
"ui","ui.changeYourReader","Change Your Reader","Bytt Leser"
"ui","ui.beginInitiation","Begin Initiation","Påbegynn Innvielse"
"ui","ui.reader","Reader","Leser"
"ui","ui.chooseReader","Choose Your Reader","Velg Din Leser"
"ui","ui.deleteAccountHeading","The Point of No Return","Ingen Vei Tilbake"
"ui","ui.deleteAccountTrigger","Break the Pact","Bryt Pakten"
"ui","ui.deleteAccountWarning","This will permanently erase your account, reading history, deck and reader preferences, subscription record, and any linked sign-in providers. This action cannot be undone.","Dette vil permanent slette kontoen din, lesehistorikken, valg av kortstokk og leser, abonnementsdata og eventuelle tilknyttede innloggingstjenester. Denne handlingen kan ikke angres."
"ui","ui.deleteAccountConfirmLabel","Type DELETE to confirm","Skriv DELETE for å bekrefte"
"ui","ui.deleteAccountConfirmPlaceholder","DELETE","DELETE"
"ui","ui.deleteAccountButton","Burn the pact forever","Brenn pakten for alltid"
"ui","ui.deleteAccountCancel","Cancel","Avbryt"
"ui","ui.deleteAccountSubmitting","Burning the pact...","Brenner pakten..."
"ui","ui.deleteAccountError","Something went wrong. Please contact privacy@nothingweird.agency","Noe gikk galt. Ta kontakt med privacy@nothingweird.agency"
"ui","ui.deleteAccountEmailSubject","[theveil] Account deleted","[theveil] Konto slettet"
"ui","ui.deleteAccountEmailBody","Your account at The Veil has been permanently deleted. This action is irreversible. If you did not request this, contact privacy@nothingweird.agency.","Kontoen din hos The Veil er slettet permanent. Denne handlingen kan ikke angres. Hvis du ikke ba om dette, kontakt privacy@nothingweird.agency."
"ui","ui.renewsOn","Renews on {date}","Fornyes {date}"
"ui","ui.accessUntil","Access until {date}","Tilgang til {date}"
"ui","ui.renewal","Renewal","Fornyelse"
"ui","ui.cancelSubscription","Cancel subscription","Si opp abonnement"
"ui","ui.resumeSubscription","Resume subscription","Gjenoppta abonnement"
"ui","ui.cancelSubscriptionConfirm","Cancel auto-renew? You'll keep access until the end of your paid period.","Avbryte automatisk fornyelse? Du beholder tilgangen ut den betalte perioden."
"ui","ui.notFound.title","The veil is closed here","Sløret er lukket her"
"ui","ui.notFound.description","This page has slipped beyond the veil. Return to the circle and try another path.","Denne siden har forsvunnet bak sløret. Vend tilbake til sirkelen og prøv en annen vei."
"ui","ui.notFound.backHome","Back to the sanctum","Tilbake til helligdommen"
"cards","cards.arcana-0","The Fool","Narren"
"cards","cards.arcana-1","The Magician","Magikeren"
"cards","cards.arcana-2","The High Priestess","Høyprestinnen"
"cards","cards.arcana-3","The Empress","Keiserinnen"
"cards","cards.arcana-4","The Emperor","Keiseren"
"cards","cards.arcana-5","The Hierophant","Hierofanten"
"cards","cards.arcana-6","The Lovers","Elskerne"
"cards","cards.arcana-7","The Chariot","Vognen"
"cards","cards.arcana-8","Justice","Rettferdighet"
"cards","cards.arcana-9","The Hermit","Eremiten"
"cards","cards.arcana-10","Wheel of Fortune","Lykkehjulet"
"cards","cards.arcana-11","Strength","Styrke"
"cards","cards.arcana-12","The Hanged Man","Den Hengte Mannen"
"cards","cards.arcana-13","Death","Døden"
"cards","cards.arcana-14","Temperance","Måtehold"
"cards","cards.arcana-15","The Devil","Djevelen"
"cards","cards.arcana-16","The Tower","Tårnet"
"cards","cards.arcana-17","The Star","Stjernen"
"cards","cards.arcana-18","The Moon","Månen"
"cards","cards.arcana-19","The Sun","Solen"
"cards","cards.arcana-20","Judgement","Dommen"
"cards","cards.arcana-21","The World","Verden"
"cards","cards.chalices-1","Ace of Chalices","Beger Ess"
"cards","cards.chalices-2","Two of Chalices","Beger To"
"cards","cards.chalices-3","Three of Chalices","Beger Tre"
"cards","cards.chalices-4","Four of Chalices","Beger Fire"
"cards","cards.chalices-5","Five of Chalices","Beger Fem"
"cards","cards.chalices-6","Six of Chalices","Beger Seks"
"cards","cards.chalices-7","Seven of Chalices","Beger Sju"
"cards","cards.chalices-8","Eight of Chalices","Beger Åtte"
"cards","cards.chalices-9","Nine of Chalices","Beger Ni"
"cards","cards.chalices-10","Ten of Chalices","Beger Ti"
"cards","cards.chalices-page","Page of Chalices","Beger Knekt"
"cards","cards.chalices-knight","Knight of Chalices","Beger Ridder"
"cards","cards.chalices-queen","Queen of Chalices","Beger Dronning"
"cards","cards.chalices-king","King of Chalices","Beger Konge"
"cards","cards.swords-1","Ace of Swords","Sverd Ess"
"cards","cards.swords-2","Two of Swords","Sverd To"
"cards","cards.swords-3","Three of Swords","Sverd Tre"
"cards","cards.swords-4","Four of Swords","Sverd Fire"
"cards","cards.swords-5","Five of Swords","Sverd Fem"
"cards","cards.swords-6","Six of Swords","Sverd Seks"
"cards","cards.swords-7","Seven of Swords","Sverd Sju"
"cards","cards.swords-8","Eight of Swords","Sverd Åtte"
"cards","cards.swords-9","Nine of Swords","Sverd Ni"
"cards","cards.swords-10","Ten of Swords","Sverd Ti"
"cards","cards.swords-page","Page of Swords","Sverd Knekt"
"cards","cards.swords-knight","Knight of Swords","Sverd Ridder"
"cards","cards.swords-queen","Queen of Swords","Sverd Dronning"
"cards","cards.swords-king","King of Swords","Sverd Konge"
"cards","cards.pentacles-1","Ace of Pentacles","Pentakler Ess"
"cards","cards.pentacles-2","Two of Pentacles","Pentakler To"
"cards","cards.pentacles-3","Three of Pentacles","Pentakler Tre"
"cards","cards.pentacles-4","Four of Pentacles","Pentakler Fire"
"cards","cards.pentacles-5","Five of Pentacles","Pentakler Fem"
"cards","cards.pentacles-6","Six of Pentacles","Pentakler Seks"
"cards","cards.pentacles-7","Seven of Pentacles","Pentakler Sju"
"cards","cards.pentacles-8","Eight of Pentacles","Pentakler Åtte"
"cards","cards.pentacles-9","Nine of Pentacles","Pentakler Ni"
"cards","cards.pentacles-10","Ten of Pentacles","Pentakler Ti"
"cards","cards.pentacles-page","Page of Pentacles","Pentakler Knekt"
"cards","cards.pentacles-knight","Knight of Pentacles","Pentakler Ridder"
"cards","cards.pentacles-queen","Queen of Pentacles","Pentakler Dronning"
"cards","cards.pentacles-king","King of Pentacles","Pentakler Konge"
"cards","cards.wands-1","Ace of Wands","Staver Ess"
"cards","cards.wands-2","Two of Wands","Staver To"
"cards","cards.wands-3","Three of Wands","Staver Tre"
"cards","cards.wands-4","Four of Wands","Staver Fire"
"cards","cards.wands-5","Five of Wands","Staver Fem"
"cards","cards.wands-6","Six of Wands","Staver Seks"
"cards","cards.wands-7","Seven of Wands","Staver Sju"
"cards","cards.wands-8","Eight of Wands","Staver Åtte"
"cards","cards.wands-9","Nine of Wands","Staver Ni"
"cards","cards.wands-10","Ten of Wands","Staver Ti"
"cards","cards.wands-page","Page of Wands","Staver Knekt"
"cards","cards.wands-knight","Knight of Wands","Staver Ridder"
"cards","cards.wands-queen","Queen of Wands","Staver Dronning"
"cards","cards.wands-king","King of Wands","Staver Konge"
"readings","readings.arcana-0.keywords","beginnings, innocence, spontaneity, free spirit","begynnelser, uskyld, spontanitet, fri sjel"
"readings","readings.arcana-0.meaning","The Fool stands at the edge of a cliff with nothing but trust. New beginnings, a blank page, a step into the unknown. Something is about to start — and it asks you not to overthink it.","Narren står på kanten av stupet med ingenting annet enn tillit. Nye begynnelser, en blank side, et skritt ut i det ukjente. Noe er i ferd med å starte — og det ber deg ikke overtenke det."
"readings","readings.arcana-0.past","There was a leap — a moment when you chose the unknown over the safe. That decision, reckless or brave, set everything in motion.","Det var et sprang — et øyeblikk der det ukjente ble valgt over det trygge. Den avgjørelsen, dumdristig eller modig, satte alt i bevegelse."
"readings","readings.arcana-0.present","A fresh start is calling. The details aren't clear yet, and that's the point. Stop planning and take the step.","En ny start kaller. Detaljene er ikke klare ennå, og det er hele poenget. Slutt å planlegge og ta steget."
"readings","readings.arcana-0.future","Something entirely new is coming. You won't be able to prepare for it — and you won't need to. Meet it with open hands.","Noe helt nytt er på vei. Du vil ikke kunne forberede deg — og du trenger det ikke. Møt det med åpne hender."
"readings","readings.arcana-1.keywords","manifestation, willpower, skill, resourcefulness","manifestasjon, viljestyrke, ferdighet, oppfinnsomhet"
"readings","readings.arcana-1.meaning","The Magician has every tool on the table and knows exactly how to use them. This is about focus, skill, and turning intention into action. You have what you need — now use it.","Magikeren har alle verktøy på bordet og vet nøyaktig hvordan de brukes. Dette handler om fokus, ferdighet og å gjøre intensjon til handling. Du har det du trenger — nå bruk det."
"readings","readings.arcana-1.past","A time when everything clicked — skill met opportunity and something real was created. That ability hasn't gone anywhere.","En tid da alt stemte — ferdighet møtte mulighet og noe ekte ble skapt. Den evnen har ikke forsvunnet noe sted."
"readings","readings.arcana-1.present","All the pieces are in front of you. This is not the time for doubt or hesitation — it's the time to act with precision.","Alle brikkene ligger foran deg. Dette er ikke tiden for tvil eller nøling — det er tiden for å handle presist."
"readings","readings.arcana-1.future","A moment is coming when your skills will be tested and proven. What you've been learning is about to become very useful.","Et øyeblikk kommer da ferdighetene dine vil bli satt på prøve og bevist. Det du har lært er i ferd med å bli svært nyttig."
"readings","readings.arcana-2.keywords","intuition, mystery, inner knowledge, subconscious","intuisjon, mysterium, indre kunnskap, det underbevisste"
"readings","readings.arcana-2.meaning","The High Priestess sits between what's seen and what's hidden. She doesn't speak loudly — she doesn't need to. The answer is already inside you, waiting for you to get quiet enough to hear it.","Høyprestinnen sitter mellom to søyler — det synlige og det usynlige. Hun snakker ikke høyt. Svaret du leter etter er allerede inne i deg, men du må bli stille nok til å høre det."
"readings","readings.arcana-2.past","There was a time you knew something without knowing how. That gut feeling guided you well. You've second-guessed your intuition since — don't.","Det var en tid da intuisjonen talte klart, og å følge den viste seg riktig. Den indre vetskapen er der fortsatt."
"readings","readings.arcana-2.present","Stop looking for answers outside yourself. The information you need is already here — in your gut, in your dreams, in the silence between thoughts.","Noe holdes skjult, eller noe er ikke klart til å komme til overflaten ennå. Ikke press det. Vær stille, legg merke til drømmer og magefølelsen."
"readings","readings.arcana-2.future","Something hidden will surface. Not through effort, but through stillness. Pay attention to what comes to you unbidden.","Skjulte ting vil komme frem i lyset. Det som er uklart nå vil gi mening snart — stol på prosessen, selv når du ikke ser hele bildet."
"readings","readings.arcana-3.keywords","abundance, nurturing, fertility, creativity","overflod, næring, fruktbarhet, natur"
"readings","readings.arcana-3.meaning","The Empress is the garden in full bloom. She represents growth, sensuality, and the kind of creation that comes from tending something with care. What you nurture will thrive.","Keiserinnen er livet i full blomst. Vekst, komfort, kreativitet — ting er fruktbar jord akkurat nå. Hun sier: ta vare på det du elsker, og det vil vokse."
"readings","readings.arcana-3.past","A fertile period — something was growing and you helped it along. That nurturing energy, whether directed at a person or a project, produced something lasting.","En periode med vekst og overflod slo røtter som fortsatt nærer deg. Noe ble skapt eller stelt med, og det blomstret."
"readings","readings.arcana-3.present","Create. Tend. Nourish. Whatever you give your attention to right now will grow. This is not a time for austerity — let things be lush.","Det er mer tilgjengelig for deg enn du ser. Senk tempoet, ta inn skjønnheten rundt deg. Nær det som betyr noe — det er klart til å vokse."
"readings","readings.arcana-3.future","Abundance is building. Something you've been caring for is about to reward that patience. The harvest is closer than you think.","En høst er på vei. Det som er stelt med omsorg vil bære frukt. Forvent vekst, kreativitet og overflod fremover."
"readings","readings.arcana-4.keywords","authority, structure, stability, discipline","autoritet, struktur, stabilitet, lederskap"
"readings","readings.arcana-4.meaning","The Emperor builds order from chaos. Stone walls, clear rules, a firm hand. This card is about taking control — not emotionally, but structurally. Set the boundary. Make the decision.","Keiseren bygger orden fra kaos. Disiplin, grenser, klare beslutninger. Dette kortet handler om å ta styringen — ikke med aggresjon, men med den rolige sikkerheten til en som vet hva som må gjøres."
"readings","readings.arcana-4.past","Structure was imposed — by you or on you. A father figure, a system, a set of rules shaped how you operate. That framework still holds weight.","Struktur ble etablert — av deg eller for deg. Regler, disiplin, autoritet formet grunnlaget du står på nå."
"readings","readings.arcana-4.present","The situation needs leadership, not discussion. Establish order. Be the one who draws the line and holds it.","Situasjonen trenger en fast hånd. Sett grenser, ta avgjørelsen, ta ansvar. Du har autoriteten."
"readings","readings.arcana-4.future","You're moving toward a position of greater authority. The discipline you practice now is building something solid for later.","En posisjon med større stabilitet og innflytelse tar form. Grunnlaget som legges nå vil holde. Bygg med overbevisning."
"readings","readings.arcana-5.keywords","tradition, guidance, conformity, mentorship","tradisjon, visdom, mentorskap, åndelig lære"
"readings","readings.arcana-5.meaning","The Hierophant represents the wisdom that comes through lineage — teachers, traditions, institutions. Sometimes you need to learn the rules before you break them. This card says: find the teacher.","Hierofanten er vokteren av etablert visdom. En lærer, en tradisjon, et system som har bestått tidens prøve. Noen ganger er svarene ikke nye — de har blitt gitt videre i generasjoner."
"readings","readings.arcana-5.past","A mentor, a tradition, or a belief system gave you a foundation. Whether you still follow it or pushed against it, it shaped your path.","En lærer eller tradisjon ga deg et rammeverk som fortsatt former hvordan du tenker. De lærdommene — akseptert eller avvist — ble en del av deg."
"readings","readings.arcana-5.present","Seek guidance from someone who has walked this road before. There's no shame in learning from established wisdom — not everything needs to be reinvented.","Se til etablert kunnskap. En mentor, en praksis, en utprøvd vei har det du trenger akkurat nå. Ikke alt trenger å finnes opp på nytt."
"readings","readings.arcana-5.future","You'll be called to pass on what you know. The role of teacher or guide is forming ahead of you, whether you planned for it or not.","Rollen som lærer eller veiviser nærmer seg. Erfaringen du har samlet forbereder seg på å tjene andre."
"readings","readings.arcana-6.keywords","love, choice, union, values","kjærlighet, valg, forening, tiltrekning"
"readings","readings.arcana-6.meaning","The Lovers is less about romance and more about choice. Two paths, two forces, two truths — and you must choose. The real question: what do you value enough to commit to?","Elskerne handler ikke bare om romantikk — det handler om valg som treffer hjertet. To krefter møtes, og du må velge med ærlighet. Det som er ekte krever at du tør å være sårbar."
"readings","readings.arcana-6.past","A defining choice was made — one that aligned you with someone or something at a deep level. That decision still echoes.","Et valg ble gjort som fulgte hjertet, ikke hodet. Den forbindelsen eller avgjørelsen endret kursen din mer enn du kanskje innså."
"readings","readings.arcana-6.present","You're facing a choice that touches who you are at the core. Don't choose what's easy. Choose what's true.","Et valg som berører kjernen av deg venter. Ikke velg det trygge for trygghetens skyld — velg det som stemmer med den du faktisk er."
"readings","readings.arcana-6.future","A significant union or decision is approaching. It will ask you to be honest about what you actually want — not what you think you should want.","En dyp forbindelse eller et avgjørende valg nærmer seg. Det som kommer vil kreve ærlighet — og belønne det."
"readings","readings.arcana-7.keywords","determination, willpower, victory, control","viljestyrke, besluttsomhet, triumf, kontroll"
"readings","readings.arcana-7.meaning","The Chariot moves forward through sheer force of will. Two opposing forces, one driver. This isn't gentle progress — it's controlled aggression toward a goal. Hold the reins tight.","Vognen kjører fremover med rå vilje. Motstridende krefter trekker i deg, men du holder tømmene. Dette handler om å mestre indre motsetninger og drive fremover uansett."
"readings","readings.arcana-7.past","You pushed through something by sheer determination. The victory wasn't handed to you — you wrestled it into existence.","Du tvang noe gjennom med ren viljestyrke. Den seieren — hardt vunnet og dypt fortjent — viste hva du er laget av."
"readings","readings.arcana-7.present","Conflict is pulling you in two directions. The only way forward is to master both forces and drive. Hesitate and you stall.","Krefter drar i forskjellige retninger. Hold kursen. Du har kontrollen — bruk den. Seier er innen rekkevidde hvis du ikke mister fokus."
"readings","readings.arcana-7.future","A breakthrough is coming, but it won't be effortless. You'll need every ounce of focus and willpower. The good news: you have it.","Et gjennombrudd nærmer seg. Disiplinen og viljen du bygger nå vil bære deg over målstreken."
"readings","readings.arcana-8.keywords","justice, fairness, truth, accountability","rettferdighet, sannhet, konsekvenser, ansvarlighet"
"readings","readings.arcana-8.meaning","Justice holds the scales and the sword. This is about cause and effect, plain and simple. What you put out comes back. The truth will be weighed — and the verdict will be fair.","Rettferdighet veier med nøyaktig presisjon. Hver handling har sin konsekvens, hver sannhet krever å bli sett. Balansen blir gjenopprettet — enten du er klar eller ikke."
"readings","readings.arcana-8.past","A decision was made that balanced the scales. Something was settled — fairly or not — and the consequences played out as they should.","En avgjørelse eller handling satte i gang en kjede av konsekvenser som førte deg hit. Vektskålen ble tipset, og universet har justert siden."
"readings","readings.arcana-8.present","Be honest. With yourself, with others. A situation demands fairness and clear-eyed truth. The scales are watching.","Sannheten i en sak blir tydelig. Vær ærlig med deg selv og andre — integritet er ditt sterkeste våpen akkurat nå."
"readings","readings.arcana-8.future","A reckoning is coming — not punishment, but balance. What's been out of alignment will be corrected. Trust the process.","Et oppgjør nærmer seg — ikke som straff, men som balanse. Resultatene av valgene dine vil materialisere seg. Stol på at det du fortjener er på vei."
"readings","readings.arcana-9.keywords","solitude, introspection, guidance, wisdom","introspeksjon, ensomhet, indre veiledning, visdom"
"readings","readings.arcana-9.meaning","The Hermit climbs alone, lantern in hand. This isn't loneliness — it's chosen solitude. Sometimes the answers only come when you step away from the noise and walk your own path for a while.","Eremiten trekker seg tilbake fra verden for å finne lyset inni. I stillheten dukker sannheter opp som aldri kan høres i støyen. Noen ganger er å være alene det modigste du kan gjøre."
"readings","readings.arcana-9.past","A period of withdrawal taught you something no one else could. That time alone — voluntary or not — gave you clarity you still carry.","En periode med tilbaketrekning ga deg innsikt som den travle verden aldri kunne tilby. Det indre lyset du fant i mørket lyser for deg fortsatt."
"readings","readings.arcana-9.present","Pull back. The crowd doesn't have your answers right now. Take the lantern and go inward. What you find in the silence will be worth the solitude.","Trekk deg tilbake fra støyen. Svarene du leter etter kommer ikke fra andre — de kommer innenfra. Gi deg selv tid til stille refleksjon."
"readings","readings.arcana-9.future","A period of necessary solitude is ahead. It may not feel comfortable, but it will give you the clarity you've been missing.","En periode med meningsfull ensomhet ligger foran. Det er ikke ensomt — det er opplysende. Du blir trukket innover for å finne en sannhet som endrer alt."
"readings","readings.arcana-10.keywords","cycles, fate, turning point, change","sykluser, skjebne, vendepunkt, forandring"
"readings","readings.arcana-10.meaning","The Wheel turns — always has, always will. What's up comes down, what's down comes up. This card is a reminder that nothing is permanent. The only constant is the turning itself.","Hjulet snurrer, som det alltid har gjort. Ingenting er fast — lykken stiger og faller. Dette er et vendepunkt, styrt av krefter langt større enn deg. Tilpass deg eller bli dratt med."
"readings","readings.arcana-10.past","A major shift changed everything — fortune turned and your circumstances flipped. That cycle completed itself whether you were ready or not.","En dramatisk vending snudde verden din på hodet. Den skjebnesvangre hendelsen — enten den føltes som hell eller uhell — var alltid del av noe større."
"readings","readings.arcana-10.present","Things are in motion. You can't stop the wheel, but you can choose how you ride it. Something is shifting right now.","Hjulet er i bevegelse. Forandring er her, uunngåelig og kraftig. Motstand er nytteløs — plasser deg heller slik at du kan ri bølgen."
"readings","readings.arcana-10.future","A turn of fate is approaching. Luck, circumstance, timing — something is about to rotate in your favor. Be ready to move.","Et betydelig skifte i lykken nærmer seg. Syklusen er i ferd med å snu, og nye omstendigheter vil endre landskapet ditt. Omfavn dreiningen."
"readings","readings.arcana-11.keywords","courage, patience, inner strength, compassion","mot, tålmodighet, indre styrke, medfølelse"
"readings","readings.arcana-11.meaning","Strength isn't the lion — it's the woman with her hands on its jaws. Quiet power, gentle control, the kind of courage that doesn't need to roar. Master yourself before you try to master anything else.","Ekte styrke er ikke rå kraft — det er den stille hånden som temmer løven. Tålmodighet, utholdenhet, medfølelse. Du overvinner ikke dette med makt, men med ro."
"readings","readings.arcana-11.past","You faced something that required deep inner strength — not force, but endurance. That quiet courage got you through.","Du møtte noe som krevde enorm indre styrke — ikke aggresjon, men tålmodighet og stille mot. Den roen du fant den gangen er fortsatt din største ressurs."
"readings","readings.arcana-11.present","The situation calls for patience, not power. Meet the challenge gently but firmly. You're stronger than the thing you're afraid of.","Utfordringen foran deg ber ikke om makt, men om nåde. Møt vanskeligheter med tålmodighet, frykt med medfølelse, kaos med ro. Din indre styrke er enorm."
"readings","readings.arcana-11.future","You'll be tested — not by an external enemy, but by your own impulses. The strength you need is already inside you. Trust it.","Du er i ferd med å bli noe bemerkelsesverdig robust. Styrken du utvikler nå — stille, dyp, urokkelig — vil bære deg gjennom det som kommer."
"readings","readings.arcana-12.keywords","surrender, new perspective, letting go, pause","overgivelse, nytt perspektiv, å slippe taket, pause"
"readings","readings.arcana-12.meaning","The Hanged Man hangs by choice. The world looks different upside down — and that's the point. This is voluntary suspension, a pause that changes everything. Stop struggling and see what the stillness shows you.","Den hengte mannen ser verden fra en helt annen vinkel. Hengende mellom handling og stillhet oppdager han at fremgang noen ganger krever fullstendig overgivelse. Slutt å kjempe."
"readings","readings.arcana-12.past","A period of waiting or sacrifice shifted your entire perspective. What felt like stagnation was actually transformation in disguise.","En påtvunget pause eller et offer i fortiden ga deg et perspektiv du aldri kunne fått ellers. Den perioden med stillstand forandret hvordan du ser verden."
"readings","readings.arcana-12.present","Let go of the need to act. The answer comes when you stop chasing it. Surrender isn't defeat — it's strategy.","Slutt å kjempe mot strømmen. Situasjonen krever at du slipper grepet og ser ting fra en helt annen vinkel. I det å slippe taket finner du det du leter etter."
"readings","readings.arcana-12.future","A pause is coming. It will feel frustrating, but it's necessary. What you see from this new angle will change your approach entirely.","En meningsfull pause nærmer seg. Det som føles som stillstand er faktisk en dyp rekalibrering — universet forbereder seg på å vise deg noe du ikke kan se herfra."
"readings","readings.arcana-13.keywords","endings, transformation, transition, release","transformasjon, avslutninger, fornyelse, overgang"
"readings","readings.arcana-13.meaning","Death clears the field. Not destruction for its own sake — but the necessary ending that makes room for what's next. Something must die for something new to live. Let it go.","Døden snakker ikke om fysisk slutt, men om dyp forvandling. Noe må falle bort for å gi plass til det som vokser frem. Avslutninger er begynnelser i forkledning."
"readings","readings.arcana-13.past","Something ended — a relationship, an identity, a chapter. It hurt. But look at what grew in the space it left.","En kraftig avslutning ryddet grunnen for ny vekst. Det som føltes som tap var universet som skapte plass til noe langt større."
"readings","readings.arcana-13.present","A transformation is underway. Resist it and you suffer longer. The thing that's ending has served its purpose. Release it with respect.","Noe i livet ditt har nådd sin naturlige slutt. Slipp det med verdighet — å klynge seg til det som er over forsinker bare den fornyelsen som allerede er i gang."
"readings","readings.arcana-13.future","A significant ending is ahead. It's not a tragedy — it's a threshold. What follows will be worth what you leave behind.","En dyp forvandling nærmer seg. Et gammelt kapittel må lukkes helt før det neste kan begynne. Frykt ikke avslutningen — det som vokser fra den vil overraske deg."
"readings","readings.arcana-14.keywords","balance, moderation, patience, purpose","balanse, måtehold, tålmodighet, harmoni"
"readings","readings.arcana-14.meaning","Temperance pours water between two cups — back and forth, never spilling. This is the art of balance, of blending opposites, of finding the middle way. Patience and moderation will get you further than force.","Måtehold blander motstridende krefter til perfekt harmoni. Tålmodighet, balanse og den milde kunsten å finne midtveien skaper noe langt kraftigere enn noen ytterlighet."
"readings","readings.arcana-14.past","A period of finding balance after extremes. You learned — maybe the hard way — that the middle path works better than the edges.","En tid med å finne balanse — å blande motstridende krefter — skapte en harmoni som fortsatt bærer deg. Det tålmodige arbeidet med integrasjon var kraftigere enn du trodde."
"readings","readings.arcana-14.present","Easy does it. Whatever you're dealing with needs a measured approach, not a dramatic one. Blend, don't force.","Søk midtveien. Ytterlighetene frister, men ekte kraft ligger i balanse. Bland tålmodighet med handling, logikk med intuisjon, det å gi med det å motta."
"readings","readings.arcana-14.future","Harmony is building. The opposing forces in your life are moving toward integration. Give it time — the alchemy takes patience.","En vakker tilstand av likevekt tar form. Motstridende krefter i livet ditt beveger seg mot harmoni — blandingen vil skape noe større enn noen av delene alene."
"readings","readings.arcana-15.keywords","shadow, bondage, materialism, attachment","skyggeside, tilknytning, illusjon, lenker"
"readings","readings.arcana-15.meaning","The Devil shows you the chains you chose to wear. Addiction, obsession, toxic patterns — they look comfortable until you realize you can't leave. The chains are loose. You could take them off. Will you?","Djevelen viser deg lenkene du har lagt på deg selv. Frykt, avhengighet, illusjon — de føles ubrytelige, men sannheten er at du holder nøkkelen til din egen frigjøring."
"readings","readings.arcana-15.past","A pattern of attachment held you — a habit, a relationship, a belief that kept you small. Recognizing the cage was the first step out.","Et mønster av tilknytning eller selvpålagt begrensning holdt deg fanget. Enten du brøt fri eller fortsatt bærer de lenkene — å forstå opphavet er første steg."
"readings","readings.arcana-15.present","Something has more power over you than it should. A craving, a fear, a comfortable trap. Name it honestly. The chains aren't locked.","Se ærlig på hva som binder deg. Frykten, vanene eller tilknytningene som styrer livet ditt er illusjoner av makt — de holder deg bare fordi du tror de kan."
"readings","readings.arcana-15.future","Be watchful. An attachment or temptation is approaching that will feel good in the short term and cost you in the long run. You'll know it when you see it.","En konfrontasjon med skyggene dine nærmer seg. Det er ikke straff, men frigjøring — ved å møte det som slavebinder deg, finner du en frihet du aldri har kjent."
"readings","readings.arcana-16.keywords","upheaval, revelation, sudden change, breakdown","omveltning, åpenbaring, plutselig endring, oppvåkning"
"readings","readings.arcana-16.meaning","The Tower gets struck by lightning and everything comes down. This isn't gentle change — it's the kind that shatters what was built on a shaky foundation. It's brutal. It's also necessary.","Tårnet slår ned uten forvarsel og knuser det som var bygget på ustødig grunn. Det er ikke ødeleggelse for ødeleggelsens skyld — det er sannhetens lynnedslag som rydder vekk illusjonen."
"readings","readings.arcana-16.past","Something collapsed suddenly — a belief, a structure, a relationship. It was devastating at the time. It was also the most honest thing that could have happened.","En plutselig omveltning knuste noe du trodde var permanent. Selv om ødeleggelsen var sjokkerende, avslørte den en sannhet som hadde vært skjult — og den sannheten satte deg fri."
"readings","readings.arcana-16.present","Things are falling apart. Let them. What crumbles now wasn't solid to begin with. The destruction is clearing the ground for something real.","Grunnen skjelver under føttene dine. Det som faller nå var aldri bygget for å vare. La det falle — åpenbaringen som følger kollapsen vil belyse alt."
"readings","readings.arcana-16.future","A sudden disruption is ahead. You can't prevent it, but you can choose what you build afterward. The old structure won't survive — and that's the point.","En plutselig og dramatisk endring nærmer seg. Det vil føles som kaos, men det er faktisk frigjøring. Strukturene som faller tjente deg aldri egentlig. Det som blir stående er ekte."
"readings","readings.arcana-17.keywords","hope, faith, renewal, inspiration","håp, inspirasjon, fornyelse, stillhet"
"readings","readings.arcana-17.meaning","The Star comes after the Tower — calm after the storm. Naked, vulnerable, pouring water onto the earth and into the pool. This is quiet hope, the kind that returns when the worst is over.","Stjernen skinner etter stormen. Hun øser levende vann over jorden, fornyer det som var svidd og lyser opp veien videre med et stille, evig lys. Håp er ikke naivt — det er det modigste som finnes."
"readings","readings.arcana-17.past","After a period of darkness, hope returned. That moment of renewal — fragile but real — set you on a better path.","Etter en periode med mørke kom et øyeblikk av rent håp og fornyelse. Det stjernelysets du fant i din mørkeste time bærer du med deg fortsatt."
"readings","readings.arcana-17.present","Breathe. The worst has passed. This is a time for healing, for reconnecting with what inspires you. Let yourself feel hopeful again.","Stjernen skinner på deg nå. Helbredelse, inspirasjon og den stille vissheten om at det beste er i vente. Pust ut. La deg nære."
"readings","readings.arcana-17.future","Renewal is coming. After the upheaval, after the struggle — a clear, starlit night. You'll find your faith again.","En periode med dyp helbredelse og fornyet håp nærmer seg. Etter alt du har gjennomgått forbereder universet seg på å øse sine velsignelser over deg."
"readings","readings.arcana-18.keywords","illusion, fear, anxiety, subconscious","illusjon, frykt, intuisjon, det ubevisste"
"readings","readings.arcana-18.meaning","The Moon lights up a strange landscape — nothing is quite what it seems. Fears, illusions, things half-seen in the dark. This card says: what you're afraid of may not be real, but the fear itself needs attention.","Månen kaster et lys som forvrenger like mye som det avslører. Frykt tar form, illusjoner virker virkelige. Stol på intuisjonen din for å navigere det øynene dine ikke kan se klart."
"readings","readings.arcana-18.past","A period of confusion or deception colored your experience. Things weren't as they appeared, and the uncertainty left a mark.","En periode med forvirring eller bedrag tvang deg til å navigere med intuisjon alene. Skyggene du gikk gjennom lærte deg å stole på det du føler fremfor det du ser."
"readings","readings.arcana-18.present","Trust is shaky right now. Something feels off, and you can't quite pin it down. Don't make big decisions in this fog — wait for clarity.","Ikke alt er som det ser ut. Frykt og illusjoner kan skye synet ditt — se under overflaten. Intuisjonen din vet sannheten selv når tankene dine vakler."
"readings","readings.arcana-18.future","A period of uncertainty is ahead. Not everything will be as it appears. Keep your wits about you and don't let anxiety drive your choices.","En ferd gjennom usikkerhet ligger foran. Stien vil være dårlig opplyst og skyggene vil lure. Stol på de dypeste instinktene dine — de vil lede deg trygt gjennom illusjonen."
"readings","readings.arcana-19.keywords","joy, success, vitality, clarity","glede, suksess, vitalitet, klarhet"
"readings","readings.arcana-19.meaning","The Sun shines without apology. Warmth, clarity, simple happiness — the kind that doesn't need to justify itself. After the Moon's confusion, this is daylight. Everything is visible and good.","Solen brenner med strålende klarhet. Alle skygger oppløses i lyset, og verden viser seg i sin fulle prakt. Ren glede, suksess og varmen av et liv fullt levd."
"readings","readings.arcana-19.past","There was a time of genuine happiness — uncomplicated joy that lit everything up. That warmth is part of your story and can be returned to.","En gyllen periode med glede og klarhet opplyste livet ditt. Den varmen og suksessen plantet en stråleglans i sjelen din som ingen mørke kan slukke helt."
"readings","readings.arcana-19.present","Things are good. Really good. Let yourself enjoy it without waiting for the other shoe to drop. This is your moment in the sun.","Lyset skinner rett på deg. Klarhet, glede, vital energi. Tre fullt inn i varmen — du har fortjent denne lysheten. Nyt det."
"readings","readings.arcana-19.future","Bright days ahead. Success, clarity, and warmth are coming. Whatever you've been working toward is about to step into the light.","Et utbrudd av strålende glede og suksess nærmer seg. Skyene deler seg, og solens fulle lys vil snart belyse veien din. Alt vil bli vidunderlig klart."
"readings","readings.arcana-20.keywords","reflection, reckoning, awakening, absolution","gjenfødelse, kall, oppgjør, frifinnelse"
"readings","readings.arcana-20.meaning","Judgement calls everyone to rise. This isn't external judgment — it's the moment you look at your whole life and decide what stays and what's released. A final reckoning before a new beginning.","Dommens trompet lyder og kaller deg til å reise deg. Et oppgjør og en gjenfødelse — et høyere kall som ber deg legge fra deg fortiden og tre inn i den du egentlig er ment å være."
"readings","readings.arcana-20.past","A moment of deep reckoning changed your direction. You looked honestly at where you'd been and made a choice about where to go next.","Et øyeblikk av dyp oppvåkning kalte deg til å reise deg over den du var. Det transformerende kallet endret livets retning for alltid."
"readings","readings.arcana-20.present","You're being called to account — by yourself, not others. What have you learned? What needs to be forgiven? Answer honestly and you'll be free.","Du blir kalt til regnskap — ikke av andre, men av den høyeste versjonen av deg selv. Slipp gammel skyld, omfavn ditt sanne kall, og la deg gjenfødes."
"readings","readings.arcana-20.future","An awakening is ahead. Not sudden like the Tower, but deep and deliberate. You'll see your path with new clarity and know exactly what to do.","En kraftig oppvåkning nærmer seg. Du vil høre kallet om å tre inn i en større versjon av deg selv — å legge av deg gamle identiteter og reise deg, forvandlet."
"readings","readings.arcana-21.keywords","completion, integration, accomplishment, wholeness","fullførelse, helhet, prestasjon, integrasjon"
"readings","readings.arcana-21.meaning","The World is the final card — the dance at the end of the journey. Everything has come full circle. A chapter is complete, and you stand whole within it. Celebrate before you begin again.","Verden danser i perfekt, gledesfylt fullførelse. En stor syklus har nådd sin slutt — alle brikkene har falt på plass, og du står på toppen av en lang reise. Alt henger sammen."
"readings","readings.arcana-21.past","A cycle completed. Something you worked toward for a long time finally came together. That accomplishment is real — own it.","En stor syklus ble avsluttet, og den helheten du oppnådde ble fundamentet for alt som fulgte."
"readings","readings.arcana-21.present","You're at the end of a major chapter. Integration, completion, the feeling of having arrived. Pause and take it in before the next cycle begins.","Du nærmer deg — eller står midt i — et øyeblikk av storslått fullførelse. Alt kommer sammen. Ær reisen som brakte deg hit."
"readings","readings.arcana-21.future","Completion is approaching. The long road you've been on is reaching its destination. What awaits is wholeness and the satisfaction of a journey finished.","En syklus av enorm betydning nærmer seg sin fullførelse. Alt du har jobbet mot, kjempet med og drømt om samles i et øyeblikk av triumferende helhet."
"readings","readings.chalices-1.keywords","new love, emotional beginning, intuition, compassion","ny kjærlighet, emosjonell oppvåkning, kreativitet, medfølelse"
"readings","readings.chalices-1.meaning","The Ace of Chalices is a cup overflowing. A new emotional beginning — love, creative inspiration, or a spiritual opening. Something is being offered to you. Open your hands.","Begrenes ess renner over av rent følelsesmessig potensial. En ny kilde til kjærlighet, kreativitet eller åndelig forbindelse åpner seg. Ta imot det."
"readings","readings.chalices-1.past","An emotional door opened — new love, a creative spark, or a spiritual awakening. That opening changed the course of your inner life.","En emosjonell oppvåkning åpnet hjertet ditt på en måte som forandret alt. Den første bølgen av følelse flyter gjennom livet ditt ennå."
"readings","readings.chalices-1.present","Something new is stirring in your heart. A feeling, a connection, a creative impulse. Don't analyze it — receive it.","En ny emosjonell begynnelse tilbys deg. Åpne hjertet — enten det kommer som kjærlighet, kreativ inspirasjon eller åndelig fordypning."
"readings","readings.chalices-1.future","An emotional gift is on its way. New love, deep inspiration, or a moment of pure connection. Be open to what arrives.","En vakker ny emosjonell opplevelse nærmer seg. Begeret som tilbys deg flyter over av kjærlighet og kreativt potensial. Gjør hjertet klart."
"readings","readings.chalices-2.keywords","partnership, mutual attraction, connection, harmony","partnerskap, gjensidig tiltrekning, forbindelse, enhet"
"readings","readings.chalices-2.meaning","Two cups raised in mutual recognition. This is partnership at its simplest — two people seeing each other clearly and choosing to connect. Equal exchange, no games.","Begrenes toer feirer møtet mellom to sjeler. Ekte forbindelse — der separate strømmer smelter sammen til noe større enn begge alene."
"readings","readings.chalices-2.past","A meaningful partnership shaped you — romantic or otherwise. The mutual respect and genuine connection left a lasting impression.","Et meningsfylt partnerskap eller en dyp gjensidig forbindelse formet den emosjonelle verdenen din. Det båndet påvirker fortsatt hvordan du elsker og knytter deg til andre."
"readings","readings.chalices-2.present","A connection is forming based on real mutual attraction. This is balanced, honest, and worth investing in.","En kraftig forbindelse er aktiv i livet ditt. Ær gjensidigheten — denne flyten av energi og følelse mellom dere er sjelden og verdifull."
"readings","readings.chalices-2.future","A significant partnership is ahead. Someone will meet you where you are — no pretense, no imbalance. Just honest connection.","Et betydelig partnerskap eller en dyp forbindelse tar form i horisonten. To krefter beveger seg mot hverandre, og deres forening vil skape noe dypt meningsfullt."
"readings","readings.chalices-3.keywords","celebration, friendship, community, joy","feiring, vennskap, fellesskap, glede"
"readings","readings.chalices-3.meaning","Three cups raised in celebration. Friends, community, shared joy. This card is a party — not a wild one, but the kind where you look around and realize you're surrounded by people who actually care.","Begrenes treer løfter sine beger i gledesrik feiring. Fellesskap, vennskap og delt lykke skaper en varme ingen ensom prestasjon kan matche."
"readings","readings.chalices-3.past","A celebration or gathering brought genuine joy. The community around you at that time lifted you up in ways that mattered.","En tid med feiring og dypt vennskap fylte livet ditt med delt glede. De båndene av fellesskap etterlot en varme i sjelen din."
"readings","readings.chalices-3.present","Celebrate what you have. Call the friends, raise a glass, enjoy the moment. Not everything needs to be heavy or meaningful — sometimes joy is enough.","Feiring kaller. Samle deg med dem som løfter deg, del gledene dine, la felleskapets varme nære deg. Du trenger ikke gå alene."
"readings","readings.chalices-3.future","A gathering or celebration is ahead. Good company, shared happiness, the warmth of belonging. Let yourself enjoy it.","En feiring eller gledesfylt samling nærmer seg. Vennskapsbåndene rundt deg styrkes, klare til å skape et øyeblikk av delt lykke."
"readings","readings.chalices-4.keywords","apathy, contemplation, disconnection, missed opportunity","kontemplasjon, apati, reevaluering, misnøye"
"readings","readings.chalices-4.meaning","Four cups — three on the ground, one being offered by a hand from a cloud. But the figure sits with crossed arms, too bored or brooding to notice. What you're looking for might already be in front of you.","Begrenes firer sitter i stille misnøye, så fokusert på det som mangler at gavene som tilbys forblir usett. Se opp — universet rekker frem noe du overser."
"readings","readings.chalices-4.past","You missed something because you were too caught up in what you didn't have. An opportunity or connection went unnoticed while you were focused elsewhere.","En periode med emosjonell tilbaketrekning fikk deg til å overse muligheter rett foran nesen din. Den introspeksjonen, uansett hvor smertefull, lærte deg noe viktig."
"readings","readings.chalices-4.present","Boredom or dissatisfaction is clouding your vision. There's an offer on the table you're not seeing. Look up.","Du er kanskje så fanget i grubling eller misnøye at du går glipp av det som tilbys. Løft blikket fra de kjente begrene — noe nytt venter på oppmerksomheten din."
"readings","readings.chalices-4.future","Be careful not to overlook what's being offered. Discontent can blind you to real gifts. The fourth cup is there — you just need to reach for it.","Et øyeblikk av reevaluering nærmer seg. Du vil bli bedt om å velge mellom komfortabel utilfredshet og den uventede gaven som dukker opp foran deg."
"readings","readings.chalices-5.keywords","grief, loss, regret, disappointment","tap, sorg, anger, aksept"
"readings","readings.chalices-5.meaning","Five cups — three spilled, two still standing. The figure stares at the loss, back turned to what remains. Grief is real, but so is what survived. The question is which cups you focus on.","Begrenes femmer sørger over det som er sølt, men to beger står fortsatt urørt bak deg. Sorgen er hellig, men det er også øyeblikket du snur deg og ser hva som gjenstår."
"readings","readings.chalices-5.past","A loss hit hard, and you spent time mourning what was gone. That grief was valid — but it may have kept you from seeing what was left.","Et betydelig tap tok all oppmerksomheten din og gjorde det vanskelig å se hva du fortsatt hadde. Sorgen var ekte, men den ga til slutt plass for dypere takknemlighet."
"readings","readings.chalices-5.present","You're focused on what went wrong. That's understandable. But turn around — not everything is lost. Two cups still stand.","Smerten over det som er tapt er virkelig — ær den. Men når du er klar, se deg tilbake. Ikke alt ble tatt. To fulle beger venter fortsatt."
"readings","readings.chalices-5.future","A disappointment is ahead, but it won't take everything. Allow yourself to grieve, then look at what remains. It's more than you think.","Et tap eller en skuffelse kan ligge foran, men det er ikke hele historien. Sorgen vil passere, og når den gjør det, vil du oppdage at noe verdifullt overlevde."
"readings","readings.chalices-6.keywords","nostalgia, memories, innocence, reunion","nostalgi, uskyld, minner, gjenforening"
"readings","readings.chalices-6.meaning","Six cups filled with flowers, a scene from childhood. This card smells like your grandmother's house. Nostalgia, old memories, the sweetness of simpler times. Just be careful not to live there.","Begrenes sekser vender tilbake til minnenes hage. Fortidens sødme, uskyld fra tidligere tider og gjenforeningens varme minner deg om hvem du egentlig er."
"readings","readings.chalices-6.past","A memory or a person from your past played a significant role. That innocence and warmth shaped you in ways you might not fully appreciate.","Søte minner og uskyld fra tidligere tider har en spesiell plass i reisen din. De øyeblikkene av enkel glede formet de beste sidene av deg."
"readings","readings.chalices-6.present","The past is calling — an old friend, a memory, a place you used to know. It's okay to revisit, but remember: you can't move forward looking backward.","Fortiden kaller — ikke for å fange deg, men for å minne deg om noe verdifullt. En gjenforening, et minne eller en retur til enklere gleder kan være akkurat det sjelen trenger."
"readings","readings.chalices-6.future","Someone or something from your past will reappear. A reunion, a memory resurfacing, or a return to something familiar. Enjoy it, but stay grounded in the present.","En forbindelse til fortiden tar form. Enten gjennom gjenforening eller nostalgi — minnenes sødme vil berøre livet ditt igjen."
"readings","readings.chalices-7.keywords","fantasy, illusion, wishful thinking, choices","illusjon, fantasi, valg, ønsketenkning"
"readings","readings.chalices-7.meaning","Seven cups float in the clouds — each one a fantasy, a wish, a distraction. Castles, jewels, dragons, a veiled figure. Tempting, but none of it is real yet. Choose one and make it solid, or keep dreaming forever.","Begrenes syver presenterer et blendende utvalg av muligheter, men ikke alt som glitrer er ekte. Dømmekraft er avgjørende — skill den genuine muligheten fra den forførende illusjonen."
"readings","readings.chalices-7.past","Too many options or fantasies scattered your focus. You spent time chasing illusions instead of committing to something real.","En tid med fantasier og spredte ønsker dro deg i mange retninger. Drømmene som glitret foran deg lærte deg den avgjørende forskjellen mellom visjon og illusjon."
"readings","readings.chalices-7.present","You're lost in possibilities. Some are genuine, most are smoke. Get honest about what you actually want — then commit to it.","Mange alternativer og fantasier danser foran deg. Men pass deg — ikke alle er ekte. Jord deg, klarn tåken, og velg med dømmekraft."
"readings","readings.chalices-7.future","A dazzling array of options will present themselves. Most are distractions. Discernment will be your most valuable skill.","Et blendende utvalg av muligheter vil snart presentere seg. Utfordringen blir å se klart gjennom glamouren. Velg klokt — ett beger holder sannhet, resten holder tåke."
"readings","readings.chalices-8.keywords","departure, withdrawal, letting go, searching","avreise, å slippe taket, søke dypere mening, vandre videre"
"readings","readings.chalices-8.meaning","Eight cups stacked neatly, a figure walking away under a crescent moon. Something is being left behind — not because it's bad, but because it's not enough anymore. This is a quiet, necessary departure.","Begrenes åtter snur ryggen til det som en gang tilfredsstilte for å søke noe dypere. Det er ikke flukt, men evolusjon — den modige erkjennelsen av at du har vokst forbi det du har."
"readings","readings.chalices-8.past","You walked away from something that looked fine from the outside but felt empty within. That departure took courage, even if no one understood it.","Du forlot noe som ikke lenger tjente sjelen din. Den avreisen — uansett hvor smertefull — var en modig handling som åpnet veien til noe mer meningsfullt."
"readings","readings.chalices-8.present","Something isn't filling you anymore. The cups are there, but they're not enough. It's time to walk away and look for what's missing.","Noe som en gang fylte deg gjør det ikke lenger. Det er på tide å gå videre — ikke i sinne, men i stille erkjennelse av at sjelen din kaller mot dypere farvann."
"readings","readings.chalices-8.future","You'll reach a point where you outgrow a situation. The departure will be quiet and deliberate — not dramatic, but deeply necessary.","En avreise nærmer seg. Du vil føle kallet om å forlate det kjente for å søke noe mer meningsfullt. Stol på at det du leter etter finnes bak horisonten."
"readings","readings.chalices-9.keywords","contentment, satisfaction, gratitude, wish fulfilled","tilfredshet, oppfyllelse, ønsker oppfylt, takknemlighet"
"readings","readings.chalices-9.meaning","Nine cups displayed proudly, the figure sits with arms crossed and a satisfied grin. The wish card. What you wanted — you got it. Enjoy the moment of having enough.","Begrenes nier sitter foran et festmåltid av oppfylte ønsker. Dyp tilfredshet — øyeblikket du innser at det du har er nøyaktig det du ønsket deg."
"readings","readings.chalices-9.past","A wish came true. A moment of genuine satisfaction when things lined up the way you hoped. That contentment was earned.","En tid med ønskeoppfyllelse og dyp tilfredshet velsignet livet ditt. Den opplevelsen viste deg hva ekte tilfredshet faktisk føles som."
"readings","readings.chalices-9.present","Look at what you have. Really look. This is a moment of fulfillment — maybe not perfection, but genuine satisfaction. Let yourself enjoy it.","Ta et øyeblikk til å verdsette hvor langt du har kommet. Ønskene dine oppfylles — kanskje ikke slik du forestilte deg, men på måter som gir ekte tilfredshet. Nyt det."
"readings","readings.chalices-9.future","A wish is about to be granted. Not in a fairy-tale way, but in the real, solid way that comes from work meeting luck. Savor it.","En periode med dyp tilfredshet og ønskeoppfyllelse nærmer seg. Det du har håpet på er nærmere enn du tror."
"readings","readings.chalices-10.keywords","harmony, family, happiness, emotional fulfillment","harmoni, familie, emosjonell oppfyllelse, lykke"
"readings","readings.chalices-10.meaning","Ten cups arched like a rainbow over a happy family. Emotional completion — love, belonging, the whole picture. This is what it looks like when the heart has everything it needs.","Begrenes tier buer over himmelen som en regnbue av emosjonell oppfyllelse. Varig lykke — den dype, stabile gleden som kommer fra kjærlighet, familie og ekte tilhørighet."
"readings","readings.chalices-10.past","A time of deep emotional fulfillment — family, love, belonging. That experience of wholeness set a standard for what happiness can look like.","En periode med dyp emosjonell oppfyllelse og familieharmoni velsignet livet ditt. Den opplevelsen av tilhørighet satte standarden for hva lykke virkelig betyr."
"readings","readings.chalices-10.present","Emotional abundance surrounds you. Family, love, connection — the full picture. Don't take it for granted. This is the thing people are chasing.","Se på rikdommen av kjærlighet og forbindelse rundt deg. Harmonien du har bygget bærer frukt — dette er lykken du har jobbet mot."
"readings","readings.chalices-10.future","Lasting emotional fulfillment is ahead. Not a fleeting high, but the deep, steady happiness that comes from genuine connection and love.","En tilstand av dyp emosjonell oppfyllelse og harmoni tar form. Kjærligheten, familien og gleden du ser for deg er ikke bare drømmer — de er din kommende virkelighet."
"readings","readings.chalices-page.keywords","creative spark, curiosity, sensitivity, new feelings","kreativ mulighet, nysgjerrighet, emosjonelt budskap, fantasi"
"readings","readings.chalices-page.meaning","A young figure gazes at a cup with a fish leaping from it — surprised and enchanted. New emotional or creative stirrings, the sensitivity of someone just learning to feel deeply.","Begrenes page stirrer med undring på begeret i hånden der noe magisk rører seg. Kreativ inspirasjon og emosjonelle åpninger — nærm deg med barnlig nysgjerrighet."
"readings","readings.chalices-page.past","An early emotional experience awakened something in you. A first crush, a creative discovery, a moment of surprising tenderness.","Et øyeblikk av kreativ eller emosjonell oppdagelse pirret fantasien din. Det første møtet med noe magisk vekket en del av deg som fortsatt skaper."
"readings","readings.chalices-page.present","A new feeling is emerging — tender, unformed, full of possibility. Approach it with curiosity, not skepticism. Let it develop.","Et budskap av emosjonell eller kreativ betydning ankommer. Vær åpen og nysgjerrig — universet sender en invitasjon som taler til hjertet og fantasien."
"readings","readings.chalices-page.future","A message of the heart is coming. New creative inspiration or an emotional surprise that reawakens your sense of wonder.","En herlig kreativ eller emosjonell mulighet er på vei. Hold hjertet åpent og fantasien levende — det som ankommer kan være lite i starten, men rommer enormt potensial."
"readings","readings.chalices-knight.keywords","romance, charm, idealism, imagination","romantikk, sjarm, idealisme, å følge hjertet"
"readings","readings.chalices-knight.meaning","The Knight of Chalices rides slowly, cup extended like an offering. The romantic, the poet, the one who follows the heart without question. Beautiful — just make sure it's grounded in reality.","Begrenes ridder rir fremover på hjertets oppdrag. Styrt av følelse og idealisme forfølger han det som betyr mest med sjarm, hengivenhet og urokkelig romantisk ånd."
"readings","readings.chalices-knight.past","A romantic pursuit or creative passion swept you along. The idealism was genuine, even if reality eventually complicated things.","En romantisk jakt eller idealistisk søken feide gjennom livet ditt med lidenskap og ynde. Den hjertets reise lærte deg kraften i å følge følelsene."
"readings","readings.chalices-knight.present","Follow your heart — but keep one foot on the ground. A romantic or creative opportunity is presenting itself with great charm. Enjoy it, but stay awake.","Følg hjertet ditt med mot og ynde. En romantisk eller kreativ jakt kaller deg fremover — nærm deg den med hengivenheten til en som tror på det umulige."
"readings","readings.chalices-knight.future","A romantic figure or creative opportunity approaches. It will be appealing and heartfelt. Just remember: charm and substance aren't always the same thing.","En romantisk skikkelse eller emosjonell søken nærmer seg. Noen — eller noe — vil ankomme med gaver av sjarm, hengivenhet og den typen skjønnhet bare hjertet kan se."
"readings","readings.chalices-queen.keywords","compassion, emotional depth, intuition, nurturing","emosjonell dybde, medfølelse, intuisjon, omsorg"
"readings","readings.chalices-queen.meaning","The Queen of Chalices sits at the water's edge, holding an ornate cup. She feels everything — and somehow doesn't drown. Deep emotional intelligence, compassion without losing herself.","Begrenes dronning sitter der bevisste og ubevisste farvann møtes. Hennes emosjonelle dybde og intuitive visdom er grenseløs — hun nærer alle som kommer til henne med medfølelse og forståelse."
"readings","readings.chalices-queen.past","A deeply compassionate figure influenced your life — someone who understood emotions intuitively and held space without judgment.","En dypt medfølende tilstedeværelse — kanskje din egen — næret og veiledet gjennom emosjonelle farvann. Den omsorgen og intuitive visdommen former fortsatt hvordan du møter andre."
"readings","readings.chalices-queen.present","Lead with empathy right now. The situation calls for emotional intelligence, not logic. Trust your feelings — they're reading the room better than your mind.","Stol på den emosjonelle dybden din. Din evne til å føle, forstå og nære er din styrke akkurat nå. La medfølelse lede, ikke logikk."
"readings","readings.chalices-queen.future","You're growing into deeper emotional wisdom. The ability to feel deeply without being consumed is developing — and it will serve you well.","En periode der emosjonell visdom og medfølelse blir dine sterkeste verktøy nærmer seg. Omfavn din intuitive side — den vil veilede deg dit du skal."
"readings","readings.chalices-king.keywords","emotional maturity, diplomacy, calm, wisdom","emosjonell modenhet, diplomati, balanse, visdom"
"readings","readings.chalices-king.meaning","The King of Chalices sits on his throne amid turbulent waters, perfectly calm. He feels everything but rules it rather than being ruled by it. Emotional mastery — deep water, steady hand.","Begrenes konge mestrer følelsenes hav uten å drukne i dem. Emosjonell modenhet, klokskap og evnen til å romme andres følelser uten å miste seg selv."
"readings","readings.chalices-king.past","Emotional mastery was learned, likely through difficult experience. Someone — maybe you — learned to navigate deep feelings without capsizing.","Emosjonell modenhet ble vunnet gjennom erfaring — ikke teori. Du lærte å navigere dype farvann med ro og visdom, og den evnen er fortsatt med deg."
"readings","readings.chalices-king.present","Stay calm in the emotional current. You can feel deeply and still make wise decisions. Don't suppress — govern.","Situasjonen krever emosjonell modenhet og diplomati. Hold hodet over vannet, vær den stabile kraften i stormen. Du kan romme dette uten å miste deg selv."
"readings","readings.chalices-king.future","Emotional maturity will be your greatest asset in what's coming. The waters will be deep, but you'll navigate them with skill.","En rolle som krever emosjonell visdom og lederskap nærmer seg. Din evne til å balansere hjerte og hode vil bli avgjørende."
"readings","readings.swords-1.keywords","clarity, breakthrough, truth, new idea","klarhet, gjennombrudd, sannhet, ny innsikt"
"readings","readings.swords-1.meaning","The Ace of Swords cuts through the fog — one blade, one truth. A breakthrough in thinking, a flash of clarity, the moment when confusion parts and you see things as they are.","Sverdenes ess skjærer gjennom tåken med et eneste, avgjørende hugg. Mental klarhet, sannhet, et gjennombrudd. Tankesinnet er skarpt — bruk det til å kutte gjennom forvirringen."
"readings","readings.swords-1.past","A moment of sudden clarity changed everything. An idea, a truth, a realization cut through the noise and gave you direction.","Et øyeblikk av rå klarhet skar gjennom all forvirring og viste deg sannheten. Det mentale gjennombruddet endret hvordan du forstår ting."
"readings","readings.swords-1.present","The truth is available to you right now — sharp and clear. Cut through the confusion. Say what needs to be said. Think clearly.","Sannheten er tilgjengelig akkurat nå — om du tør å se den. Skjær gjennom tåken, vær ærlig, se klart. Sverdets kraft er presisjon."
"readings","readings.swords-1.future","A breakthrough is coming. Mental clarity, a new idea, or a truth you've been circling will suddenly snap into focus.","Et mentalt gjennombrudd nærmer seg. Klarhet vil komme plutselig og skarpt, og kutte gjennom alt som har vært uklart. Vær klar til å handle på det."
"readings","readings.swords-2.keywords","indecision, stalemate, avoidance, difficult choice","beslutningsvegring, pattsituasjon, blokkert sannhet, indre konflikt"
"readings","readings.swords-2.meaning","A blindfolded figure holds two crossed swords, the sea calm behind them. Paralysis by analysis. Two options, no movement. The blindfold isn't ignorance — it's avoidance. Pick a sword.","Sverdenes toer sitter med bind for øynene, to sverd krysset i balanse. En avgjørelse unngås, sannhet blokkeres. Du vet hva du må velge — du vil bare ikke se det ennå."
"readings","readings.swords-2.past","A period of indecision kept you stuck. You couldn't — or wouldn't — choose, and the stalemate cost you time.","En avgjørelse ble utsatt, og stillstanden tvang deg til å sitte med ubehaget. Den perioden med blindhet lærte deg at å ikke velge også er et valg."
"readings","readings.swords-2.present","You're avoiding a decision. The two options aren't going to resolve themselves. Remove the blindfold and choose.","Du holder to motstridende sannheter i balanse og nekter å velge. Ta av bindene. Ubehaget ved å velge er ingenting mot ubehaget ved å stå stille."
"readings","readings.swords-2.future","A difficult choice is ahead. The temptation will be to avoid it, to stay balanced between two sides. Don't. Choose and move.","En beslutning du har unngått vil tvinge seg frem. Jo lenger du venter, jo tyngre blir sverdene. Velg før valget blir tatt for deg."
"readings","readings.swords-3.keywords","heartbreak, sorrow, grief, painful truth","hjertebrudd, sorg, smerte, svik"
"readings","readings.swords-3.meaning","Three swords through a heart. There's no gentle way to read this — it's pain. Heartbreak, betrayal, a truth that cuts. But the rain clears. This is the wound, not the whole story.","Sverdenes treer treffer rett i hjertet. Smerte, svik, sorg — dette er rått og ekte. Det er ikke tid for å pynte på det. Anerkjenn smerten slik at den kan begynne å hele."
"readings","readings.swords-3.past","A deep hurt — betrayal, heartbreak, or a painful truth — left its mark. The wound may have healed, but the scar taught you something.","Et hjertebrudd eller svik etterlot et arr som fortsatt merkes. Den smerten var formende — den lærte deg noe om tillit, sårbarhet eller dine egne grenser."
"readings","readings.swords-3.present","Something is causing real pain. Don't minimize it or rush past it. Feel it fully, then let it begin to heal.","Noe har gjort vondt, og det er ingen snarvei rundt det. Kjenn på smerten, ikke flykt. Helbredelse begynner med å anerkjenne det som faktisk skjedde."
"readings","readings.swords-3.future","A painful experience is ahead. It will hurt, but it will also be honest. Better a clean cut than a slow rot.","En smertefull sannhet eller et tap kan ligge foran. Det vil gjøre vondt, men det vil også rense. Det som brytes ned nå gjør plass for noe sterkere."
"readings","readings.swords-4.keywords","rest, recovery, contemplation, retreat","hvile, restitusjon, tilbaketrekning, mental pause"
"readings","readings.swords-4.meaning","A figure lies on a stone slab, three swords on the wall, one beneath. Rest after battle. This isn't laziness — it's necessary recovery. Put down the sword. Your mind needs silence.","Sverdenes firer ligger i stille hvile — sverdene hengt opp, hendene foldet. Etter kamp trenger sinnet ro. Dette er ikke latskap, det er nødvendig restitusjon."
"readings","readings.swords-4.past","A period of forced or chosen rest followed a difficult time. That pause was more productive than it felt — the mind healed in the quiet.","En periode med påtvunget eller valgt hvile ga sinnet ditt muligheten til å hele. Den stillheten var ikke dødtid — den var gjenoppbygging."
"readings","readings.swords-4.present","Rest. You've been fighting — mentally, emotionally, or both. The battle can wait. Recover your strength before the next round.","Du trenger pause. Sinnet ditt har jobbet for hardt, og fortsatt press vil ikke gi klarhet. Legg ned sverdene. Hvil. Svarene kommer når du har sovet på det."
"readings","readings.swords-4.future","A period of necessary retreat is coming. Don't resist it. The recovery will prepare you for what follows.","En periode med nødvendig hvile og mental restitusjon nærmer seg. Ikke kjemp imot den — sinnet ditt forbereder seg på noe som krever at du er uthvilt."
"readings","readings.swords-5.keywords","conflict, defeat, hostility, winning at cost","konflikt, nederlag, uærlighet, rivalisering"
"readings","readings.swords-5.meaning","Five swords, a smirking victor, defeated figures walking away. Someone won — but at what cost? This card asks: was the victory worth the damage? Winning isn't always winning.","Sverdenes femmer viser en seier som smaker bittert. Noen vinner, men til hvilken pris? Konflikt, manipulasjon, kanskje uærlighet. Spør deg selv om kampen faktisk er verdt å vinne."
"readings","readings.swords-5.past","A conflict left wreckage. Someone won, someone lost, and the aftermath was bitter. The victory may have cost more than it was worth.","En konflikt eller et nederlag etterlot en bitter smak. Enten du vant eller tapte — lærdommen handlet om hva som ofres i kamp."
"readings","readings.swords-5.present","A conflict is playing out. Before you fight to win, ask yourself what you're actually gaining — and what you're destroying in the process.","Konflikt pågår, og ikke alle spiller rettferdig. Velg kampene dine. Noen seiere koster mer enn de er verdt, og noen nederlag er faktisk befrielse."
"readings","readings.swords-5.future","A confrontation is ahead. Pick your battles carefully. Some fights aren't worth the prize, and some victories leave you emptier than defeat.","En konflikt eller maktspill nærmer seg. Vær strategisk, ikke naiv. Kjenn forskjellen på en kamp verdt å ta og en du bør la ligge."
"readings","readings.swords-6.keywords","transition, moving on, leaving behind, recovery","overgang, endring, forlate det vanskelige, gradvis bedring"
"readings","readings.swords-6.meaning","A boatman carries passengers and six swords across calm water. Moving away from something difficult — not running, but deliberately leaving rough waters behind. The journey isn't over, but the worst is.","Sverdenes sekser seiler mot roligere farvann. Etter storm og konflikt — en nødvendig overgang. Det er ikke over ennå, men det verste er bak deg. Hold kursen."
"readings","readings.swords-6.past","You moved on from a painful situation. The departure was quiet and necessary — carrying your burdens to calmer shores.","Du forlot en vanskelig situasjon og beveget deg mot tryggere grunn. Den overgangen — kanskje sakte og smertefull — var begynnelsen på noe bedre."
"readings","readings.swords-6.present","It's time to leave a difficult situation behind. Not dramatically — just get in the boat and go. Calmer waters are ahead.","Du er i bevegelse bort fra det vanskelige. Det er ikke umiddelbar lettelse, men retningen er riktig. Fortsett å ro — roligere vann er foran."
"readings","readings.swords-6.future","A transition away from difficulty is coming. It will be gradual, not sudden, but the direction is toward peace.","En overgang til roligere tider er på vei. Etter det du har vært gjennom, vil vannet snart bli stillere. Reisen er ikke over, men det verste er passert."
"readings","readings.swords-7.keywords","deception, strategy, stealth, getting away with it","bedrag, strategi, uortodoks tilnærming, skjulte motiver"
"readings","readings.swords-7.meaning","A figure sneaks away with five swords, two still planted in the ground. Cleverness or theft? Strategy or deception? This card doesn't judge — it just asks: are you being smart, or are you being dishonest?","Sverdenes syver sniker seg av gårde med noe som kanskje ikke tilhører ham. List, strategi, skjulte motiver. Noen ganger er det deg — noen ganger er det noen rundt deg. Se skarpt."
"readings","readings.swords-7.past","Someone took a shortcut — maybe you, maybe someone else. It worked at the time, but the ethics of it still linger.","En situasjon krevde uortodoks tenkning — eller noen lurte deg. Uansett lærte du at ikke alle spiller åpent, og at strategi noen ganger slår ærlig kraft."
"readings","readings.swords-7.present","Check your strategy. There's a fine line between clever and deceptive. If you have to sneak, ask yourself why.","Noe er ikke helt som det ser ut. Sjekk motivene — dine egne og andres. Strategi er greit, men vit hvor grensen mellom kløkt og bedrag går."
"readings","readings.swords-7.future","Someone may not be playing straight with you — or you'll be tempted to cut corners. Keep your integrity intact, even when nobody's watching.","En situasjon som krever strategisk tenkning nærmer seg. Vær klok, men ærlig. Veien som ser ut som en snarvei kan koste deg mer enn den sparer."
"readings","readings.swords-8.keywords","restriction, imprisonment, powerlessness, self-imposed limits","begrensning, fangenskap, maktesløshet, offerrolle"
"readings","readings.swords-8.meaning","Eight swords surround a bound, blindfolded figure. It looks hopeless — but look closer. The bindings are loose. The path out is open. The prison is mostly in the mind.","Sverdenes åtter står bundet og med bind for øynene, omgitt av sverd. Fanget — men mer i sinnet enn i virkeligheten. Begrensningene du føler er mer selvpålagte enn du tror."
"readings","readings.swords-8.past","You felt trapped — by circumstances, by people, by your own thoughts. But the cage was never as locked as it seemed.","Du følte deg fanget i en situasjon som virket umulig å komme ut av. Den følelsen av maktesløshet var reell, men hindringene var ofte mer mentale enn fysiske."
"readings","readings.swords-8.present","You're more stuck in your head than in reality. The restrictions you're feeling are at least partly self-imposed. Open your eyes — the way out exists.","Du føler deg bundet, men tauene er løsere enn du tror. Det som holder deg fast er tankemønstre, ikke faktiske murer. Begynn å røre deg — du kan komme deg ut."
"readings","readings.swords-8.future","A situation will make you feel powerless. Before you accept defeat, look again. The constraints aren't as real as they appear.","En følelse av fangenskap kan komme, men husk: det meste av det som binder er illusjon. Øyeblikket du innser det, begynner frigjøringen."
"readings","readings.swords-9.keywords","anxiety, worry, nightmares, despair","angst, mareritt, bekymring, nattlig uro"
"readings","readings.swords-9.meaning","A figure sits up in bed, head in hands, nine swords on the wall behind them. The three AM card. Anxiety, racing thoughts, the kind of worry that wakes you up. Most of what you fear won't happen — but the fear is real.","Sverdenes nier sitter oppreist i sengen, hodet i hendene, sverdene hengende over. Angst, søvnløse netter, bekymringer som kverner. Det meste av det du frykter vil aldri skje — men frykten er virkelig nok."
"readings","readings.swords-9.past","A period of intense worry or sleepless nights took its toll. The anxiety was disproportionate to the actual threat, but it felt crushing at the time.","En periode med intens angst eller bekymring holdt deg våken. De mentale sverdene var skarpe, men de fleste av dem traff aldri. Leksjonen: sinnet kan være sin egen fiende."
"readings","readings.swords-9.present","Your mind is torturing you. The fears feel enormous in the dark — but most of them are shadows. Daylight will shrink them. Hold on.","Bekymringene tynger, og nettene er lange. Men se nøye — mye av det du frykter er mentale konstruksjoner. Skille det virkelige fra det innbilte. Snakk med noen."
"readings","readings.swords-9.future","Anxiety may spike ahead. Remember: the nine swords are on the wall, not in your body. The fear is real, but the danger may not be.","En periode med mental uro kan nærme seg. Forbered deg ved å bygge verktøy for å håndtere angst. Det verste scenariet i hodet ditt er sjelden det som faktisk skjer."
"readings","readings.swords-10.keywords","ending, rock bottom, betrayal, total defeat","bunn, slutt på lidelse, total overgivelse, ny start"
"readings","readings.swords-10.meaning","Ten swords in the back — the most dramatic card in the deck. Complete ending, total defeat. But here's the thing: after ten swords, there are no more swords. The worst is over. There's nowhere to go but up.","Sverdenes tier ligger med ansiktet ned, ti sverd i ryggen. Bunnen er nådd. Det er brutalt, men det er også over — det kan bare gå oppover herfra. Solen stiger ved horisonten."
"readings","readings.swords-10.past","Something ended catastrophically. Betrayal, collapse, hitting the absolute bottom. It was terrible — and it was the end of that chapter, not your story.","Du nådde et absolutt bunnpunkt. Den erfaringen var knusende, men den markerte også slutten. Fra det punktet begynte alt å bevege seg oppover."
"readings","readings.swords-10.present","This is the worst of it. Right now. The good news is that it can't get worse, which means it can only get better. Let the old thing die completely.","Det føles som alt har kollapset. Men legg merke til dette: solen stiger. Det verste er over. Du trenger ikke kjempe mer — bare overgi deg og la en ny start komme."
"readings","readings.swords-10.future","A painful ending is ahead. It will feel like too much. But this is the clearing — dramatic, final, and ultimately liberating.","En vanskelig avslutning kan ligge foran, men den bringer med seg frihet. Noen ganger må alt falle for at noe helt nytt skal kunne bygges. Bunnen er bare et vendepunkt."
"readings","readings.swords-page.keywords","curiosity, mental agility, new ideas, vigilance","nysgjerrighet, ny idé, årvåkenhet, ærlig tale"
"readings","readings.swords-page.meaning","A young figure holds a sword aloft, standing on rough ground, watching the sky. Sharp mind, restless curiosity, eager to cut through to the truth. Just needs a bit more experience to wield the blade well.","Sverdenes page holder sverdet med iver og nysgjerrighet — klar til å skjære gjennom, ivrig etter sannhet. En ny idé, et nytt perspektiv, en villighet til å stille de vanskelige spørsmålene."
"readings","readings.swords-page.past","A moment of intellectual awakening — a new idea or a challenging truth that got your mind racing. That curiosity opened doors.","Et øyeblikk av intellektuell oppdagelse eller ærlig konfrontasjon åpnet øynene dine. Den skarpe nysgjerrigheten du viste den gangen er fortsatt et av dine sterkeste verktøy."
"readings","readings.swords-page.present","Stay mentally sharp. New information is coming and you'll need to think fast. Be curious, be alert, but don't jump to conclusions.","En ny idé eller innsikt banker på. Vær skarp, vær nysgjerrig, vær villig til å si det ingen andre sier. Sannheten trenger en stemme — la det være din."
"readings","readings.swords-page.future","News or a new perspective is on its way. It will challenge your thinking — in a good way. Stay open and keep your mind nimble.","Et budskap eller en innsikt av mental karakter er på vei. Hold sinnet åpent og skarpt — det som kommer kan endre hvordan du tenker om ting."
"readings","readings.swords-knight.keywords","ambition, speed, direct action, aggression","handlekraft, intellektuell energi, hastverk, direkte tale"
"readings","readings.swords-knight.meaning","The Knight of Swords charges at full speed, blade raised, no hesitation. Fast thinking, fast action, decisive and unstoppable. Effective — but sometimes the charge happens before the thinking.","Sverdenes ridder stormer fremover med sverdet hevet — rask, direkte, noen ganger hensynsløs. Intellektuell kraft i bevegelse. Effektivt, men pass på at du ikke kutter ned det du burde spart."
"readings","readings.swords-knight.past","A rushed decision or aggressive action got results — but not without collateral damage. Speed is a strength until it isn't.","En periode med rask, avgjørende handling — eller noen som stormet inn med klar tale og skarpe meninger — preget retningen din. Den kraften var effektiv, men kanskje ikke alltid nennsom."
"readings","readings.swords-knight.present","Move quickly and decisively. The situation calls for sharp action, not deliberation. Just make sure you're charging toward the right target.","Handle raskt og avgjørende. Situasjonen krever direkte kommunikasjon og intellektuell styrke. Men temper hastverket — noen ganger gjør fart at du overser viktige detaljer."
"readings","readings.swords-knight.future","Something will demand fast, decisive action. You'll need to think and move simultaneously. Trust your instincts but watch your aim.","En rask, avgjørende kraft er på vei inn i livet ditt. Enten det er deg selv eller noen andre — det vil skje fort. Vær klar, men vær også forberedt på at det kan rokke ved ting."
"readings","readings.swords-queen.keywords","clarity, independence, perception, direct communication","klarhet, uavhengighet, skarpt intellekt, grensesetting"
"readings","readings.swords-queen.meaning","The Queen of Swords sits with blade raised, face clear and unreadable. She's been through pain and emerged sharper for it. Clear thinking, direct speech, zero tolerance for nonsense.","Sverdenes dronning sitter med klar blikk og løftet sverd. Skarp tanke, emosjonell uavhengighet og evnen til å se gjennom alt vrøvl. Hun skjærer bort det unødvendige med kirurgisk presisjon."
"readings","readings.swords-queen.past","Experience — likely painful — honed your ability to see through pretense. That clarity was earned the hard way and it serves you well.","En skarp, uavhengig tilnærming — din egen eller noen andres — skar gjennom emosjonelt kaos og ga klarhet. Den intellektuelle ærligheten var smertelig, men nødvendig."
"readings","readings.swords-queen.present","Think clearly. Speak directly. The situation needs honesty, not diplomacy. Cut through the noise and say exactly what you mean.","Tenk klart. Fjern emosjonelt støy og se saken for hva den er. Sett grenser uten unnskyldning. Din skarpe tanke er din mest verdifulle ressurs akkurat nå."
"readings","readings.swords-queen.future","You'll need to channel cold clarity ahead. Emotions will be running high around you, but your ability to see the truth plainly will be your greatest asset.","En situasjon som krever klarhet og emosjonell uavhengighet nærmer seg. Du vil trenge evnen til å se gjennom illusjoner og kommunisere sannheten direkte."
"readings","readings.swords-king.keywords","authority, intellect, truth, analytical power","intellektuell autoritet, rettferdighet, klar kommunikasjon, objektivitet"
"readings","readings.swords-king.meaning","The King of Swords holds his blade upright — judgment, authority, intellectual command. He makes decisions with his head, not his heart. Fair, sharp, and not easily fooled.","Sverdenes konge dømmer med klar logikk og rettferdig autoritet. Emosjonene legges til side til fordel for sannhet og rettferdighet. Noen ganger er den vennligste handlingen å være brutalt ærlig."
"readings","readings.swords-king.past","An authority figure or your own analytical mind cut through confusion and imposed order. That intellectual clarity shaped outcomes decisively.","En autoritetsfigur eller en periode der klar logikk styrte, formet din tilnærming til sannhet og rettferdighet. Den intellektuelle disiplinen har blitt en del av deg."
"readings","readings.swords-king.present","Lead with logic. The situation demands clear, rational thinking and fair judgment. Leave emotion at the door and decide with your mind.","Situasjonen krever objektiv tenkning og klar kommunikasjon. Legg følelsene til side for nå — sannheten tjener deg bedre enn trøst. Vær rettferdig, vær klar, vær direkte."
"readings","readings.swords-king.future","A decision requiring sharp intellect and impartial judgment is ahead. Trust your analytical ability — it's up to the task.","En rolle som krever intellektuell autoritet og rettferdighet nærmer seg. Din evne til å tenke klart og kommunisere presist vil bli satt på prøve — og bevist."
"readings","readings.pentacles-1.keywords","opportunity, prosperity, new venture, manifestation","ny mulighet, velstand, materiell start, potensial"
"readings","readings.pentacles-1.meaning","A golden coin in an outstretched hand, emerging from a cloud. A material opportunity — money, a job, a venture. It's being offered, but you'll need to do something with it. Potential doesn't spend itself.","Pentaklenes ess holder en gyllen mynt i en åpen hånd — en ny materiell mulighet. Arbeid, penger, helse, noe konkret og verdifullt som tilbys. Grip det."
"readings","readings.pentacles-1.past","An opportunity presented itself — financial, professional, or material. What you did with that seed determined a lot about where you are now.","En materiell mulighet ble gitt, og det du gjorde med den la grunnlaget for der du er nå. Den begynnelsen — uansett hvor liten — var reell og verdifull."
"readings","readings.pentacles-1.present","A tangible opportunity is in your hands. A new venture, a financial prospect, something solid. Don't just admire it — plant it.","En ny mulighet av materiell karakter tilbys deg. Det kan være en jobb, et prosjekt, en investering. Det er solid og ekte — ta imot det og bygg på det."
"readings","readings.pentacles-1.future","A material opportunity is coming. Money, work, or a practical venture. Be ready to act on it when it arrives.","En verdifull materiell mulighet nærmer seg. Hold øynene åpne og hendene klare — det som kommer har konkret verdi og potensial for vekst."
"readings","readings.pentacles-2.keywords","balance, adaptability, juggling priorities, time management","balansering, prioritering, tilpasning, sjonglering"
"readings","readings.pentacles-2.meaning","Two coins juggled in a figure-eight — the infinity loop. Multiple demands, limited hands. This card is about managing competing priorities without dropping anything. Flexible, but stretched.","Pentaklenes toer jonglerer to mynter i en evig dans. Balanse mellom forpliktelser, ressurser, prioriteringer. Du har mye i luften — og det krever ferdighet å holde det gående."
"readings","readings.pentacles-2.past","You juggled multiple demands and somehow kept everything in the air. That balancing act was exhausting but taught you adaptability.","Du jonglerte mange forpliktelser og klarte på et vis å holde balansen. Den erfaringen med å tilpasse seg og prioritere har gjort deg mer fleksibel enn du tror."
"readings","readings.pentacles-2.present","You're managing too many things at once. It's working for now, but something will drop if you don't prioritize. Choose what matters most.","Du balanserer mye akkurat nå. Ikke prøv å gjøre alt perfekt — fokuser på å holde de viktigste ballene i luften. Fleksibilitet slår perfeksjon."
"readings","readings.pentacles-2.future","Multiple demands will compete for your attention. You'll need to be flexible and strategic about where your energy goes.","En periode med økt sjonglering er på vei. Nye forpliktelser vil kreve at du prioriterer skarpt. Du er mer kapabel enn du tror — stol på evnen din til å tilpasse deg."
"readings","readings.pentacles-3.keywords","teamwork, craftsmanship, collaboration, skill building","håndverk, mestring, samarbeid, kvalitetsarbeid"
"readings","readings.pentacles-3.meaning","Three figures working on a cathedral — each contributing their skill to something larger. Collaboration, craftsmanship, the satisfaction of building something real with others. The work matters.","Pentaklenes treer arbeider med flid og presisjon — mester i sitt fag. Kvalitetsarbeid, samarbeid, å bygge noe som varer. Ferdighetene dine blir lagt merke til."
"readings","readings.pentacles-3.past","Collaboration produced something lasting. Working alongside others — each bringing their skills — created something none of you could have built alone.","En periode med hardt, dedikert arbeid la et håndverksmessig fundament. Det du bygde med omsorg og ferdighet viser fortsatt sin kvalitet."
"readings","readings.pentacles-3.present","This is teamwork time. Bring your skills to the table and trust others to bring theirs. The project is bigger than any one person.","Nå handler det om å gjøre jobben ordentlig. Kutt ikke hjørner. Samarbeid med andre, utvikl ferdighetene dine, bygg noe du kan være stolt av. Kvalitet lønner seg."
"readings","readings.pentacles-3.future","A collaborative effort is forming. Your specific skills will be valued and needed. The work ahead is meaningful — commit to it.","Anerkjennelse for arbeidet ditt er på vei. Ferdighetene du utvikler nå blir lagt merke til, og det åpner dører du ikke forventet."
"readings","readings.pentacles-4.keywords","security, control, possessiveness, hoarding","trygghet, kontroll, gjerrighet, å holde fast"
"readings","readings.pentacles-4.meaning","A figure clutches four coins — one under each foot, one on the head, one in the arms. Holding on tight. Security is good, but this is grip, not stewardship. What are you so afraid of losing?","Pentaklenes firer klamrer seg til myntene sine med jerngrep. Sikkerhet og stabilitet — men til hvilken pris? Noen ganger blir behovet for kontroll til et fengsel. Vurder hva du mister ved å holde så hardt."
"readings","readings.pentacles-4.past","A period of holding on too tightly — to money, to security, to control. The fear of loss made you rigid when flexibility was needed.","En periode med sterk kontroll over ressurser ga trygghet, men begrenset også flyten. Du lærte at sikkerhet er verdifullt — men at å klamre seg fast kveler vekst."
"readings","readings.pentacles-4.present","You're gripping too hard. The desire for security has become possessiveness. Loosen your hold — what's truly yours won't leave.","Du holder for hardt. Behovet for sikkerhet er forståelig, men se om du stenger ute muligheter sammen med risiko. Noen ganger er det tryggeste du kan gjøre å slippe litt."
"readings","readings.pentacles-4.future","Be careful of becoming too attached to material security. Some generosity or openness will serve you better than a clenched fist.","En situasjon vil utfordre forholdet ditt til kontroll og sikkerhet. Å holde fast vil ikke tjene deg — vurder hva du kan slippe for å la noe nytt vokse."
"readings","readings.pentacles-5.keywords","hardship, poverty, isolation, worry","mangel, vanskeligheter, utenforskap, materiell krise"
"readings","readings.pentacles-5.meaning","Two figures in the snow, barefoot, passing a lit church window. Material hardship, feeling left out in the cold. The help may be closer than it looks — but you have to be willing to ask for it.","Pentaklenes femmer viser to skikkelser ute i kulden, forbigått. Materiell mangel, følelsen av å være utenfor, vanskelige tider. Men legg merke til lyset i vinduet — hjelp finnes, om du ber om den."
"readings","readings.pentacles-5.past","A period of real hardship — financial, physical, or both. The isolation was painful, and recovery took time and humility.","En periode med materiell vanskelighet eller utenforskap preget deg. Den erfaringen var hard, men den lærte deg noe om hva som virkelig betyr noe — og hvem som stiller opp."
"readings","readings.pentacles-5.present","Things are lean right now. You may feel left out in the cold. But look around — support exists. Pride might be the only thing keeping you from it.","Ting er trangt. Ressurser, helse, eller tilhørighet føles mangelfull. Men se deg rundt — støtte er tilgjengelig, selv om stolthet kan gjøre det vanskelig å be om hjelp."
"readings","readings.pentacles-5.future","A difficult stretch is ahead materially. Prepare where you can, and don't be too proud to ask for help when you need it.","En periode med materiell utfordring kan ligge foran. Forbered deg der du kan, men viktigst — vit at det er midlertidig. Hjelp vil finnes for den som søker den."
"readings","readings.pentacles-6.keywords","generosity, charity, giving, receiving, balance of resources","generøsitet, deling, balanse i gi og ta, velgjørenhet"
"readings","readings.pentacles-6.meaning","A wealthy figure distributes coins to those in need — scales in one hand, coins in the other. Giving and receiving, the flow of resources. This card asks: are you the giver or the receiver? Either is fine.","Pentaklenes sekser deler ut mynter — noen mottar, noen gir. Generøsitet, velgjørenhet, balansen mellom å gi og å motta. Ekte rikdom måles i hva du deler, ikke hva du hamstrer."
"readings","readings.pentacles-6.past","An act of generosity — given or received — made a real difference. That exchange of resources was more meaningful than the amount suggested.","En erfaring med å gi eller motta generøsitet preget verdiene dine. Enten du var giveren eller mottakeren — den utvekslingen lærte deg noe om ekte verdi."
"readings","readings.pentacles-6.present","Resources are flowing. If you have enough, share. If you need help, accept it gracefully. The balance of giving and receiving is the point.","Vurder balansen mellom å gi og å ta i livet ditt. Generøsitet kaller — men vær sikker på at flyten går begge veier. Sunn utveksling nærer begge parter."
"readings","readings.pentacles-6.future","Generosity will play a role ahead — either yours or someone else's. The flow of resources is shifting in a direction that benefits you.","En mulighet til å gi eller motta noe verdifullt nærmer seg. Vær åpen for begge retninger — ekte velstand handler om flyt, ikke opphoping."
"readings","readings.pentacles-7.keywords","patience, perseverance, investment, long-term view","tålmodighet, investering, langsiktig arbeid, evaluering"
"readings","readings.pentacles-7.meaning","A figure leans on a hoe, looking at seven coins growing on a bush. Waiting. The investment has been made, the work has been done — now it's about patience. You can't rush a harvest.","Pentaklenes syver lener seg på spaden og ser på det som vokser. Frøene er sådd, men høsten er ikke ennå. Tålmodighet. Vurder om innsatsen gir den avkastningen du forventet."
"readings","readings.pentacles-7.past","A long investment of time and effort eventually bore fruit. The waiting was hard, but the result proved it was worth it.","Du investerte tid og krefter i noe langsiktig. Noen ganger ga det uttelling, andre ganger ikke. Uansett lærte du verdien av tålmodighet og å evaluere underveis."
"readings","readings.pentacles-7.present","The seeds are planted, the work is done. Now you wait. Don't dig up the garden to check if it's growing — trust the process.","Du har jobbet hardt, og nå er det naturlig å stoppe opp og vurdere. Gir dette det du håpet? Om ikke — juster kursen. Om ja — vær tålmodig, det modnes."
"readings","readings.pentacles-7.future","A reward is coming, but not immediately. The investment you're making now — in work, in skills, in patience — will pay off. Give it time.","Resultatene av langsiktig innsats begynner å vise seg. Det kan ta tid, men det som er plantet med omhu bærer frukt. Fortsett — ikke gi opp nå."
"readings","readings.pentacles-8.keywords","diligence, skill development, craftsmanship, dedication","dedikasjon, ferdighetsutvikling, flid, mesterskap"
"readings","readings.pentacles-8.meaning","A figure carefully carves coin after coin — focused, skilled, methodical. This is the apprentice card. Mastery through repetition, improvement through dedication. The work isn't glamorous, but it's building something real.","Pentaklenes åtter sitter bøyd over arbeidsbenken og skaper mynt etter mynt med tålmodig presisjon. Dedikert arbeid, ferdighetsutvikling, den stille tilfredsheten ved å mestre et fag."
"readings","readings.pentacles-8.past","A period of dedicated practice and skill-building laid the foundation for your abilities. That diligence — day after day — created real competence.","En periode med intens dedikasjon og ferdighetsbygging formet evnene dine. Det møysommelige arbeidet var ikke glamorøst, men det la et solid grunnlag."
"readings","readings.pentacles-8.present","Put your head down and do the work. This isn't the time for shortcuts or big leaps — it's the time for steady, focused effort. Mastery comes from repetition.","Arbeid nøyaktig og tålmodig. Mesterskap kommer ikke over natten — det bygges mynt for mynt. Ikke se deg blindt på resultater, men gled deg over prosessen."
"readings","readings.pentacles-8.future","A period of intense skill-building is ahead. It will require dedication and focus, but the competence you develop will be a lasting asset.","Ferdighetene du utvikler nå er i ferd med å bli virkelig verdifulle. Fortsett det dedikerte arbeidet — mesterskapet nærmer seg, og det vil åpne dører."
"readings","readings.pentacles-9.keywords","luxury, self-sufficiency, financial security, accomplishment","overflod, selvstendighet, luksus, velfortjent suksess"
"readings","readings.pentacles-9.meaning","A figure stands in a lush garden, a bird on her hand, nine coins behind her. She built this. Self-made comfort, material security earned through effort. Enjoy what you've created.","Pentaklenes nier står i en frodig hage omgitt av modenhet og overflod. Selvstendighet, materiell komfort, velfortjent suksess. Du har bygget dette — nyt det uten skyldfølelse."
"readings","readings.pentacles-9.past","Through your own effort, you created comfort and security. That self-sufficiency was hard-won and deserved.","En tid med materiell suksess og selvstendighet viste deg hva hardt arbeid kan føre til. Den overfloden du oppnådde var velfortjent og formende."
"readings","readings.pentacles-9.present","You've built something solid. Take a moment to enjoy the garden you've cultivated. Self-sufficiency feels good — let yourself appreciate it.","Se deg rundt — du har mer enn du gir deg selv kredit for. Nyt det du har bygget. Selvstendighet og komfort er ikke grådighet, det er frukten av innsats."
"readings","readings.pentacles-9.future","Financial security and comfort are building. What you've been working toward is materializing. The garden is almost in full bloom.","Materiell suksess og selvstendighet er på vei. Det du har investert tid og energi i begynner å gi avkastning. Du fortjener det."
"readings","readings.pentacles-10.keywords","legacy, inheritance, family wealth, long-term success","arv, familie, varig velstand, generasjoner"
"readings","readings.pentacles-10.meaning","Ten coins arranged around a family gathered at an estate. This is generational — wealth, legacy, something built to last beyond you. The ultimate card of material completion.","Pentaklenes tier viser velstand som strekker seg over generasjoner. Familie, arv, noe bygget for å vare. Det handler ikke bare om deg — det handler om hva du etterlater."
"readings","readings.pentacles-10.past","Something was passed down — an inheritance, a family tradition, a foundation built by those before you. That legacy still supports your life.","En arv — materiell eller verdimessig — ble overlevert til deg og former grunnlaget du står på. Noen bygde noe varig, og du nyter godt av det."
"readings","readings.pentacles-10.present","Think long-term. What you're building now isn't just for you — it's for those who come after. Family, legacy, lasting impact.","Tenk langsiktig. Det du bygger nå handler ikke bare om deg — det handler om hva som blir stående når du er ferdig. Invester i noe som varer."
"readings","readings.pentacles-10.future","Lasting wealth or a meaningful legacy is forming. What you create now will outlive the moment. Build with permanence in mind.","En arv tar form. Det du skaper nå vil vare utover deg selv — materiell trygghet, verdier, eller et fundament som bærer de som kommer etter."
"readings","readings.pentacles-page.keywords","ambition, studiousness, new opportunity, practical planning","ny ferdighet, studentmentalitet, praktisk start, læring"
"readings","readings.pentacles-page.meaning","A young figure holds a single coin up to the light, studying it carefully. The student of the material world — practical, curious, ready to learn. A new financial or career opportunity is being examined.","Pentaklenes page studerer mynten i hånden med konsentrert undring. En nybegynner med praktisk instinkt — klar til å lære, villig til å starte fra bunnen."
"readings","readings.pentacles-page.past","An early opportunity in work or money sparked your practical ambitions. That first taste of building something real set you on your path.","Et praktisk læringsøyeblikk — en ny ferdighet, et første forsøk — la grunnlaget for evner du fortsatt bruker. Den ydmyke starten var viktigere enn den så ut."
"readings","readings.pentacles-page.present","A new opportunity to learn or earn is in front of you. Study it carefully before committing. The ambition is right — make sure the plan is too.","Vær villig til å lære. Et nytt praktisk område åpner seg for deg, og den beste tilnærmingen er nybegynnerens åpne sinn. Start fra bunnen — det er der mesterskap begynner."
"readings","readings.pentacles-page.future","Good news about money, work, or education is coming. It's an entry point, not a windfall — the real value is in what you learn.","En praktisk læringsmulighet nærmer seg. Det vil kreve ydmykhet og tålmodighet, men ferdigheten du utvikler vil vise seg svært verdifull."
"readings","readings.pentacles-knight.keywords","reliability, hard work, routine, patience","pålitelighet, utholdenhet, metodisk arbeid, standhaftighet"
"readings","readings.pentacles-knight.meaning","The Knight of Pentacles rides slowly and steadily — the only knight who isn't charging. Reliable, methodical, gets it done. Not flashy, but the person you actually want on the job.","Pentaklenes ridder rir sakte og stødig fremover — ingen dramatikk, bare jevn, pålitelig fremgang. Metodisk, tålmodig, utholdende. Ikke den mest spennende kraften, men den mest pålitelige."
"readings","readings.pentacles-knight.past","Steady, unglamorous effort produced solid results. Someone — maybe you — just kept showing up and doing the work day after day.","Jevn, pålitelig innsats over tid brakte resultater som ingen sprint kunne matchet. Den stille utholdenheten du viste var mer verdifull enn du innså."
"readings","readings.pentacles-knight.present","Slow and steady. This isn't the time for dramatic action — it's the time for reliable, consistent effort. Show up, do the work, repeat.","Fremgang skjer sakte men sikkert. Ikke la deg friste av snarveier — det er den jevne, metodiske innsatsen som bringer deg i mål. Fortsett."
"readings","readings.pentacles-knight.future","Progress will come through patience, not speed. The methodical approach will outperform the dramatic one. Trust the process.","Resultatene av tålmodig, utholdende arbeid vil snart materialisere seg. Stol på prosessen — den langsomme veien er den sikre veien."
"readings","readings.pentacles-queen.keywords","practical nurturing, financial savvy, comfort, abundance","praktisk visdom, overflod, omsorg, jordnær rikdom"
"readings","readings.pentacles-queen.meaning","The Queen of Pentacles sits in a lush garden, holding a gold coin, surrounded by abundance she cultivated herself. Practical, generous, grounded. She knows how to make things grow — money, gardens, people.","Pentaklenes dronning sitter i en frodig hage og forvalter rikdommen sin med varm, praktisk klokskap. Hun vet at ekte trygghet kommer fra å nære det som vokser, ikke fra å kontrollere det."
"readings","readings.pentacles-queen.past","A practical, nurturing figure shaped your material world — someone who knew how to create abundance through common sense and care.","En jordnær, klok tilnærming til materiell trygghet — din egen eller noen andres — skapte et fundament av ekte overflod. Den omsorgsfulle forvaltningen bar frukt."
"readings","readings.pentacles-queen.present","Take a grounded approach. Nurture what you have, manage your resources wisely, and create comfort from the practical. Abundance comes from attentive care.","Stol på din praktiske visdom. Du vet hvordan du skaper trygghet og nærer vekst. Forvalte ressursene dine med varme og klokskap — overflod følger omsorg."
"readings","readings.pentacles-queen.future","Material abundance is growing through practical wisdom. Your ability to nurture resources — financial or otherwise — will produce real results.","En periode der praktisk klokskap og omsorgsfullt lederskap blir nøkkelen. Din evne til å forvalte og nære det som vokser vil skape varig rikdom."
"readings","readings.pentacles-king.keywords","wealth, business sense, discipline, security","materiell suksess, lederskap, forvaltning, velstand"
"readings","readings.pentacles-king.meaning","The King of Pentacles sits on a throne decorated with bulls, gold coin in hand, vineyards behind him. He built the empire. Disciplined, prosperous, and knows the value of everything. Material mastery.","Pentaklenes konge sitter trygt på sin trone, omgitt av bevis på velstand han har bygget stein for stein. Materiell suksess gjennom disiplin, tålmodighet og klok forvaltning."
"readings","readings.pentacles-king.past","Financial discipline or business acumen — yours or someone else's — built a foundation of real security. That success was earned through strategy and patience.","Materiell suksess ble bygget gjennom disiplinert, langsiktig innsats. Den forvaltningen og det lederskapet — enten ditt eget eller noen andres — skapte varig velstand."
"readings","readings.pentacles-king.present","Think like a builder. Manage your resources, invest wisely, plan for the long game. The material world rewards discipline right now.","Du har resursene og erfaringen. Forvalte dem med den kloke, rolige autoriteten til en som vet at velstand bygges over tid, ikke over natten."
"readings","readings.pentacles-king.future","Material success and financial security are solidifying. The empire you're building — however small — is taking shape. Stay disciplined.","Materiell stabilitet og suksess er innen rekkevidde. Grunnlaget du legger nå vil bære en velstand som varer. Led med tålmodighet og visjon."
"readings","readings.wands-1.keywords","inspiration, new passion, potential, creative spark","inspirasjon, nytt initiativ, kreativ gnist, potensial"
"readings","readings.wands-1.meaning","A hand from a cloud holds a living wand — leaves still sprouting. Pure creative fire, a new passion igniting, the spark before the flame. Something is calling to you. Answer it.","Stavenes ess brenner med rå kreativ kraft — en gnist, et initiativ, en flamme av inspirasjon. Noe nytt vil startes. Energien er der — gi den retning."
"readings","readings.wands-1.past","A spark of inspiration lit a fire that changed your direction. That initial burst of passion set something important in motion.","En kreativ gnist eller et nytt initiativ tente noe i deg som fortsatt brenner. Den opprinnelige inspirasjonen satte alt i bevegelse."
"readings","readings.wands-1.present","A new creative or passionate impulse is demanding attention. This is raw potential — it needs action to become something real. Strike while the iron is hot.","Inspirasjon banker på. En ny idé, et nytt prosjekt, en kreativ impuls som krever handling. Ikke vent til alt er perfekt — la flammen guide deg."
"readings","readings.wands-1.future","A powerful new inspiration is heading your way. When it arrives, don't sit on it. The spark needs fuel, and the fuel is your action.","Et nytt kreativt initiativ eller en kraftig inspirasjon er på vei. Energien vil være rå og intens — kanalisér den raskt før den brenner ut."
"readings","readings.wands-2.keywords","planning, decisions, discovery, future vision","planlegging, beslutning, fremtidsvisjon, veivalg"
"readings","readings.wands-2.meaning","A figure holds a globe and a wand, looking out from a castle at the vast landscape. The world is big and the plans are bigger. You've achieved something, but you're already looking at what's next.","Stavenes toer står med verden i hendene og ser utover horisonten. Planer legges, visjoner formes, et veivalg nærmer seg. Du har kraften — nå trenger du retning."
"readings","readings.wands-2.past","A moment of ambition and planning expanded your horizons. Standing at a crossroads, you looked at the bigger picture and started making plans.","Et viktig veivalg ble tatt som formet retningen for mye av det som fulgte. Den tidlige planleggingen og visjonen viste seg viktigere enn du trodde."
"readings","readings.wands-2.present","You've accomplished something, but you're restless. The bigger vision is calling. Start planning your next move — the territory is wider than you think.","Du står ved et veiskille med visjoner i begge retninger. Planlegg, men ikke for lenge. På et tidspunkt må du velge en retning og begynne å gå."
"readings","readings.wands-2.future","A decision about your direction is ahead. The options are expansive. Take time to survey the landscape before you commit to a path.","En beslutning om retning nærmer seg. Visjonen din vil modnes, og valget vil bli klarere. Stol på din evne til å se det store bildet."
"readings","readings.wands-3.keywords","expansion, foresight, progress, overseas opportunities","ekspansjon, utsikt, fremgang, entreprise"
"readings","readings.wands-3.meaning","A figure stands on a cliff watching ships sail into the distance. The foundations are set, and now the venture expands. Your efforts are reaching further than your immediate grasp. Progress is happening.","Stavenes treer ser ut over havet med skipene sine i bevegelse — planene realiseres, horisonten utvides. Ekspansjon, fremgang og motet til å tenke stort."
"readings","readings.wands-3.past","An enterprise or idea expanded beyond its original scope. What started small reached further than you expected.","Du utvidet horisonten din — et prosjekt, en reise, en visjon ble satt ut i livet. Den ekspansjonen åpnet muligheter du ikke hadde sett."
"readings","readings.wands-3.present","Things are moving. What you started is gaining momentum and reaching new territory. Keep your eyes on the horizon — the expansion is real.","Ting beveger seg fremover. Planene dine begynner å realiseres, og horisonten utvider seg. Tenk stort nå — dette er tiden for ekspansjon, ikke forsiktighet."
"readings","readings.wands-3.future","Growth and expansion are ahead. Your reach will extend further than you currently imagine. What you've built is about to travel.","Nye horisonter åpner seg foran deg. Det du har planlagt og satt i bevegelse er på vei mot realisering. Forventen vekst og ekspansjon."
"readings","readings.wands-4.keywords","celebration, homecoming, harmony, community","feiring, stabilitet, hjemkomst, harmoni"
"readings","readings.wands-4.meaning","Four wands form a canopy decorated with flowers, figures celebrating beneath. A milestone, a homecoming, a moment of genuine celebration. You've built something worth toasting.","Stavenes firer feirer med hevede staver under en blomstrende bue — harmoni, stabilitet, et trygt fundament. En milepæl er nådd. Ta deg tid til å feire det du har bygget."
"readings","readings.wands-4.past","A celebration marked a real achievement — a homecoming, a milestone, a moment when everything felt right. That joy was earned.","En milepæl ble feiret — et hjem, et prosjekt, en stabil periode med harmoni. Det fundamentet du skapte den gangen bærer deg fortsatt."
"readings","readings.wands-4.present","Celebrate. A milestone has been reached and it deserves recognition. Gather your people and enjoy what you've accomplished together.","Du har nådd et stabilt punkt. Ting er i balanse, og det er grunn til feiring. Stopp opp, verdsett det du har, og la gleden fylle deg."
"readings","readings.wands-4.future","A celebration is on the horizon. A milestone, a welcome, a moment of shared joy. Something worth looking forward to.","En tid med feiring og stabilitet nærmer seg. En milepæl vil nås, og du vil finne deg omgitt av harmoni og varme. Du har fortjent det."
"readings","readings.wands-5.keywords","conflict, competition, tension, disagreement","konkurranse, rivalisering, spenning, kamp"
"readings","readings.wands-5.meaning","Five figures waving wands at each other — chaotic, noisy, everyone fighting for their position. Conflict, but not the deadly kind. This is competition, creative friction, the messy process of sorting things out.","Stavenes femmer viser fem skikkelser i kaotisk kamp — alle slåss, ingen styrer. Konkurranse, rivalisering, kreative spenninger. Konflikten kan være produktiv, men bare om den kanaliseres."
"readings","readings.wands-5.past","A period of conflict or competition tested you. The struggle was frustrating, but it sharpened your resolve and clarified your position.","En tid med konkurranse eller kreativ kamp preget deg. Rivaliseringen — enten den var fruktbar eller destruktiv — viste deg noe om din egen kampånd."
"readings","readings.wands-5.present","There's friction in the air. Multiple voices, competing agendas, everyone pushing their angle. It's messy, but sometimes clarity comes from the fight.","Spenningen er høy og alle kjemper om oppmerksomheten. Ikke unngå konflikten — men velg din strategi. Kaotisk kamp fører ingen steder, men konstruktiv rivalisering kan skjerpe deg."
"readings","readings.wands-5.future","Competition or disagreement is ahead. Don't avoid it — engage with it. The conflict will ultimately clarify what matters.","Konkurranse og rivalisering nærmer seg. Det vil bli kaotisk, men det trenger ikke være destruktivt. De som holder hodet kaldt og kanaliserer energien riktig, vinner."
"readings","readings.wands-6.keywords","victory, recognition, triumph, public success","seier, anerkjennelse, triumf, fremgang"
"readings","readings.wands-6.meaning","A rider crowned with a laurel wreath, carried forward by a cheering crowd. Public victory, recognition earned through effort. This is the triumph card — enjoy the parade.","Stavenes sekser rider i triumf med en laurbærkrans — publikum jubler, seieren er sikret. Anerkjennelse for innsats, offentlig suksess, den gode følelsen av velfortjent triumf."
"readings","readings.wands-6.past","A victory was recognized publicly. You succeeded, and others saw it. That moment of recognition mattered more than you might admit.","Du opplevde en seier som ga deg anerkjennelse og en følelse av triumf. Den suksessen — velfortjent og feiret — ga deg selvtillit som du bærer med deg fortsatt."
"readings","readings.wands-6.present","You're winning. Not in a quiet way — in the way where people notice. Accept the recognition. You earned this.","Seier er innen rekkevidde, og anerkjennelsen følger. Stå oppreist, ta imot applausen. Du har jobbet for dette, og nå er det din tur til å skinne."
"readings","readings.wands-6.future","Public recognition or victory is ahead. The work you've put in is about to be acknowledged. Enjoy the moment — you've earned it.","En offentlig seier eller anerkjennelse nærmer seg. Det du har arbeidet mot vil gi resultater som blir lagt merke til. Nyt triumfen — du har fortjent den."
"readings","readings.wands-7.keywords","defense, perseverance, standing your ground, determination","forsvar, utholdenhet, standhaftighet, mot under press"
"readings","readings.wands-7.meaning","A figure on high ground, holding one wand against six. Outnumbered but not outmatched. This is about defending your position against pressure. You have the advantage — don't give it up.","Stavenes syver forsvarer sin posisjon mot angrep fra alle kanter. Under press, men uten å vike. Du er utfordret — og svaret er ikke å flykte, men å stå fast."
"readings","readings.wands-7.past","You stood your ground against opposition. Outnumbered or outgunned, you held your position through sheer determination.","Du forsvarte noe viktig mot motstand. Det var utmattende, men du holdt stand. Den standhaftigheten viste deg at du tåler mer enn du trodde."
"readings","readings.wands-7.present","You're being challenged. Hold your ground. The high position is yours and the advantage is real, even if the pressure is intense.","Du er under press fra flere kanter. Ikke gi opp posisjonen din — du har høydefordelen. Stå fast, vær standhaftig, og la motstanderne trøtte seg ut."
"readings","readings.wands-7.future","A challenge to your position is coming. You'll need to defend what you've built. Stand firm — the ground beneath you is solid.","Utfordringer mot posisjonen din vil komme. Vær forberedt på å forsvare det du har bygget. Du har styrken til det — bare ikke la deg overrumple."
"readings","readings.wands-8.keywords","speed, movement, swift action, momentum","hastighet, bevegelse, rask endring, momentum"
"readings","readings.wands-8.meaning","Eight wands flying through the air toward the ground. Speed, momentum, things happening fast. Whatever's been in motion is about to land. This card is pure velocity.","Stavenes åtter flyr gjennom luften med enorm fart — ting akselererer, nyheter kommer raskt, hendelser utfolder seg hurtigere enn ventet. Hold deg klar, dette går fort."
"readings","readings.wands-8.past","Things moved fast — messages, events, changes all arriving at once. That period of rapid motion covered a lot of ground in a short time.","Ting skjedde raskt — en periode med intens fart og akselerasjon der hendelser utfoldet seg hurtigere enn du kunne planlegge for. Det momentumet formet mye."
"readings","readings.wands-8.present","Everything is accelerating. Messages, decisions, events — all in motion. Ride the momentum rather than trying to slow it down.","Alt beveger seg raskt nå. Nyheter, endringer, hendelser — de kommer i et tempo som krever at du reagerer instinktivt. Ikke prøv å bremse, ri bølgen."
"readings","readings.wands-8.future","Rapid developments are incoming. Things will move faster than expected. Be ready to act quickly when they land.","En akselerasjon nærmer seg. Ting vil skje raskere enn forventet. Vær klar til å handle hurtig — momentumet venter ikke på at du skal tenke deg om."
"readings","readings.wands-9.keywords","resilience, persistence, last stand, grit","utholdenhet, siste motstand, styrke, beredskap"
"readings","readings.wands-9.meaning","A wounded figure leans on a wand, eight more planted behind them. Battered but standing. This is grit — the refusal to go down even when every reasonable part of you wants to quit.","Stavenes nier står såret men klar, støttet av de ni stavene bak seg. Den siste motstandens kort. Du er sliten, du er banket — men du er ikke ferdig. Bare én runde til."
"readings","readings.wands-9.past","You endured something grueling. Battered and tired, you kept standing when everything said to give up. That resilience defined you.","Du ble presset til grensen din, men du ga ikke opp. Den siste motstanden — utmattet men urokkelig — viste en utholdenhet du kanskje ikke visste du hadde."
"readings","readings.wands-9.present","You're exhausted and the battle isn't over. One more push. You've come too far to stop now, even if every bone aches. Hold on.","Du er sliten og kampen har kostet. Men du er fortsatt stående. Ikke gi opp nå — du er nærmere slutten enn du tror. Samle de siste kreftene."
"readings","readings.wands-9.future","A test of endurance is ahead. It will push you to your limits. You'll want to quit — don't. You're tougher than you think.","En siste prøvelse nærmer seg. Den vil teste utholdenheten din til det ytterste. Men du har allerede overlevd det meste — denne siste runden klarer du også."
"readings","readings.wands-10.keywords","burden, responsibility, overload, hard work","byrde, overbelastning, ansvar, utmattelse"
"readings","readings.wands-10.meaning","A figure carries all ten wands, barely able to see over the load. Too much, and yet still moving forward. This is overcommitment, too many responsibilities, the weight of taking on everything yourself.","Stavenes tier bærer ti staver på ryggen, bøyd under vekten men fortsatt i bevegelse. For mye ansvar, for mange forpliktelser. Du bærer mer enn du bør — noe må legges ned."
"readings","readings.wands-10.past","You carried too much. Responsibilities piled up until the load was crushing. That experience taught you something about limits — or it should have.","Du tok på deg for mye og bar byrden alene. Den overbelastningen lærte deg noe om grenser — forhåpentligvis at det er lov å sette noen ned."
"readings","readings.wands-10.present","You're overloaded. The weight is real and unsustainable. Put something down before you collapse. Not everything on your back is yours to carry.","Du bærer for mye. Se på hva du faktisk trenger å bære, og hva du kan legge fra deg. Ikke alt ansvar er ditt. Noen staver kan deles — eller droppes."
"readings","readings.wands-10.future","A heavy load of responsibility is ahead. Before you say yes to everything, remember: carrying ten wands means you can't see where you're going.","Risikoen for overbelastning ligger foran. Vær bevisst på hva du sier ja til. Forebygg nå — det er lettere å ikke plukke opp staven enn å legge den ned senere."
"readings","readings.wands-page.keywords","enthusiasm, exploration, discovery, free spirit","entusiasme, utforskning, kreativt potensial, eventyr"
"readings","readings.wands-page.meaning","A young figure studies their wand with wide eyes and boundless curiosity. Fresh enthusiasm, a new passion discovered, the excitement of someone who just found their fire. Channel it before it scatters.","Stavenes page holder staven med en eventurers entusiasme — klar for noe nytt, full av energi, uten frykt. Kreativt potensial og begynnelsens spenning."
"readings","readings.wands-page.past","A discovery or new interest ignited your passion. That youthful enthusiasm — raw and undirected — set the tone for what followed.","En kreativ begynnelse eller et eventyrlyst øyeblikk tente en flamme i deg. Den entusiasmen og modigheten du viste den gangen lever videre."
"readings","readings.wands-page.present","Something new has your attention and your energy is high. Good. Now focus it. Enthusiasm without direction is just noise.","Noe nytt og spennende kaller. Møt det med entusiasme og nysgjerrighet — nå er ikke tiden for å analysere, men for å utforske. La eventyret begynne."
"readings","readings.wands-page.future","An exciting message or new passion is coming. It will light you up with possibility. Enjoy the spark, then give it structure.","En spennende ny begynnelse av kreativ eller eventyrlystent karakter er på vei. Energien vil være smittende — la deg inspirere og følg den."
"readings","readings.wands-knight.keywords","adventure, energy, impulsiveness, action","lidenskap, mot, handlekraft, eventyrlyst"
"readings","readings.wands-knight.meaning","The Knight of Wands charges forward, horse rearing, eyes on the horizon. Pure action, zero hesitation, all fire. Exciting and effective — until he burns through everything without a plan.","Stavenes ridder stormer fremover med lidenskapelig intensitet — modig, impulsiv, full av ild. Handling over analyse, lidenskap over forsiktighet. Effektivt, men pass på at ilden ikke brenner ut for fort."
"readings","readings.wands-knight.past","An impulsive move or bold adventure changed your course. The energy was intoxicating, even if the planning was nonexistent.","En periode med lidenskapelig handling eller noen som stormet inn med ild og intensitet preget retningen din. Den kraften var transformativ — om enn ikke alltid kontrollert."
"readings","readings.wands-knight.present","Act now, think later — within reason. The situation needs boldness and fire, not careful deliberation. Just make sure you know the general direction.","Handle med lidenskap og mot. Situasjonen krever ild, ikke ettertanke. Men hold noe i reserve — ren impulsivitet kan brenne seg ut like fort som den tenner."
"readings","readings.wands-knight.future","An adventure or passionate pursuit is ahead. It will move fast and demand your full energy. Don't overthink — charge.","En kraftig, lidenskapelig energi er på vei inn i livet ditt. Den vil drive ting fremover med intensitet. Ri bølgen, men ha en plan for når ilden trenger påfyll."
"readings","readings.wands-queen.keywords","confidence, warmth, determination, vibrancy","karisma, selvtillit, varme, kreativt lederskap"
"readings","readings.wands-queen.meaning","The Queen of Wands sits with a sunflower in one hand and her wand in the other, a black cat at her feet. Magnetic, confident, warm. She lights up every room without trying. This is passion paired with self-assurance.","Stavenes dronning stråler med varme og selvtillit — en naturlig leder som inspirerer gjennom karisma, ikke kontroll. Kreativ kraft kombinert med sosial varme og urokkelig selvtillit."
"readings","readings.wands-queen.past","A vibrant, confident figure shaped your world — someone whose warmth and determination were impossible to ignore.","En karismatisk, varm tilstedeværelse — din egen eller noen andres — inspirerte og ga energi til alt rundt seg. Det kreative lederskapet og selvtilliten formet noe varig."
"readings","readings.wands-queen.present","Own your power. You're more magnetic and capable than you're giving yourself credit for. Step into the room like you belong there — because you do.","Stol på karismaen og varmen din. Du inspirerer folk bare ved å være deg selv. Led med entusiasme, skap med selvtillit, og la den indre ilden lyse opp rommet."
"readings","readings.wands-queen.future","You're growing into a bold, warm authority. The confidence building inside you is about to become visible to everyone around you.","En rolle som krever kreativt lederskap og personlig utstråling nærmer seg. Din evne til å inspirere og lede med varme vil bli din største ressurs."
"readings","readings.wands-king.keywords","leadership, vision, entrepreneurship, bold action","visjon, lederskap, entreprise, dristighet"
"readings","readings.wands-king.meaning","The King of Wands holds his living staff and gazes forward with fierce clarity. The visionary, the entrepreneur, the leader who inspires by doing. He doesn't just have ideas — he makes them happen.","Stavenes konge er visjonæren — den som ser muligheter der andre ser hindringer. Lederskap gjennom inspirasjon, dristighet i handling, evnen til å gjøre visjoner virkelige."
"readings","readings.wands-king.past","Bold leadership or entrepreneurial vision drove a period of real creation. Someone — maybe you — turned fire into something lasting.","Visjonært lederskap — ditt eget eller noen andres — satte noe dristig i bevegelse som fortsatt gir effekt. Den visjonen og motet til å handle på den var avgjørende."
"readings","readings.wands-king.present","Lead with vision and boldness. This is your moment to take charge, inspire others, and turn ambition into action. Don't wait for permission.","Det er tid for å lede med visjon. Du ser noe andre ikke ser ennå — stol på det bildet og ta de dristige skrittene som kreves for å realisere det."
"readings","readings.wands-king.future","A leadership role or entrepreneurial opportunity is ahead. Your vision and energy will be needed. Step into it fully — hesitation doesn't suit you.","En lederrolle som krever visjon og dristighet venter. Din evne til å se det store bildet og inspirere andre til å følge det vil bli satt på prøve — og belønnet."
"readings","readingTemplates.intros.0","Three cards have come forward: {card1}, {card2}, and {card3}. Let's see what they have to say.","Tre kort har trådt frem: {card1}, {card2} og {card3}. La oss se hva de har å si."
"readings","readingTemplates.intros.1","{card1}, {card2}, and {card3} — an interesting combination. Here is what the cards reveal.","{card1}, {card2} og {card3} — en interessant kombinasjon. Her er hva kortene avslører."
"readings","readingTemplates.intros.2","The cards before you are {card1}, {card2}, and {card3}. Together they tell a clear story.","Kortene foran deg er {card1}, {card2} og {card3}. Sammen forteller de en klar historie."
"readings","readingTemplates.intros.3","{card1}, {card2}, {card3}. These three chose to speak today — listen well.","{card1}, {card2}, {card3}. Disse tre valgte å tale i dag — lytt godt."
"readings","readingTemplates.bridges.0","Now let's turn to the present.","Nå vender vi oss til nåtiden."
"readings","readingTemplates.bridges.1","From the past, the cards shift to what is happening now.","Fra fortiden skifter kortene til det som skjer nå."
"readings","readingTemplates.futureBridges.0","And what lies ahead —","Og hva som ligger foran —"
"readings","readingTemplates.futureBridges.1","The final card looks forward.","Det siste kortet ser fremover."
"readings","readingTemplates.closings.0","The cards have spoken. Take what resonates, leave what doesn't — but pay attention.","Kortene har talt. Ta med deg det som treffer, la resten ligge — men vær oppmerksom."
"readings","readingTemplates.closings.1","That is your reading. Sit with it for a moment before you move on.","Det er din tolkning. Sitt med den et øyeblikk før du går videre."
"readings","readingTemplates.closings.2","The spread is complete. Trust what stirred in you as you read these words.","Leggingen er fullført. Stol på det som rørte seg i deg mens du leste disse ordene."
"readings","readingTemplates.pastPrefix","{card} in the past position: ","{card} i fortidsposisjonen: "
"readings","readingTemplates.presentPrefix","{card} in the present: ","{card} i nåtiden: "
"readings","readingTemplates.futurePrefix","{card} for the future: ","{card} for fremtiden: "
"readings","readers.vespera.displayName","Madame Vespera","Madame Vespera"
"readings","readers.vespera.title","Conduit of the Velvet Veil","Forkynner av Det Fløyelsmyke Sløret"
"readings","readers.vespera.tagline","Sit closer, darling. The cards have been waiting.","Sett deg nærmere, kjære. Kortene har ventet."
"readings","readers.vespera.bio","Three generations of mediums in the family. Vespera reads with reverence, takes her time, and treats every card like it came specifically for you.","Tre generasjoner med medier i familien. Vespera leser med ærbødighet, tar seg god tid, og behandler hvert kort som om det kom spesielt for deg."
"readings","readers.vespera.intros.0","Three cards, darling: {card1}, {card2}, and {card3}. They didn't arrive together by accident.","Tre kort, kjære: {card1}, {card2} og {card3}. De dukket ikke opp sammen ved en tilfeldighet."
"readings","readers.vespera.intros.1","{card1}, {card2}, and {card3}. Mm. The deck has chosen carefully tonight.","{card1}, {card2} og {card3}. Mm. Kortstokken har valgt omhyggelig i kveld."
"readings","readers.vespera.intros.2","Look — {card1}, {card2}, {card3}. A combination worth listening to.","Se — {card1}, {card2}, {card3}. En kombinasjon det er verdt å lytte til."
"readings","readers.vespera.intros.3","{card1}, {card2}, {card3}. Settle in. These three have something to say.","{card1}, {card2}, {card3}. Slå deg ned. Disse tre har noe å si."
"readings","readers.vespera.bridges.0","But the past is only the doorway. The present is where the work happens.","Men fortiden er bare døråpningen. Nåtiden er der arbeidet skjer."
"readings","readers.vespera.bridges.1","From what was, to what is — pay attention here, dear.","Fra det som var, til det som er — følg med her, kjære."
"readings","readers.vespera.futureBridges.0","And now — what's coming. The cards lean in.","Og nå — det som kommer. Kortene lener seg frem."
"readings","readers.vespera.futureBridges.1","The third card. The one we always come for.","Det tredje kortet. Det vi alltid kommer for."
"readings","readers.vespera.closings.0","There. Take what was given. Some of it will only make sense later.","Så. Ta imot det som ble gitt. Noe av det vil først gi mening senere."
"readings","readers.vespera.closings.1","The reading is yours now. Hold it carefully.","Leggingen tilhører deg nå. Hold den varsomt."
"readings","readers.vespera.closings.2","That's what the cards offered. Sit with it before you move on.","Det var hva kortene tilbød. Sitt med det en stund før du går videre."
"readings","readers.vespera.pastPrefix","{card}, in the past — ","{card}, i fortiden — "
"readings","readers.vespera.presentPrefix","{card}, here in the present — ","{card}, her i nåtiden — "
"readings","readers.vespera.futurePrefix","{card}, ahead of you — ","{card}, foran deg — "
"readings","readers.crow.displayName","The Crow","Kråken"
"readings","readers.crow.title","Reader of the Last Hour","Leser av Den Siste Timen"
"readings","readers.crow.tagline","Sit. Don't speak. The cards already know.","Sett deg. Ikke snakk. Kortene vet allerede."
"readings","readers.crow.bio","No introductions. No softening. The Crow tells you what the cards say and nothing more.","Ingen introduksjoner. Ingen formildning. Kråken forteller deg hva kortene sier og ingenting mer."
"readings","readers.crow.intros.0","{card1}. {card2}. {card3}. Three cards. No accidents.","{card1}. {card2}. {card3}. Tre kort. Ingen tilfeldigheter."
"readings","readers.crow.intros.1","{card1}, {card2}, {card3}. Look at them.","{card1}, {card2}, {card3}. Se på dem."
"readings","readers.crow.intros.2","Drawn: {card1}, {card2}, {card3}. They mean what they mean.","Trukket: {card1}, {card2}, {card3}. De betyr det de betyr."
"readings","readers.crow.intros.3","{card1}. Then {card2}. Then {card3}. A sentence the universe is finishing.","{card1}. Så {card2}. Så {card3}. En setning universet holder på å fullføre."
"readings","readers.crow.bridges.0","That was before. This is now.","Det var da. Dette er nå."
"readings","readers.crow.bridges.1","The past is fixed. The present isn't.","Fortiden er låst. Nåtiden er det ikke."
"readings","readers.crow.futureBridges.0","Ahead.","Fremover."
"readings","readers.crow.futureBridges.1","What hasn't happened yet.","Det som ikke har skjedd ennå."
"readings","readers.crow.closings.0","That's the reading.","Det er leggingen."
"readings","readers.crow.closings.1","The cards are done. You aren't.","Kortene er ferdige. Det er ikke du."
"readings","readers.crow.closings.2","Three cards. One direction. Go.","Tre kort. Én retning. Gå."
"readings","readers.crow.pastPrefix","{card}. Past: ","{card}. Fortid: "
"readings","readers.crow.presentPrefix","{card}. Now: ","{card}. Nå: "
"readings","readers.crow.futurePrefix","{card}. Coming: ","{card}. Kommer: "
"readings","readers.reginald.displayName","Reginald Ash","Reginald Ash"
"readings","readers.reginald.title","Reluctant Practitioner, Est. 1847","Motvillig Utøver, Est. 1847"
"readings","readers.reginald.tagline","Fine. Sit down. Let's get this over with.","Greit. Sett deg. La oss bli ferdige med dette."
"readings","readers.reginald.bio","Has been reading cards for longer than he cares to discuss. Takes the work seriously, takes most querents less so. You'll get the truth — phrased exactly as he sees fit.","Har lest kort lenger enn han orker å diskutere. Tar arbeidet på alvor, tar de fleste spørrere mindre alvorlig. Du får sannheten — formulert akkurat slik han ser det."
"readings","readers.reginald.intros.0","Right. {card1}, {card2}, {card3}. I've seen this combination before. It still means something. Let's proceed.","Greit. {card1}, {card2}, {card3}. Jeg har sett denne kombinasjonen før. Den betyr fortsatt noe. La oss fortsette."
"readings","readers.reginald.intros.1","{card1}, {card2}, and {card3}. A spread with actual substance, for once.","{card1}, {card2} og {card3}. En legging med faktisk substans, for en gangs skyld."
"readings","readers.reginald.intros.2","{card1}, {card2}, {card3}. Don't ask if it's good news. Just listen.","{card1}, {card2}, {card3}. Ikke spør om det er gode nyheter. Bare lytt."
"readings","readers.reginald.intros.3","Hm. {card1}, then {card2}, then {card3}. Brace yourself — this one earns its fee.","Hm. {card1}, så {card2}, så {card3}. Forbered deg — denne fortjener honoraret."
"readings","readers.reginald.bridges.0","The past is finished, despite its habit of pretending otherwise. Onward.","Fortiden er over, til tross for dens vane med å late som noe annet. Videre."
"readings","readers.reginald.bridges.1","Yes, yes, that was then. The present is more pressing.","Ja, ja, det var den gang. Nåtiden er mer presserende."
"readings","readers.reginald.futureBridges.0","And now — the future. The part you actually came for.","Og nå — fremtiden. Den delen du faktisk kom for."
"readings","readers.reginald.futureBridges.1","The third card. Try to look composed.","Det tredje kortet. Prøv å se fattet ut."
"readings","readers.reginald.closings.0","That's the reading. Take it seriously or don't — but at least now you've been told.","Det er leggingen. Ta den alvorlig eller la være — men nå er du i det minste blitt fortalt."
"readings","readers.reginald.closings.1","Done. You'll do what you'll do. Most people do.","Ferdig. Du gjør det du gjør. De fleste gjør det."
"readings","readers.reginald.closings.2","There. Free of theatrics, as promised. You may show yourself out.","Så. Fritt for teater, som lovet. Du kan vise deg selv ut."
"readings","readers.reginald.pastPrefix","{card}, in the past — and frankly, this explains a great deal: ","{card}, i fortiden — og ærlig talt, dette forklarer mye: "
"readings","readers.reginald.presentPrefix","{card}, in the present. This is, I'm afraid, where you live: ","{card}, i nåtiden. Dette er, dessverre, der du befinner deg: "
"readings","readers.reginald.futurePrefix","{card}, ahead. I won't soften it: ","{card}, fremover. Jeg skal ikke pynte på det: "
"plans","plans.FREE.name","Free","Gratis"
"plans","plans.FREE.features.0","3 readings per day","3 tolkninger per dag"
"plans","plans.FREE.features.1","Resets at midnight","Nullstilles ved midnatt"
"plans","plans.SINGLE.name","Single reading","Enkelttolkning"
"plans","plans.SINGLE.features.0","One extra reading","Én ekstra tolkning"
"plans","plans.SINGLE.features.1","No subscription","Ingen abonnement"
"plans","plans.MONTHLY.name","Monthly","Månedlig"
"plans","plans.MONTHLY.features.0","Unlimited readings","Ubegrensede tolkninger"
"plans","plans.MONTHLY.features.1","Reading history","Tolkningshistorikk"
"plans","plans.MONTHLY.features.2","Choose your deck","Velg din kortstokk"
"plans","plans.MONTHLY.features.3","Choose your diviner","Velg din spåkvinne"
"plans","plans.MONTHLY.features.4","Long-form interpretations","Utdypende tolkninger"
"plans","plans.MONTHLY.features.5","Daily card email","Daglig kort på e-post"
"plans","plans.MONTHLY.features.6","Export readings as PDF","Eksporter tolkninger som PDF"
"plans","plans.MONTHLY.features.7","Favorites & personal notes","Favoritter og personlige notater"
"plans","plans.MONTHLY.features.8","Reminder notifications","Påminningsvarslinger"
"plans","plans.MONTHLY.features.9","Ad-free","Reklamefritt"
"plans","plans.YEARLY.name","Yearly","Årlig"
"plans","plans.YEARLY.features.0","Everything in Monthly","Alt i Månedlig"
"plans","plans.YEARLY.features.1","Save 58% vs monthly","Spar 58% mot månedlig"
"plans","plans.YEARLY.features.2","Exclusive seasonal decks","Eksklusive sesongkortstokker"
"plans","plans.YEARLY.features.3","Early access to new diviners & decks","Tidlig tilgang til nye spåkvinner og kortstokker"
"disclaimers","disclaimers.ageConfirm","I confirm I am 18 years of age or older.","Jeg bekrefter at jeg er 18 år eller eldre."
"disclaimers","disclaimers.entertainmentShort","For entertainment purposes only. Not a substitute for professional advice.","Kun for underholdningsformål. Ikke en erstatning for profesjonell rådgivning."
"disclaimers","disclaimers.entertainmentFull","This service is provided for entertainment purposes only. Tarot readings should not be used as a substitute for professional medical, legal, financial, or psychological advice.","Denne tjenesten leveres kun for underholdningsformål. Tarotlesninger skal ikke brukes som erstatning for profesjonell medisinsk, juridisk, finansiell eller psykologisk rådgivning."
"disclaimers","disclaimers.ageRequiredError","You must confirm you are 18 or older to continue.","Du må bekrefte at du er 18 år eller eldre for å fortsette."
"seo","seo.siteName","The Veil","The Veil"
"seo","seo.home.metaTitle","Free Tarot Reading — Online Mystical Tarot App","Gratis tarotlesning — mystisk tarot-app på nett"
"seo","seo.home.metaDescription","Unveil the mysteries of your future with our mystical tarot reading app. Free daily readings, multiple decks, and personal readers.","Avdekk mysteriene i din fremtid med vår mystiske tarot-app. Gratis daglige lesninger, flere kortstokker og personlige tarotlesere."
"seo","seo.home.keywords","tarot, free tarot reading, online tarot, tarot cards, tarot reading app, daily tarot","tarot, gratis tarotlesning, tarot på nett, tarotkort, tarot-app, daglig tarot"
"seo","seo.decks.metaTitle","Choose Your Tarot Deck","Velg din tarotkortstokk"
"seo","seo.decks.metaDescription","Pick your favorite tarot deck — Rider-Waite, Klimt, or Gothic-Vintage. Each deck reshapes the visual story of your reading.","Velg din favorittkortstokk — Rider-Waite, Klimt eller Gothic-Vintage. Hver stokk endrer den visuelle historien i din lesning."
"seo","seo.decks.keywords","tarot deck, rider-waite, klimt tarot, gothic tarot, tarot card deck","tarotkortstokk, rider-waite, klimt tarot, gothic tarot, tarotkort"
"seo","seo.subscription.metaTitle","Subscription Plans","Abonnement"
"seo","seo.subscription.metaDescription","Unlock unlimited readings, premium decks, and exclusive readers with a Tarot subscription.","Lås opp ubegrensede lesninger, premium-kortstokker og eksklusive tarotlesere med et Tarot-abonnement."
"seo","seo.subscription.keywords","tarot subscription, unlimited tarot readings, premium tarot, tarot pricing","tarot abonnement, ubegrensede tarotlesninger, premium tarot, tarot priser"
"seo","seo.profile.metaTitle","Your Mystic Profile","Din mystiske profil"
"seo","seo.profile.metaDescription","Manage your account, readings, and preferences.","Administrer kontoen, lesningene og preferansene dine."
"contact","contact.metaTitle","Contact The Veil","Kontakt The Veil"
"contact","contact.metaDescription","Reach out to The Veil — questions, data requests, legal notices.","Ta kontakt med The Veil — spørsmål, dataforespørsler, juridiske henvendelser."
"contact","contact.heading","Contact","Kontakt"
"contact","contact.intro","Send a message and we'll get back to you. For data-protection requests (export, deletion, correction), pick the matching category so it routes to the right inbox.","Send oss en melding, så svarer vi deg. For personvernforespørsler (eksport, sletting, retting) velger du riktig kategori slik at den havner i rett innboks."
"contact","contact.fields.name","Name","Navn"
"contact","contact.fields.email","Email","E-post"
"contact","contact.fields.category","Reason","Årsak"
"contact","contact.fields.message","Message","Melding"
"contact","contact.placeholders.name","Your name","Navnet ditt"
"contact","contact.placeholders.email","you@example.com","deg@eksempel.no"
"contact","contact.placeholders.message","Tell us what's on your mind.","Fortell oss hva du tenker på."
"contact","contact.categories.general","General question","Generelt spørsmål"
"contact","contact.categories.dsar_access","Export my data","Eksporter dataene mine"
"contact","contact.categories.dsar_delete","Delete my data","Slett dataene mine"
"contact","contact.categories.dsar_correct","Correct my data","Rett dataene mine"
"contact","contact.categories.legal_ip","Legal, copyright, or subscription cancellation","Juridisk, opphavsrett eller oppsigelse av abonnement"
"contact","contact.categories.other","Other","Annet"
"contact","contact.submit","Send message","Send melding"
"contact","contact.submitting","Sending…","Sender…"
"contact","contact.success","Thanks — your message is on its way. We'll reply to the email you provided.","Takk — meldingen din er på vei. Vi svarer til e-postadressen du oppga."
"contact","contact.errorGeneric","Something went wrong sending your message. Please try again in a moment.","Noe gikk galt under sending av meldingen. Prøv igjen om et øyeblikk."
"contact","contact.errors.nameRequired","Please enter your name.","Skriv inn navnet ditt."
"contact","contact.errors.nameTooLong","Name must be 100 characters or fewer.","Navnet kan ikke være lengre enn 100 tegn."
"contact","contact.errors.emailRequired","Please enter your email.","Skriv inn e-posten din."
"contact","contact.errors.emailInvalid","Please enter a valid email address.","Skriv inn en gyldig e-postadresse."
"contact","contact.errors.categoryRequired","Please pick a reason.","Velg en årsak."
"contact","contact.errors.messageRequired","Please write a message.","Skriv en melding."
"contact","contact.errors.messageTooShort","Message must be at least 10 characters.","Meldingen må være minst 10 tegn."
"contact","contact.errors.messageTooLong","Message must be 5000 characters or fewer.","Meldingen kan ikke være lengre enn 5000 tegn."
"payment","payment.confirmingTitle","Confirming your payment","Bekrefter betalingen din"
"payment","payment.confirmingMessage","Hang tight — we're confirming your payment with the bank. This can take a moment; please don't close this page.","Hold ut — vi bekrefter betalingen din med banken. Dette kan ta et øyeblikk; ikke lukk denne siden."
"payment","payment.creditAddedTitle","Reading credit added","Lesekreditt lagt til"
"payment","payment.creditAddedMessage","Your payment is confirmed. You now have {count, plural, one {# reading credit} other {# reading credits}}.","Betalingen din er bekreftet. Du har nå {count, plural, one {# lesekreditt} other {# lesekreditter}}."
"payment","payment.subActiveTitle","Subscription active","Abonnement aktivt"
"payment","payment.subActiveMonthly","Your monthly subscription is now active. Enjoy The Veil.","Månedsabonnementet ditt er nå aktivt. Nyt Sløret."
"payment","payment.subActiveYearly","Your yearly subscription is now active. Enjoy The Veil.","Årsabonnementet ditt er nå aktivt. Nyt Sløret."
"payment","payment.confirmedTitle","Payment confirmed","Betaling bekreftet"
"payment","payment.confirmedMonthly","Your monthly subscription is active.","Månedsabonnementet ditt er aktivt."
"payment","payment.confirmedYearly","Your yearly subscription is active.","Årsabonnementet ditt er aktivt."
"payment","payment.confirmedWithCredits","Your payment is confirmed. You have {count, plural, one {# reading credit} other {# reading credits}}.","Betalingen din er bekreftet. Du har {count, plural, one {# lesekreditt} other {# lesekreditter}}."
"payment","payment.confirmedGeneric","Your payment is confirmed.","Betalingen din er bekreftet."
"payment","payment.failedTitle","Payment not completed","Betaling ikke fullført"
"payment","payment.failedMessage","Your payment didn't go through, so nothing was charged. You can try again whenever you're ready.","Betalingen din gikk ikke gjennom, så du ble ikke belastet. Du kan prøve igjen når du er klar."
"payment","payment.signedOutTitle","Sign in to view your payment","Logg inn for å se betalingen din"
"payment","payment.signedOutMessage","We couldn't read your account. Sign in to The Veil to see your latest status.","Vi kunne ikke lese kontoen din. Logg inn på Sløret for å se din nyeste status."
"payment","payment.processingTitle","Still confirming","Bekrefter fortsatt"
"payment","payment.processingMessage","Your payment is still being confirmed by the bank — this can take a little while. Your purchase will be applied automatically once it clears, and you won't be charged again. Check again below, or come back shortly; if you start a reading before it clears you may briefly be asked to subscribe — just try again in a moment.","Betalingen din bekreftes fortsatt av banken — dette kan ta litt tid. Kjøpet ditt blir lagt til automatisk når det er klarert, og du blir ikke belastet igjen. Sjekk igjen nedenfor, eller kom tilbake snart; hvis du starter en lesning før den er klarert, kan du kortvarig bli bedt om å abonnere — bare prøv igjen om et øyeblikk."
"payment","payment.checkAgain","Check again","Sjekk igjen"
"payment","payment.returnLink","Return to The Veil","Tilbake til Sløret"