"namespace","key","English (source — do not edit)","Russian (edit this column)"
"ui","ui.discoverYourFate","Discover Your Fate","Узнайте свою Судьбу"
"ui","ui.discover","Discover","Узнайте"
"ui","ui.your","Your","свою"
"ui","ui.fate","Fate","Судьбу"
"ui","ui.shakeDeck","Shake the Deck","Перетасовать Колоду"
"ui","ui.joinTheCircle","Join the Circle of the Chosen","Вступите в Круг Избранных"
"ui","ui.loading","Loading...","Загрузка..."
"ui","ui.revealYourself","Reveal Yourself","Раскройте себя"
"ui","ui.welcome","Welcome, {name}","Добро пожаловать, {name}"
"ui","ui.mysticOne","Mystic One","Мистик"
"ui","ui.unveilDestiny","Unveil Your Destiny, Card by Card...","Раскройте свою Судьбу, карта за картой..."
"ui","ui.revokeAndRetry","Revoke and Retry","Отменить и попробовать снова"
"ui","ui.unveilAnotherFate","Unveil Another Fate","Раскрыть иную судьбу"
"ui","ui.backToSanctum","Back to the Sanctum","Вернуться в Святилище"
"ui","ui.cardsHaveSpoken","The Cards Have Spoken","Карты изрекли свою волю"
"ui","ui.cardsStillSilent","The cards are still silent...","Карты ещё молчат..."
"ui","ui.stepThroughTheVeil","Step Through the Veil","Шагните за Завесу"
"ui","ui.gateAnonTitle","The Veil Has Closed","Завеса Сомкнулась"
"ui","ui.gateAnonBody","One glimpse is all the spirits grant a wandering soul. To part the veil again, you must first be known to us.","Странствующей душе духи дарят лишь один взгляд. Чтобы вновь приоткрыть завесу, вам нужно открыться нам."
"ui","ui.gateAnonCta","Step Through the Veil","Шагните за Завесу"
"ui","ui.gateFreeTitle","The Spirits Ask for Tribute","Духи Просят Подношение"
"ui","ui.gateFreeBody","Tonight's fates are spent. Deeper visions are not given freely — offer tribute, and the cards will speak again.","Сегодняшние судьбы исчерпаны. Глубокие видения не даются даром — принесите подношение, и карты заговорят вновь."
"ui","ui.gateFreeCta","Offer Tribute","Принести Подношение"
"ui","ui.yourMysticProfile","Your Mystic Profile","Ваш Мистический Профиль"
"ui","ui.chooseYourPath","Choose Your Path","Выберите свой Путь"
"ui","ui.oneReadingAtATime","One reading at a time, or unlimited every day.","Одно гадание за раз или безлимит каждый день."
"ui","ui.mostPopular","Most popular","Самый популярный"
"ui","ui.currentPlanBtn","Current plan","Текущий тариф"
"ui","ui.includedBtn","Included","Включено"
"ui","ui.comingSoon","Coming soon","Скоро"
"ui","ui.subscribeBtn","Subscribe","Оформить подписку"
"ui","ui.buyReadingBtn","Buy a reading","Купить расклад"
"ui","ui.processingBtn","Processing…","Обработка…"
"ui","ui.paymentStartFailed","Something went wrong starting your payment. Please try again.","Не удалось начать оплату. Пожалуйста, попробуйте ещё раз."
"ui","ui.paymentsLaunchingSoon","Payments launching soon","Оплата скоро будет доступна"
"ui","ui.termsOfService","Terms of Service","Условия использования"
"ui","ui.privacyPolicy","Privacy Policy","Политика конфиденциальности"
"ui","ui.cookiePolicy","Cookie Policy","Политика использования cookie"
"ui","ui.refundPolicy","Refund Policy","Политика возврата средств"
"ui","ui.cookieSettings","Cookie settings","Настройки cookie"
"ui","ui.contact","Contact","Контакты"
"ui","ui.cookieBannerAriaLabel","Cookie consent","Согласие на использование cookie"
"ui","ui.cookieBannerMessage","We use cookies to keep you signed in and, with your consent, to understand how The Veil is used.","Мы используем cookie, чтобы вы оставались авторизованы, и — с вашего согласия — чтобы понимать, как используется Завеса."
"ui","ui.cookieBannerLearnMore","Learn more","Подробнее"
"ui","ui.cookieBannerAccept","Accept","Принять"
"ui","ui.cookieBannerReject","Reject","Отклонить"
"ui","ui.initiation","Initiation","Посвящение"
"ui","ui.name","Name","Имя"
"ui","ui.email","Email","Эл. почта"
"ui","ui.currentPlan","Current plan","Текущий тариф"
"ui","ui.credits","Reading Credits","Кредиты раскладов"
"ui","ui.password","Password","Пароль"
"ui","ui.save","Save","Сохранить"
"ui","ui.saving","Saving...","Сохранение..."
"ui","ui.cancel","Cancel","Отмена"
"ui","ui.changePassword","Change password","Сменить пароль"
"ui","ui.setPassword","Set password","Задать пароль"
"ui","ui.slipIntoShadows","Slip Into the Shadows","Раствориться в Тенях"
"ui","ui.currentPasswordPlaceholder","Current password","Текущий пароль"
"ui","ui.newPasswordPlaceholder","New password","Новый пароль"
"ui","ui.confirmPasswordPlaceholder","Confirm new password","Подтвердите новый пароль"
"ui","ui.nameCannotBeEmpty","Name cannot be empty","Имя не может быть пустым"
"ui","ui.failedToUpdateName","Failed to update name","Не удалось обновить имя"
"ui","ui.passwordMinLength","Password must be at least 8 characters","Пароль должен содержать не менее 8 символов"
"ui","ui.passwordsDoNotMatch","Passwords do not match","Пароли не совпадают"
"ui","ui.failedToUpdatePassword","Failed to update password","Не удалось обновить пароль"
"ui","ui.passwordUpdated","Password updated","Пароль обновлён"
"ui","ui.whatShallWeCallYou","What Shall We Call You?","Как нам к вам обращаться?"
"ui","ui.pledgeYourSoul","Pledge Your Soul (Or Just Your Email)","Вверьте свою Душу (или просто укажите Email)"
"ui","ui.enchantedPhrase","Enchanted Phrase","Заклинание-пароль"
"ui","ui.iAgreeTo","I agree to the","Я принимаю"
"ui","ui.and","and","и"
"ui","ui.agreeToTerms","I agree to the {terms} and {privacy}.","Я принимаю {terms} и {privacy}."
"ui","ui.acceptTermsError","Please accept the Terms of Service and Privacy Policy to continue.","Пожалуйста, примите Условия использования и Политику конфиденциальности, чтобы продолжить."
"ui","ui.invalidCredentials","Invalid email or password","Неверный email или пароль"
"ui","ui.somethingWentWrong","Something went wrong. Please try again.","Что-то пошло не так. Попробуйте снова."
"ui","ui.channeling","Channeling...","Связываюсь с духами..."
"ui","ui.beginTheRitual","Begin the Ritual","Начать Ритуал"
"ui","ui.completeTheRitual","Complete the Ritual","Завершить Ритуал"
"ui","ui.letGoogleSpeak","Let Google Speak Your Name","Пусть Google назовёт ваше имя"
"ui","ui.alreadyInitiated","Already initiated? Enter the Sanctum","Уже посвящены? Войдите в Святилище"
"ui","ui.newToTheCraft","New to the craft? Join the Circle of the Chosen","Впервые здесь? Вступите в Круг Избранных"
"ui","ui.drawThreeCards","Draw three cards to receive your reading.","Вытяните три карты, чтобы получить предсказание."
"ui","ui.spiritsUnclear","The spirits are unclear. Please draw again.","Духи неясны. Пожалуйста, вытяните карты снова."
"ui","ui.language","Language","Язык"
"ui","ui.deck","Deck","Колода"
"ui","ui.chooseDeck","Choose Your Deck","Выберите свою Колоду"
"ui","ui.deckRiderWaite","Rider-Waite","Райдер-Уэйт"
"ui","ui.deckKlimt","Klimt","Климт"
"ui","ui.deckGothicVintage","Gothic Vintage","Готический Винтаж"
"ui","ui.selected","Selected","Выбрано"
"ui","ui.selectDeck","Select","Выбрать"
"ui","ui.signInToSelectDeck","Sign in to choose your deck","Войдите, чтобы выбрать колоду"
"ui","ui.chooseYourReader","Choose Who Reads For You","Выберите, Кто Читает Для Вас"
"ui","ui.readerSelectionSubtitle","Three readers wait in the dark. They will not introduce themselves — you must choose.","Три таролога ждут в темноте. Они не представятся — выбор за вами."
"ui","ui.hoverToLearn","Hover a reader to learn their nature.","Наведите на таролога, чтобы узнать его суть."
"ui","ui.summonReader","Summon {name}","Призвать {name}"
"ui","ui.yourReaderIs","Your Reader","Ваш Таролог"
"ui","ui.changeYourReader","Change Your Reader","Сменить Таролога"
"ui","ui.beginInitiation","Begin Initiation","Начать Посвящение"
"ui","ui.reader","Reader","Таролог"
"ui","ui.chooseReader","Choose Your Reader","Выберите Таролога"
"ui","ui.deleteAccountHeading","The Point of No Return","Точка невозврата"
"ui","ui.deleteAccountTrigger","Break the Pact","Разорвать договор"
"ui","ui.deleteAccountWarning","This will permanently erase your account, reading history, deck and reader preferences, subscription record, and any linked sign-in providers. This action cannot be undone.","Это действие безвозвратно удалит вашу учётную запись, историю раскладов, выбор колоды и таролога, данные о подписке, а также все привязанные способы входа. Отменить это невозможно."
"ui","ui.deleteAccountConfirmLabel","Type DELETE to confirm","Введите DELETE для подтверждения"
"ui","ui.deleteAccountConfirmPlaceholder","DELETE","DELETE"
"ui","ui.deleteAccountButton","Burn the pact forever","Сжечь договор навсегда"
"ui","ui.deleteAccountCancel","Cancel","Отмена"
"ui","ui.deleteAccountSubmitting","Burning the pact...","Сжигаем договор..."
"ui","ui.deleteAccountError","Something went wrong. Please contact privacy@nothingweird.agency","Что-то пошло не так. Пожалуйста, свяжитесь с privacy@nothingweird.agency"
"ui","ui.deleteAccountEmailSubject","[theveil] Account deleted","[theveil] Учётная запись удалена"
"ui","ui.deleteAccountEmailBody","Your account at The Veil has been permanently deleted. This action is irreversible. If you did not request this, contact privacy@nothingweird.agency.","Ваша учётная запись в The Veil удалена навсегда. Это действие необратимо. Если запрос на удаление поступил не от вас, срочно свяжитесь с privacy@nothingweird.agency."
"ui","ui.renewsOn","Renews on {date}","Продление {date}"
"ui","ui.accessUntil","Access until {date}","Доступ до {date}"
"ui","ui.renewal","Renewal","Продление"
"ui","ui.cancelSubscription","Cancel subscription","Отменить подписку"
"ui","ui.resumeSubscription","Resume subscription","Возобновить подписку"
"ui","ui.cancelSubscriptionConfirm","Cancel auto-renew? You'll keep access until the end of your paid period.","Отключить автопродление? Доступ сохранится до конца оплаченного периода."
"ui","ui.notFound.title","The veil is closed here","Завеса здесь закрыта"
"ui","ui.notFound.description","This page has slipped beyond the veil. Return to the circle and try another path.","Эта страница ускользнула за завесу. Вернитесь в круг и попробуйте другой путь."
"ui","ui.notFound.backHome","Back to the sanctum","Назад в святилище"
"cards","cards.arcana-0","The Fool","Шут"
"cards","cards.arcana-1","The Magician","Маг"
"cards","cards.arcana-2","The High Priestess","Верховная Жрица"
"cards","cards.arcana-3","The Empress","Императрица"
"cards","cards.arcana-4","The Emperor","Император"
"cards","cards.arcana-5","The Hierophant","Иерофант"
"cards","cards.arcana-6","The Lovers","Влюблённые"
"cards","cards.arcana-7","The Chariot","Колесница"
"cards","cards.arcana-8","Justice","Справедливость"
"cards","cards.arcana-9","The Hermit","Отшельник"
"cards","cards.arcana-10","Wheel of Fortune","Колесо Фортуны"
"cards","cards.arcana-11","Strength","Сила"
"cards","cards.arcana-12","The Hanged Man","Повешенный"
"cards","cards.arcana-13","Death","Смерть"
"cards","cards.arcana-14","Temperance","Умеренность"
"cards","cards.arcana-15","The Devil","Дьявол"
"cards","cards.arcana-16","The Tower","Башня"
"cards","cards.arcana-17","The Star","Звезда"
"cards","cards.arcana-18","The Moon","Луна"
"cards","cards.arcana-19","The Sun","Солнце"
"cards","cards.arcana-20","Judgement","Суд"
"cards","cards.arcana-21","The World","Мир"
"cards","cards.chalices-1","Ace of Chalices","Туз Кубков"
"cards","cards.chalices-2","Two of Chalices","Двойка Кубков"
"cards","cards.chalices-3","Three of Chalices","Тройка Кубков"
"cards","cards.chalices-4","Four of Chalices","Четвёрка Кубков"
"cards","cards.chalices-5","Five of Chalices","Пятёрка Кубков"
"cards","cards.chalices-6","Six of Chalices","Шестёрка Кубков"
"cards","cards.chalices-7","Seven of Chalices","Семёрка Кубков"
"cards","cards.chalices-8","Eight of Chalices","Восьмёрка Кубков"
"cards","cards.chalices-9","Nine of Chalices","Девятка Кубков"
"cards","cards.chalices-10","Ten of Chalices","Десятка Кубков"
"cards","cards.chalices-page","Page of Chalices","Паж Кубков"
"cards","cards.chalices-knight","Knight of Chalices","Рыцарь Кубков"
"cards","cards.chalices-queen","Queen of Chalices","Королева Кубков"
"cards","cards.chalices-king","King of Chalices","Король Кубков"
"cards","cards.swords-1","Ace of Swords","Туз Мечей"
"cards","cards.swords-2","Two of Swords","Двойка Мечей"
"cards","cards.swords-3","Three of Swords","Тройка Мечей"
"cards","cards.swords-4","Four of Swords","Четвёрка Мечей"
"cards","cards.swords-5","Five of Swords","Пятёрка Мечей"
"cards","cards.swords-6","Six of Swords","Шестёрка Мечей"
"cards","cards.swords-7","Seven of Swords","Семёрка Мечей"
"cards","cards.swords-8","Eight of Swords","Восьмёрка Мечей"
"cards","cards.swords-9","Nine of Swords","Девятка Мечей"
"cards","cards.swords-10","Ten of Swords","Десятка Мечей"
"cards","cards.swords-page","Page of Swords","Паж Мечей"
"cards","cards.swords-knight","Knight of Swords","Рыцарь Мечей"
"cards","cards.swords-queen","Queen of Swords","Королева Мечей"
"cards","cards.swords-king","King of Swords","Король Мечей"
"cards","cards.pentacles-1","Ace of Pentacles","Туз Пентаклей"
"cards","cards.pentacles-2","Two of Pentacles","Двойка Пентаклей"
"cards","cards.pentacles-3","Three of Pentacles","Тройка Пентаклей"
"cards","cards.pentacles-4","Four of Pentacles","Четвёрка Пентаклей"
"cards","cards.pentacles-5","Five of Pentacles","Пятёрка Пентаклей"
"cards","cards.pentacles-6","Six of Pentacles","Шестёрка Пентаклей"
"cards","cards.pentacles-7","Seven of Pentacles","Семёрка Пентаклей"
"cards","cards.pentacles-8","Eight of Pentacles","Восьмёрка Пентаклей"
"cards","cards.pentacles-9","Nine of Pentacles","Девятка Пентаклей"
"cards","cards.pentacles-10","Ten of Pentacles","Десятка Пентаклей"
"cards","cards.pentacles-page","Page of Pentacles","Паж Пентаклей"
"cards","cards.pentacles-knight","Knight of Pentacles","Рыцарь Пентаклей"
"cards","cards.pentacles-queen","Queen of Pentacles","Королева Пентаклей"
"cards","cards.pentacles-king","King of Pentacles","Король Пентаклей"
"cards","cards.wands-1","Ace of Wands","Туз Жезлов"
"cards","cards.wands-2","Two of Wands","Двойка Жезлов"
"cards","cards.wands-3","Three of Wands","Тройка Жезлов"
"cards","cards.wands-4","Four of Wands","Четвёрка Жезлов"
"cards","cards.wands-5","Five of Wands","Пятёрка Жезлов"
"cards","cards.wands-6","Six of Wands","Шестёрка Жезлов"
"cards","cards.wands-7","Seven of Wands","Семёрка Жезлов"
"cards","cards.wands-8","Eight of Wands","Восьмёрка Жезлов"
"cards","cards.wands-9","Nine of Wands","Девятка Жезлов"
"cards","cards.wands-10","Ten of Wands","Десятка Жезлов"
"cards","cards.wands-page","Page of Wands","Паж Жезлов"
"cards","cards.wands-knight","Knight of Wands","Рыцарь Жезлов"
"cards","cards.wands-queen","Queen of Wands","Королева Жезлов"
"cards","cards.wands-king","King of Wands","Король Жезлов"
"readings","readings.arcana-0.keywords","beginnings, innocence, spontaneity, free spirit","начало, невинность, спонтанность, свободный дух"
"readings","readings.arcana-0.meaning","The Fool stands at the edge of a cliff with nothing but trust. New beginnings, a blank page, a step into the unknown. Something is about to start — and it asks you not to overthink it.","Шут стоит на краю обрыва, не имея ничего, кроме доверия. Новое начало, чистая страница, шаг в неизвестность. Что-то вот-вот начнётся — и просит не думать слишком много."
"readings","readings.arcana-0.past","There was a leap — a moment when you chose the unknown over the safe. That decision, reckless or brave, set everything in motion.","Был прыжок — момент, когда неизвестность оказалась выбрана вместо безопасности. Это решение, безрассудное или храброе, запустило всё."
"readings","readings.arcana-0.present","A fresh start is calling. The details aren't clear yet, and that's the point. Stop planning and take the step.","Зовёт новое начало. Детали ещё не ясны, и в этом суть. Хватит планировать — пора сделать шаг."
"readings","readings.arcana-0.future","Something entirely new is coming. You won't be able to prepare for it — and you won't need to. Meet it with open hands.","Впереди что-то совершенно новое. Подготовиться к этому не получится — и не понадобится. Встречай с открытыми руками."
"readings","readings.arcana-1.keywords","manifestation, willpower, skill, resourcefulness","проявление, сила воли, мастерство, находчивость"
"readings","readings.arcana-1.meaning","The Magician has every tool on the table and knows exactly how to use them. This is about focus, skill, and turning intention into action. You have what you need — now use it.","У Мага на столе все инструменты, и каждый знаком до мелочей. Здесь речь о фокусе, мастерстве и превращении намерения в действие. Всё необходимое уже есть — пора применить."
"readings","readings.arcana-1.past","A time when everything clicked — skill met opportunity and something real was created. That ability hasn't gone anywhere.","Время, когда всё сошлось — мастерство встретило возможность, и родилось что-то настоящее. Эта способность никуда не делась."
"readings","readings.arcana-1.present","All the pieces are in front of you. This is not the time for doubt or hesitation — it's the time to act with precision.","Все элементы перед тобой. Сейчас не время для сомнений и колебаний — время действовать точно."
"readings","readings.arcana-1.future","A moment is coming when your skills will be tested and proven. What you've been learning is about to become very useful.","Приближается момент, когда твои навыки будут проверены и доказаны. То, чему ты учишься, скоро станет очень полезным."
"readings","readings.arcana-2.keywords","intuition, mystery, inner knowledge, subconscious","интуиция, тайна, внутреннее знание, подсознание"
"readings","readings.arcana-2.meaning","The High Priestess sits between what's seen and what's hidden. She doesn't speak loudly — she doesn't need to. The answer is already inside you, waiting for you to get quiet enough to hear it.","Верховная Жрица сидит между двумя столпами — видимым и незримым. Она не говорит громко. Ответ уже внутри, но нужно достаточно затихнуть, чтобы его услышать."
"readings","readings.arcana-2.past","There was a time you knew something without knowing how. That gut feeling guided you well. You've second-guessed your intuition since — don't.","Было время, когда интуиция говорила ясно, и довериться ей оказалось правильным. Это внутреннее знание никуда не делось."
"readings","readings.arcana-2.present","Stop looking for answers outside yourself. The information you need is already here — in your gut, in your dreams, in the silence between thoughts.","Что-то скрыто, или что-то ещё не готово выйти на поверхность. Не торопи. Замри, обращай внимание на сны и внутренние ощущения."
"readings","readings.arcana-2.future","Something hidden will surface. Not through effort, but through stillness. Pay attention to what comes to you unbidden.","Скрытое выйдет на свет. То, что сейчас неясно, скоро обретёт смысл — доверяй процессу, даже когда полная картина не видна."
"readings","readings.arcana-3.keywords","abundance, nurturing, fertility, creativity","изобилие, забота, плодородие, природа"
"readings","readings.arcana-3.meaning","The Empress is the garden in full bloom. She represents growth, sensuality, and the kind of creation that comes from tending something with care. What you nurture will thrive.","Императрица — это жизнь в полном цвету. Рост, комфорт, творчество — сейчас почва плодородна. Она говорит: заботься о том, что любишь, и оно вырастет."
"readings","readings.arcana-3.past","A fertile period — something was growing and you helped it along. That nurturing energy, whether directed at a person or a project, produced something lasting.","Период роста и изобилия пустил корни, которые питают до сих пор. Что-то было создано или окружено заботой — и расцвело."
"readings","readings.arcana-3.present","Create. Tend. Nourish. Whatever you give your attention to right now will grow. This is not a time for austerity — let things be lush.","Вокруг тебя больше, чем видится. Замедлись, впитай красоту вокруг. Питай то, что важно — оно готово расти."
"readings","readings.arcana-3.future","Abundance is building. Something you've been caring for is about to reward that patience. The harvest is closer than you think.","Приближается урожай. То, о чём заботились с любовью, принесёт плоды. Впереди рост, творчество и изобилие."
"readings","readings.arcana-4.keywords","authority, structure, stability, discipline","власть, структура, стабильность, лидерство"
"readings","readings.arcana-4.meaning","The Emperor builds order from chaos. Stone walls, clear rules, a firm hand. This card is about taking control — not emotionally, but structurally. Set the boundary. Make the decision.","Император строит порядок из хаоса. Дисциплина, границы, чёткие решения. Эта карта о том, чтобы взять управление — не агрессией, а спокойной уверенностью того, кто знает, что нужно делать."
"readings","readings.arcana-4.past","Structure was imposed — by you or on you. A father figure, a system, a set of rules shaped how you operate. That framework still holds weight.","Структура была выстроена — тобой или для тебя. Правила, дисциплина, авторитет сформировали основу, на которой всё стоит сейчас."
"readings","readings.arcana-4.present","The situation needs leadership, not discussion. Establish order. Be the one who draws the line and holds it.","Ситуация требует твёрдой руки. Установи границы, прими решение, возьми ответственность. Власть у тебя есть."
"readings","readings.arcana-4.future","You're moving toward a position of greater authority. The discipline you practice now is building something solid for later.","Формируется позиция большей стабильности и влияния. Фундамент, который закладывается сейчас, выдержит. Строй с убеждённостью."
"readings","readings.arcana-5.keywords","tradition, guidance, conformity, mentorship","традиция, мудрость, наставничество, духовное учение"
"readings","readings.arcana-5.meaning","The Hierophant represents the wisdom that comes through lineage — teachers, traditions, institutions. Sometimes you need to learn the rules before you break them. This card says: find the teacher.","Иерофант — хранитель устоявшейся мудрости. Учитель, традиция, система, прошедшая проверку временем. Иногда ответы не новы — они передаются из поколения в поколение."
"readings","readings.arcana-5.past","A mentor, a tradition, or a belief system gave you a foundation. Whether you still follow it or pushed against it, it shaped your path.","Учитель или традиция дали основу, которая до сих пор формирует мышление. Те уроки — принятые или отвергнутые — стали частью тебя."
"readings","readings.arcana-5.present","Seek guidance from someone who has walked this road before. There's no shame in learning from established wisdom — not everything needs to be reinvented.","Обратись к устоявшемуся знанию. Наставник, практика, проверенный путь хранят то, что нужно сейчас. Не всё нужно изобретать заново."
"readings","readings.arcana-5.future","You'll be called to pass on what you know. The role of teacher or guide is forming ahead of you, whether you planned for it or not.","Приближается роль учителя или проводника. Опыт, который накоплен, готовится послужить другим."
"readings","readings.arcana-6.keywords","love, choice, union, values","любовь, союз, выбор, согласие"
"readings","readings.arcana-6.meaning","The Lovers is less about romance and more about choice. Two paths, two forces, two truths — and you must choose. The real question: what do you value enough to commit to?","Влюблённые — это не просто романтика. Это момент, когда две силы встречаются и требуют честного выбора. Карта о союзе, притяжении и мужестве быть уязвимым."
"readings","readings.arcana-6.past","A defining choice was made — one that aligned you with someone or something at a deep level. That decision still echoes.","Судьбоносный выбор или глубокая связь определили направление. Тот момент единения до сих пор звучит в жизни."
"readings","readings.arcana-6.present","You're facing a choice that touches who you are at the core. Don't choose what's easy. Choose what's true.","Перед тобой значимый выбор — не только головой, но и сердцем. Следуй за тем, что созвучно глубинной правде."
"readings","readings.arcana-6.future","A significant union or decision is approaching. It will ask you to be honest about what you actually want — not what you think you should want.","Приближается мощная связь или решение, которое всё изменит. Будь это человек или собственный путь — оно преобразит."
"readings","readings.arcana-7.keywords","determination, willpower, victory, control","воля, движение, победа, контроль"
"readings","readings.arcana-7.meaning","The Chariot moves forward through sheer force of will. Two opposing forces, one driver. This isn't gentle progress — it's controlled aggression toward a goal. Hold the reins tight.","Колесница несётся вперёд, управляемая чистой волей. Два сфинкса тянут в разные стороны, но возничий держит курс. Победа через дисциплину, не через силу."
"readings","readings.arcana-7.past","You pushed through something by sheer determination. The victory wasn't handed to you — you wrestled it into existence.","Была победа, добытая упорством и самоконтролем. Период, когда внутренние противоречия удалось обуздать и направить в одну сторону."
"readings","readings.arcana-7.present","Conflict is pulling you in two directions. The only way forward is to master both forces and drive. Hesitate and you stall.","Время собрать волю и двигаться. Препятствия есть, но они не остановят — если держать поводья крепко и не сворачивать."
"readings","readings.arcana-7.future","A breakthrough is coming, but it won't be effortless. You'll need every ounce of focus and willpower. The good news: you have it.","Впереди победа, но она потребует дисциплины. Успех придёт к тем, кто не теряет фокус, даже когда тянет в разные стороны."
"readings","readings.arcana-8.keywords","justice, fairness, truth, accountability","справедливость, истина, равновесие, последствия"
"readings","readings.arcana-8.meaning","Justice holds the scales and the sword. This is about cause and effect, plain and simple. What you put out comes back. The truth will be weighed — and the verdict will be fair.","Справедливость держит весы и меч. Здесь нет места иллюзиям — только честный взгляд на вещи. Каждое действие имеет последствия, и сейчас время встретиться с правдой."
"readings","readings.arcana-8.past","A decision was made that balanced the scales. Something was settled — fairly or not — and the consequences played out as they should.","Решение, принятое по совести, определило дальнейшее. Справедливость — полученная или отданная — стала фундаментом того, что есть сейчас."
"readings","readings.arcana-8.present","Be honest. With yourself, with others. A situation demands fairness and clear-eyed truth. The scales are watching.","Пора взглянуть на ситуацию честно. Без оправданий, без иллюзий. Истина может быть неудобной, но именно она освобождает."
"readings","readings.arcana-8.future","A reckoning is coming — not punishment, but balance. What's been out of alignment will be corrected. Trust the process.","Равновесие восстановится. То, что посеяно, будет пожато — и это касается и хорошего, и трудного. Справедливость приближается."
"readings","readings.arcana-9.keywords","solitude, introspection, guidance, wisdom","уединение, поиск, мудрость, внутренний свет"
"readings","readings.arcana-9.meaning","The Hermit climbs alone, lantern in hand. This isn't loneliness — it's chosen solitude. Sometimes the answers only come when you step away from the noise and walk your own path for a while.","Отшельник стоит на вершине горы с фонарём в руке. Свет направлен не наружу, а внутрь. Время уйти от шума и найти ответы в тишине."
"readings","readings.arcana-9.past","A period of withdrawal taught you something no one else could. That time alone — voluntary or not — gave you clarity you still carry.","Период одиночества или отступления от мира принёс ясность. Отойти в сторону оказалось не слабостью, а необходимостью."
"readings","readings.arcana-9.present","Pull back. The crowd doesn't have your answers right now. Take the lantern and go inward. What you find in the silence will be worth the solitude.","Нужно побыть наедине с собой. Ответы не придут от других — они ждут в тишине. Отключись от внешнего шума."
"readings","readings.arcana-9.future","A period of necessary solitude is ahead. It may not feel comfortable, but it will give you the clarity you've been missing.","Впереди период осмысления. Путь потребует уединения, но именно там обнаружится то, что давно искалось."
"readings","readings.arcana-10.keywords","cycles, fate, turning point, change","судьба, перемены, циклы, поворот"
"readings","readings.arcana-10.meaning","The Wheel turns — always has, always will. What's up comes down, what's down comes up. This card is a reminder that nothing is permanent. The only constant is the turning itself.","Колесо Фортуны вращается, не спрашивая разрешения. Подъёмы и спады — часть цикла. Контролировать колесо нельзя, но можно выбрать, как на нём держаться."
"readings","readings.arcana-10.past","A major shift changed everything — fortune turned and your circumstances flipped. That cycle completed itself whether you were ready or not.","Поворот судьбы — удачный или нет — изменил всё. Тот момент, когда колесо крутнулось, задал новое направление."
"readings","readings.arcana-10.present","Things are in motion. You can't stop the wheel, but you can choose how you ride it. Something is shifting right now.","Что-то меняется прямо сейчас. Не пытайся удержать то, что уходит. Колесо вращается — и это нормально."
"readings","readings.arcana-10.future","A turn of fate is approaching. Luck, circumstance, timing — something is about to rotate in your favor. Be ready to move.","Приближается перемена. Контролировать её не удастся, но встретить — вполне. Циклы не бывают вечными, и этот тоже сменится."
"readings","readings.arcana-11.keywords","courage, patience, inner strength, compassion","сила, терпение, мужество, мягкая власть"
"readings","readings.arcana-11.meaning","Strength isn't the lion — it's the woman with her hands on its jaws. Quiet power, gentle control, the kind of courage that doesn't need to roar. Master yourself before you try to master anything else.","Сила укрощает льва не цепями, а нежностью. Настоящая сила не в грубости — в терпении, выдержке и способности оставаться мягким, когда всё вокруг давит."
"readings","readings.arcana-11.past","You faced something that required deep inner strength — not force, but endurance. That quiet courage got you through.","Было время, когда мягкость победила грубую силу. Терпение и внутренняя стойкость помогли пройти через то, что казалось непреодолимым."
"readings","readings.arcana-11.present","The situation calls for patience, not power. Meet the challenge gently but firmly. You're stronger than the thing you're afraid of.","Ситуация требует не натиска, а терпения. Укроти внутреннего зверя мягкостью. Настоящая власть — в спокойствии."
"readings","readings.arcana-11.future","You'll be tested — not by an external enemy, but by your own impulses. The strength you need is already inside you. Trust it.","Впереди испытание, которое потребует выдержки, а не борьбы. Мягкая сила окажется мощнее любого удара."
"readings","readings.arcana-12.keywords","surrender, new perspective, letting go, pause","пауза, жертва, новый взгляд, отпускание"
"readings","readings.arcana-12.meaning","The Hanged Man hangs by choice. The world looks different upside down — and that's the point. This is voluntary suspension, a pause that changes everything. Stop struggling and see what the stillness shows you.","Повешенный висит вниз головой, но на его лице покой. Мир перевернулся — и именно так появляется новый взгляд. Иногда нужно отпустить контроль, чтобы увидеть истину."
"readings","readings.arcana-12.past","A period of waiting or sacrifice shifted your entire perspective. What felt like stagnation was actually transformation in disguise.","Период вынужденной паузы или жертвы изменил восприятие. То, что казалось потерей, оказалось перезагрузкой."
"readings","readings.arcana-12.present","Let go of the need to act. The answer comes when you stop chasing it. Surrender isn't defeat — it's strategy.","Стоит остановиться и посмотреть на всё с другой стороны. Привычный подход не работает — пора перевернуть перспективу."
"readings","readings.arcana-12.future","A pause is coming. It will feel frustrating, but it's necessary. What you see from this new angle will change your approach entirely.","Впереди пауза, которая покажется бездействием, но на самом деле будет трансформацией. Отпусти — и увидишь."
"readings","readings.arcana-13.keywords","endings, transformation, transition, release","конец, трансформация, освобождение, обновление"
"readings","readings.arcana-13.meaning","Death clears the field. Not destruction for its own sake — but the necessary ending that makes room for what's next. Something must die for something new to live. Let it go.","Смерть — не гибель, а линия между тем, что было, и тем, что будет. Что-то заканчивается, и это не трагедия — это освобождение места для нового. Держаться за старое бессмысленно."
"readings","readings.arcana-13.past","Something ended — a relationship, an identity, a chapter. It hurt. But look at what grew in the space it left.","Что-то важное завершилось, и это завершение расчистило путь. Конец, который тогда причинял боль, оказался необходимым."
"readings","readings.arcana-13.present","A transformation is underway. Resist it and you suffer longer. The thing that's ending has served its purpose. Release it with respect.","Пора отпустить. То, что отжило, тянет назад. Трансформация уже идёт — не сопротивляйся."
"readings","readings.arcana-13.future","A significant ending is ahead. It's not a tragedy — it's a threshold. What follows will be worth what you leave behind.","Приближается завершение цикла. Это не разрушение — это обновление. За порогом ждёт то, для чего сейчас нет места."
"readings","readings.arcana-14.keywords","balance, moderation, patience, purpose","баланс, терпение, гармония, умеренность"
"readings","readings.arcana-14.meaning","Temperance pours water between two cups — back and forth, never spilling. This is the art of balance, of blending opposites, of finding the middle way. Patience and moderation will get you further than force.","Умеренность переливает воду между двумя чашами, не проливая ни капли. Это искусство баланса, смешения противоположностей и терпеливого ожидания. Не нужно спешить — всё течёт как надо."
"readings","readings.arcana-14.past","A period of finding balance after extremes. You learned — maybe the hard way — that the middle path works better than the edges.","Период, когда удалось найти баланс между крайностями. Терпение и умеренность создали гармонию, которая всё ещё ощущается."
"readings","readings.arcana-14.present","Easy does it. Whatever you're dealing with needs a measured approach, not a dramatic one. Blend, don't force.","Ищи золотую середину. Крайности сейчас не помогут — только баланс и терпение. Смешивай, пробуй, но не торопись."
"readings","readings.arcana-14.future","Harmony is building. The opposing forces in your life are moving toward integration. Give it time — the alchemy takes patience.","Впереди гармония. Противоположности найдут точку равновесия. Терпение, проявленное сейчас, окупится сторицей."
"readings","readings.arcana-15.keywords","shadow, bondage, materialism, attachment","зависимость, тень, иллюзия, привязанность"
"readings","readings.arcana-15.meaning","The Devil shows you the chains you chose to wear. Addiction, obsession, toxic patterns — they look comfortable until you realize you can't leave. The chains are loose. You could take them off. Will you?","Дьявол показывает цепи, которые кажутся крепкими, но на самом деле не заперты. Привязанности, зависимости, страхи — всё это держит ровно настолько, насколько позволяешь. Пора увидеть клетку такой, какая она есть."
"readings","readings.arcana-15.past","A pattern of attachment held you — a habit, a relationship, a belief that kept you small. Recognizing the cage was the first step out.","Что-то держало в плену — привычка, отношения, страх. Цепи казались реальнее, чем были на самом деле."
"readings","readings.arcana-15.present","Something has more power over you than it should. A craving, a fear, a comfortable trap. Name it honestly. The chains aren't locked.","Посмотри, что контролирует тебя прямо сейчас. Зависимость, паттерн, иллюзия комфорта. Цепи не заперты — достаточно их снять."
"readings","readings.arcana-15.future","Be watchful. An attachment or temptation is approaching that will feel good in the short term and cost you in the long run. You'll know it when you see it.","Предстоит встреча с собственной тенью. Это не наказание — это шанс освободиться от того, что давно пора отпустить."
"readings","readings.arcana-16.keywords","upheaval, revelation, sudden change, breakdown","разрушение, откровение, хаос, освобождение"
"readings","readings.arcana-16.meaning","The Tower gets struck by lightning and everything comes down. This isn't gentle change — it's the kind that shatters what was built on a shaky foundation. It's brutal. It's also necessary.","Башня рушится от удара молнии. То, что казалось прочным, разлетается на куски. Это больно, но молния бьёт только в то, что построено на ложном основании. Разрушение расчищает место для правды."
"readings","readings.arcana-16.past","Something collapsed suddenly — a belief, a structure, a relationship. It was devastating at the time. It was also the most honest thing that could have happened.","Что-то рухнуло — внезапно и болезненно. Но именно это разрушение расчистило почву для чего-то настоящего."
"readings","readings.arcana-16.present","Things are falling apart. Let them. What crumbles now wasn't solid to begin with. The destruction is clearing the ground for something real.","Трещины уже видны. Не пытайся залатать то, что должно рухнуть. Позволь разрушению произойти — за ним придёт ясность."
"readings","readings.arcana-16.future","A sudden disruption is ahead. You can't prevent it, but you can choose what you build afterward. The old structure won't survive — and that's the point.","Впереди потрясение. Оно будет резким, но не случайным. То, что не выдержит — и не должно было стоять. После бури будет чисто."
"readings","readings.arcana-17.keywords","hope, faith, renewal, inspiration","надежда, вдохновение, обновление, вера"
"readings","readings.arcana-17.meaning","The Star comes after the Tower — calm after the storm. Naked, vulnerable, pouring water onto the earth and into the pool. This is quiet hope, the kind that returns when the worst is over.","Звезда сияет после бури. Женщина льёт воду на землю и в воду — питая и тело, и дух. После разрушения приходит тихая, уверенная надежда. Худшее позади."
"readings","readings.arcana-17.past","After a period of darkness, hope returned. That moment of renewal — fragile but real — set you on a better path.","После тёмного периода пришёл свет. Надежда вернулась, когда казалось, что всё потеряно. Тот момент обновления оставил глубокий след."
"readings","readings.arcana-17.present","Breathe. The worst has passed. This is a time for healing, for reconnecting with what inspires you. Let yourself feel hopeful again.","Свет уже виден. После трудного периода приходит облегчение и тихая вера в то, что всё будет хорошо. Доверься этому чувству."
"readings","readings.arcana-17.future","Renewal is coming. After the upheaval, after the struggle — a clear, starlit night. You'll find your faith again.","Впереди обновление и вдохновение. Звезда уже взошла, даже если её пока не видно. Надежда — не иллюзия, а обещание."
"readings","readings.arcana-18.keywords","illusion, fear, anxiety, subconscious","иллюзия, страх, подсознание, неясность"
"readings","readings.arcana-18.meaning","The Moon lights up a strange landscape — nothing is quite what it seems. Fears, illusions, things half-seen in the dark. This card says: what you're afraid of may not be real, but the fear itself needs attention.","Луна освещает путь, но её свет обманчив. Тени кажутся чудовищами, а знакомое — чужим. Здесь царит подсознание, страхи и то, что не хочется видеть. Не всё то, чем кажется."
"readings","readings.arcana-18.past","A period of confusion or deception colored your experience. Things weren't as they appeared, and the uncertainty left a mark.","Период тумана и неясности, когда иллюзии казались реальностью. Страхи управляли решениями, и не всё было таким, каким выглядело."
"readings","readings.arcana-18.present","Trust is shaky right now. Something feels off, and you can't quite pin it down. Don't make big decisions in this fog — wait for clarity.","Что-то не так, как кажется. Не доверяй первому впечатлению. Страхи искажают восприятие — отдели реальное от воображаемого."
"readings","readings.arcana-18.future","A period of uncertainty is ahead. Not everything will be as it appears. Keep your wits about you and don't let anxiety drive your choices.","Впереди период неопределённости. Туман рассеется, но не сразу. Двигайся осторожно и не принимай тени за истину."
"readings","readings.arcana-19.keywords","joy, success, vitality, clarity","радость, успех, ясность, жизненная сила"
"readings","readings.arcana-19.meaning","The Sun shines without apology. Warmth, clarity, simple happiness — the kind that doesn't need to justify itself. After the Moon's confusion, this is daylight. Everything is visible and good.","Солнце светит без оговорок. Здесь всё ясно, тепло и полно жизни. Ребёнок на белом коне — чистая радость без условий. Карта говорит: да, всё хорошо, и это заслуженно."
"readings","readings.arcana-19.past","There was a time of genuine happiness — uncomplicated joy that lit everything up. That warmth is part of your story and can be returned to.","Был период настоящего счастья и ясности. Время, когда всё было на своих местах и жизнь ощущалась полной."
"readings","readings.arcana-19.present","Things are good. Really good. Let yourself enjoy it without waiting for the other shoe to drop. This is your moment in the sun.","Солнце светит прямо сейчас. Радость, энергия, ясность — всё это доступно. Прими это без сомнений."
"readings","readings.arcana-19.future","Bright days ahead. Success, clarity, and warmth are coming. Whatever you've been working toward is about to step into the light.","Впереди период радости и успеха. Тучи рассеиваются, и то, что было неясным, станет очевидным. Свет приближается."
"readings","readings.arcana-20.keywords","reflection, reckoning, awakening, absolution","пробуждение, призыв, суд, обновление"
"readings","readings.arcana-20.meaning","Judgement calls everyone to rise. This isn't external judgment — it's the moment you look at your whole life and decide what stays and what's released. A final reckoning before a new beginning.","Суд — это момент, когда трубы звучат и прошлое встаёт перед глазами. Не наказание, а пробуждение. Время оценить пройденное и ответить на зов того, кем ты на самом деле являешься."
"readings","readings.arcana-20.past","A moment of deep reckoning changed your direction. You looked honestly at where you'd been and made a choice about where to go next.","Был момент пробуждения — осознание, которое всё изменило. Зов прозвучал, и жизнь разделилась на «до» и «после»."
"readings","readings.arcana-20.present","You're being called to account — by yourself, not others. What have you learned? What needs to be forgiven? Answer honestly and you'll be free.","Что-то зовёт изнутри. Это не просто желание — это призвание. Пора честно посмотреть на свой путь и ответить."
"readings","readings.arcana-20.future","An awakening is ahead. Not sudden like the Tower, but deep and deliberate. You'll see your path with new clarity and know exactly what to do.","Приближается момент истины. Всё, что было накоплено, будет оценено — не кем-то другим, а тобой. Пробуждение неизбежно."
"readings","readings.arcana-21.keywords","completion, integration, accomplishment, wholeness","завершение, целостность, достижение, гармония"
"readings","readings.arcana-21.meaning","The World is the final card — the dance at the end of the journey. Everything has come full circle. A chapter is complete, and you stand whole within it. Celebrate before you begin again.","Мир — танцующая фигура в венке из лавров, окружённая четырьмя стихиями. Цикл завершён. Всё на своём месте, всё в гармонии. Это не конец — это полнота."
"readings","readings.arcana-21.past","A cycle completed. Something you worked toward for a long time finally came together. That accomplishment is real — own it.","Что-то было завершено целиком — без недосказанностей, без хвостов. Тот момент полноты и гармонии до сих пор отзывается."
"readings","readings.arcana-21.present","You're at the end of a major chapter. Integration, completion, the feeling of having arrived. Pause and take it in before the next cycle begins.","Цикл подходит к завершению. Всё сходится в единое целое. Почувствуй эту полноту — она заслужена."
"readings","readings.arcana-21.future","Completion is approaching. The long road you've been on is reaching its destination. What awaits is wholeness and the satisfaction of a journey finished.","Впереди завершение и гармония. Всё, над чем шла работа, соберётся в единую картину. Круг замкнётся."
"readings","readings.chalices-1.keywords","new love, emotional beginning, intuition, compassion","новое чувство, интуиция, любовь, начало"
"readings","readings.chalices-1.meaning","The Ace of Chalices is a cup overflowing. A new emotional beginning — love, creative inspiration, or a spiritual opening. Something is being offered to you. Open your hands.","Туз Кубков — рука из облака, протягивающая чашу, полную чувств. Новое эмоциональное начало: любовь, творческое вдохновение или духовный дар. Прими то, что предлагается."
"readings","readings.chalices-1.past","An emotional door opened — new love, a creative spark, or a spiritual awakening. That opening changed the course of your inner life.","Что-то открылось в сердце — новое чувство, связь или творческий поток. Это начало изменило эмоциональный ландшафт."
"readings","readings.chalices-1.present","Something new is stirring in your heart. A feeling, a connection, a creative impulse. Don't analyze it — receive it.","Перед тобой дар — эмоциональный или творческий. Не анализируй, не сомневайся. Прими чашу."
"readings","readings.chalices-1.future","An emotional gift is on its way. New love, deep inspiration, or a moment of pure connection. Be open to what arrives.","Приближается новое чувство или связь. Сердце готовится открыться для чего-то свежего и настоящего."
"readings","readings.chalices-2.keywords","partnership, mutual attraction, connection, harmony","партнёрство, притяжение, связь, взаимность"
"readings","readings.chalices-2.meaning","Two cups raised in mutual recognition. This is partnership at its simplest — two people seeing each other clearly and choosing to connect. Equal exchange, no games.","Двойка Кубков — две фигуры протягивают друг другу чаши. Взаимная связь, притяжение, честный обмен. Не обязательно романтика — любое партнёрство, основанное на равенстве."
"readings","readings.chalices-2.past","A meaningful partnership shaped you — romantic or otherwise. The mutual respect and genuine connection left a lasting impression.","Связь, построенная на взаимности и уважении, оставила след. Тот союз — каким бы он ни был — научил чему-то важному."
"readings","readings.chalices-2.present","A connection is forming based on real mutual attraction. This is balanced, honest, and worth investing in.","Рядом есть кто-то, с кем возможна настоящая связь. Или уже существующие отношения выходят на новый уровень честности."
"readings","readings.chalices-2.future","A significant partnership is ahead. Someone will meet you where you are — no pretense, no imbalance. Just honest connection.","Впереди встреча или углубление связи. Партнёрство, основанное на равенстве и взаимном уважении."
"readings","readings.chalices-3.keywords","celebration, friendship, community, joy","праздник, дружба, общность, радость"
"readings","readings.chalices-3.meaning","Three cups raised in celebration. Friends, community, shared joy. This card is a party — not a wild one, but the kind where you look around and realize you're surrounded by people who actually care.","Тройка Кубков — три фигуры поднимают чаши в общем тосте. Праздник, дружба, общая радость. Время отметить то, что есть, вместе с теми, кто рядом."
"readings","readings.chalices-3.past","A celebration or gathering brought genuine joy. The community around you at that time lifted you up in ways that mattered.","Период радости и единства с близкими. Время, когда дружба и общность давали силу и поддержку."
"readings","readings.chalices-3.present","Celebrate what you have. Call the friends, raise a glass, enjoy the moment. Not everything needs to be heavy or meaningful — sometimes joy is enough.","Есть повод отпраздновать — не в одиночку. Обратись к тем, кто рядом. Разделённая радость удваивается."
"readings","readings.chalices-3.future","A gathering or celebration is ahead. Good company, shared happiness, the warmth of belonging. Let yourself enjoy it.","Впереди встреча или событие, которое принесёт общую радость. Близкие люди будут рядом в нужный момент."
"readings","readings.chalices-4.keywords","apathy, contemplation, disconnection, missed opportunity","апатия, пресыщение, упущенное, созерцание"
"readings","readings.chalices-4.meaning","Four cups — three on the ground, one being offered by a hand from a cloud. But the figure sits with crossed arms, too bored or brooding to notice. What you're looking for might already be in front of you.","Четвёрка Кубков — фигура сидит, скрестив руки, не замечая протянутую чашу. Пресыщение или разочарование мешают видеть то, что предлагается. Посмотри внимательнее — рядом есть то, что упускаешь."
"readings","readings.chalices-4.past","You missed something because you were too caught up in what you didn't have. An opportunity or connection went unnoticed while you were focused elsewhere.","Период апатии или разочарования, когда что-то важное осталось незамеченным. Возможность была рядом, но взгляд был направлен не туда."
"readings","readings.chalices-4.present","Boredom or dissatisfaction is clouding your vision. There's an offer on the table you're not seeing. Look up.","Что-то предлагается, но ты этого не видишь. Скука или обида закрывают обзор. Оглянись — четвёртая чаша ждёт."
"readings","readings.chalices-4.future","Be careful not to overlook what's being offered. Discontent can blind you to real gifts. The fourth cup is there — you just need to reach for it.","Возможность придёт тихо, без фанфар. Важно не пропустить её за пеленой привычного недовольства."
"readings","readings.chalices-5.keywords","grief, loss, regret, disappointment","потеря, горе, сожаление, неполная картина"
"readings","readings.chalices-5.meaning","Five cups — three spilled, two still standing. The figure stares at the loss, back turned to what remains. Grief is real, but so is what survived. The question is which cups you focus on.","Пятёрка Кубков — фигура в чёрном плаще скорбит над тремя упавшими чашами, не замечая две, стоящие позади. Горе реально, но оно не вся история. Кое-что уцелело."
"readings","readings.chalices-5.past","A loss hit hard, and you spent time mourning what was gone. That grief was valid — but it may have kept you from seeing what was left.","Потеря причинила боль, и горе было настоящим. Но в фокусе на утраченном легко было не заметить то, что осталось."
"readings","readings.chalices-5.present","You're focused on what went wrong. That's understandable. But turn around — not everything is lost. Two cups still stand.","Горе или сожаление занимает всё поле зрения. Но обернись — две чаши всё ещё стоят. Не всё потеряно."
"readings","readings.chalices-5.future","A disappointment is ahead, but it won't take everything. Allow yourself to grieve, then look at what remains. It's more than you think.","Впереди может быть утрата, но не полная. Важно помнить: даже в горе остаётся то, за что можно держаться."
"readings","readings.chalices-6.keywords","nostalgia, memories, innocence, reunion","ностальгия, прошлое, невинность, воспоминания"
"readings","readings.chalices-6.meaning","Six cups filled with flowers, a scene from childhood. This card smells like your grandmother's house. Nostalgia, old memories, the sweetness of simpler times. Just be careful not to live there.","Шестёрка Кубков — ребёнок протягивает цветок. Возвращение к простоте, ностальгия, тёплые воспоминания. Прошлое напоминает о себе — не для того, чтобы вернуть, а чтобы согреть."
"readings","readings.chalices-6.past","A memory or a person from your past played a significant role. That innocence and warmth shaped you in ways you might not fully appreciate.","Детство, невинность, время, когда всё было проще. Эти воспоминания до сих пор греют и формируют."
"readings","readings.chalices-6.present","The past is calling — an old friend, a memory, a place you used to know. It's okay to revisit, but remember: you can't move forward looking backward.","Что-то из прошлого возвращается — человек, чувство, воспоминание. Прими это с теплотой, но не пытайся жить там."
"readings","readings.chalices-6.future","Someone or something from your past will reappear. A reunion, a memory resurfacing, or a return to something familiar. Enjoy it, but stay grounded in the present.","Впереди встреча с прошлым — через человека или ситуацию. Она принесёт тепло и ясность о том, откуда ты идёшь."
"readings","readings.chalices-7.keywords","fantasy, illusion, wishful thinking, choices","иллюзия, фантазия, выбор, соблазн"
"readings","readings.chalices-7.meaning","Seven cups float in the clouds — each one a fantasy, a wish, a distraction. Castles, jewels, dragons, a veiled figure. Tempting, but none of it is real yet. Choose one and make it solid, or keep dreaming forever.","Семёрка Кубков — фигура перед семью чашами, каждая с видением внутри. Соблазны, фантазии, воздушные замки. Не все чаши содержат то, что обещают. Пора отличить мечту от иллюзии."
"readings","readings.chalices-7.past","Too many options or fantasies scattered your focus. You spent time chasing illusions instead of committing to something real.","Время фантазий и нереализованных желаний. Не всё, что манило, оказалось стоящим."
"readings","readings.chalices-7.present","You're lost in possibilities. Some are genuine, most are smoke. Get honest about what you actually want — then commit to it.","Слишком много вариантов, и не все реальны. Часть из того, что видится, — иллюзия. Заземлись и выбери одну чашу."
"readings","readings.chalices-7.future","A dazzling array of options will present themselves. Most are distractions. Discernment will be your most valuable skill.","Впереди искушение принять желаемое за действительное. Различай мечту и побег от реальности."
"readings","readings.chalices-8.keywords","departure, withdrawal, letting go, searching","уход, разочарование, поиск глубины, оставление"
"readings","readings.chalices-8.meaning","Eight cups stacked neatly, a figure walking away under a crescent moon. Something is being left behind — not because it's bad, but because it's not enough anymore. This is a quiet, necessary departure.","Восьмёрка Кубков — фигура уходит от восьми сложенных чаш к горам. Что-то больше не наполняет. Уход — не бегство, а честность. Иногда нужно оставить то, что перестало иметь смысл."
"readings","readings.chalices-8.past","You walked away from something that looked fine from the outside but felt empty within. That departure took courage, even if no one understood it.","Уход от чего-то, что перестало быть достаточным. Это решение было трудным, но необходимым для роста."
"readings","readings.chalices-8.present","Something isn't filling you anymore. The cups are there, but they're not enough. It's time to walk away and look for what's missing.","Что-то перестало наполнять. Пора честно признать это и двигаться дальше. То, что ищешь, не здесь."
"readings","readings.chalices-8.future","You'll reach a point where you outgrow a situation. The departure will be quiet and deliberate — not dramatic, but deeply necessary.","Впереди решение уйти от привычного ради чего-то более глубокого. Это потребует мужества, но принесёт освобождение."
"readings","readings.chalices-9.keywords","contentment, satisfaction, gratitude, wish fulfilled","удовлетворение, изобилие, благополучие, исполнение"
"readings","readings.chalices-9.meaning","Nine cups displayed proudly, the figure sits with arms crossed and a satisfied grin. The wish card. What you wanted — you got it. Enjoy the moment of having enough.","Девятка Кубков — фигура сидит перед девятью полными чашами, скрестив руки в довольстве. Карта исполнения желаний. То, о чём мечталось, сбывается. Позволь себе наслаждаться."
"readings","readings.chalices-9.past","A wish came true. A moment of genuine satisfaction when things lined up the way you hoped. That contentment was earned.","Период, когда желания сбывались и жизнь ощущалась полной. Это удовлетворение было заслуженным."
"readings","readings.chalices-9.present","Look at what you have. Really look. This is a moment of fulfillment — maybe not perfection, but genuine satisfaction. Let yourself enjoy it.","Прямо сейчас есть больше поводов для благодарности, чем кажется. Девять чаш полны — наслаждайся моментом."
"readings","readings.chalices-9.future","A wish is about to be granted. Not in a fairy-tale way, but in the real, solid way that comes from work meeting luck. Savor it.","Впереди исполнение важного желания. То, к чему стремились, готово осуществиться."
"readings","readings.chalices-10.keywords","harmony, family, happiness, emotional fulfillment","семья, гармония, счастье, эмоциональная полнота"
"readings","readings.chalices-10.meaning","Ten cups arched like a rainbow over a happy family. Emotional completion — love, belonging, the whole picture. This is what it looks like when the heart has everything it needs.","Десятка Кубков — семья под радугой из десяти чаш. Эмоциональная полнота, семейное счастье, глубокая связь с близкими. Это не идеализация — это то, что возможно, когда сердце открыто."
"readings","readings.chalices-10.past","A time of deep emotional fulfillment — family, love, belonging. That experience of wholeness set a standard for what happiness can look like.","Период настоящего эмоционального счастья — с семьёй, с близкими, в ощущении принадлежности."
"readings","readings.chalices-10.present","Emotional abundance surrounds you. Family, love, connection — the full picture. Don't take it for granted. This is the thing people are chasing.","Счастье рядом — в отношениях, в семье, в ощущении дома. Не ищи далеко — радуга уже над головой."
"readings","readings.chalices-10.future","Lasting emotional fulfillment is ahead. Not a fleeting high, but the deep, steady happiness that comes from genuine connection and love.","Впереди период эмоциональной полноты и гармонии с близкими. То, к чему стремится сердце, достижимо."
"readings","readings.chalices-page.keywords","creative spark, curiosity, sensitivity, new feelings","мечтательность, послание, нежность, интуиция"
"readings","readings.chalices-page.meaning","A young figure gazes at a cup with a fish leaping from it — surprised and enchanted. New emotional or creative stirrings, the sensitivity of someone just learning to feel deeply.","Паж Кубков смотрит на рыбку в своей чаше с детским удивлением. Творческое послание, начало нового чувства, интуитивный проблеск. Что-то нежное стучится в дверь."
"readings","readings.chalices-page.past","An early emotional experience awakened something in you. A first crush, a creative discovery, a moment of surprising tenderness.","Первый проблеск чувства или творческого импульса — робкий, но настоящий. Это нежное начало оставило след."
"readings","readings.chalices-page.present","A new feeling is emerging — tender, unformed, full of possibility. Approach it with curiosity, not skepticism. Let it develop.","Приходит послание — через чувство, сон или внезапное вдохновение. Обрати внимание на тихие сигналы."
"readings","readings.chalices-page.future","A message of the heart is coming. New creative inspiration or an emotional surprise that reawakens your sense of wonder.","Впереди нежное начало — новое чувство, творческая идея или эмоциональное открытие."
"readings","readings.chalices-knight.keywords","romance, charm, idealism, imagination","романтика, идеализм, чувственность, приглашение"
"readings","readings.chalices-knight.meaning","The Knight of Chalices rides slowly, cup extended like an offering. The romantic, the poet, the one who follows the heart without question. Beautiful — just make sure it's grounded in reality.","Рыцарь Кубков едет медленно, протягивая чашу как дар. Романтик, мечтатель, тот, кто следует за сердцем. Приглашение к чувству — искреннее, но, возможно, слишком идеалистичное."
"readings","readings.chalices-knight.past","A romantic pursuit or creative passion swept you along. The idealism was genuine, even if reality eventually complicated things.","Романтический жест или период, когда чувства вели за собой. Идеализм был силой — или слабостью."
"readings","readings.chalices-knight.present","Follow your heart — but keep one foot on the ground. A romantic or creative opportunity is presenting itself with great charm. Enjoy it, but stay awake.","Кто-то (или что-то) приглашает открыть сердце. Предложение искреннее. Но проверь — за красивым жестом есть ли глубина?"
"readings","readings.chalices-knight.future","A romantic figure or creative opportunity approaches. It will be appealing and heartfelt. Just remember: charm and substance aren't always the same thing.","Впереди романтическое предложение или эмоциональный призыв. Следовать за сердцем стоит, но не теряя связи с землёй."
"readings","readings.chalices-queen.keywords","compassion, emotional depth, intuition, nurturing","сострадание, эмпатия, забота, эмоциональная глубина"
"readings","readings.chalices-queen.meaning","The Queen of Chalices sits at the water's edge, holding an ornate cup. She feels everything — and somehow doesn't drown. Deep emotional intelligence, compassion without losing herself.","Королева Кубков держит чашу с закрытой крышкой — глубокие чувства, защищённые мудростью. Эмпатия без потери себя. Она чувствует всё, но не тонет."
"readings","readings.chalices-queen.past","A deeply compassionate figure influenced your life — someone who understood emotions intuitively and held space without judgment.","Период глубокой эмоциональной мудрости — когда сострадание и границы существовали вместе. Забота о других не разрушала."
"readings","readings.chalices-queen.present","Lead with empathy right now. The situation calls for emotional intelligence, not logic. Trust your feelings — they're reading the room better than your mind.","Обращайся к чувствам, но храни их мудро. Сострадание — сила, если не растворяешься в чужих эмоциях."
"readings","readings.chalices-queen.future","You're growing into deeper emotional wisdom. The ability to feel deeply without being consumed is developing — and it will serve you well.","Впереди роль, требующая эмоциональной глубины и мудрости. Сострадание станет главным инструментом."
"readings","readings.chalices-king.keywords","emotional maturity, diplomacy, calm, wisdom","эмоциональная зрелость, спокойствие, щедрость, контроль чувств"
"readings","readings.chalices-king.meaning","The King of Chalices sits on his throne amid turbulent waters, perfectly calm. He feels everything but rules it rather than being ruled by it. Emotional mastery — deep water, steady hand.","Король Кубков сидит на троне посреди моря, но волны его не касаются. Эмоциональная зрелость — чувства есть, но они не управляют. Щедрость и теплота, основанные на внутреннем спокойствии."
"readings","readings.chalices-king.past","Emotional mastery was learned, likely through difficult experience. Someone — maybe you — learned to navigate deep feelings without capsizing.","Эмоциональная зрелость, приобретённая через опыт. Период, когда удалось найти спокойствие среди бурных чувств."
"readings","readings.chalices-king.present","Stay calm in the emotional current. You can feel deeply and still make wise decisions. Don't suppress — govern.","Время проявить эмоциональную мудрость. Чувства есть, но не позволяй им управлять действиями. Будь щедрым и спокойным."
"readings","readings.chalices-king.future","Emotional maturity will be your greatest asset in what's coming. The waters will be deep, but you'll navigate them with skill.","Впереди состояние внутреннего покоя. Эмоциональная зрелость, к которой ведёт весь путь, скоро станет естественной."
"readings","readings.swords-1.keywords","clarity, breakthrough, truth, new idea","ясность, прорыв, истина, решимость"
"readings","readings.swords-1.meaning","The Ace of Swords cuts through the fog — one blade, one truth. A breakthrough in thinking, a flash of clarity, the moment when confusion parts and you see things as they are.","Туз Мечей — рука из облака сжимает меч, увенчанный короной. Момент абсолютной ясности, прорыв сквозь иллюзии. Истина остра, но именно она освобождает."
"readings","readings.swords-1.past","A moment of sudden clarity changed everything. An idea, a truth, a realization cut through the noise and gave you direction.","Момент прозрения, когда правда стала очевидной. Эта ясность — болезненная или нет — изменила всё."
"readings","readings.swords-1.present","The truth is available to you right now — sharp and clear. Cut through the confusion. Say what needs to be said. Think clearly.","Пришло время ясности. Отсеки лишнее, посмотри правде в глаза. Меч острый — используй его точно."
"readings","readings.swords-1.future","A breakthrough is coming. Mental clarity, a new idea, or a truth you've been circling will suddenly snap into focus.","Впереди прорыв — момент, когда туман рассеется и истина станет неизбежной. Ясность приближается."
"readings","readings.swords-2.keywords","indecision, stalemate, avoidance, difficult choice","тупик, выбор, отказ видеть, внутренний конфликт"
"readings","readings.swords-2.meaning","A blindfolded figure holds two crossed swords, the sea calm behind them. Paralysis by analysis. Two options, no movement. The blindfold isn't ignorance — it's avoidance. Pick a sword.","Двойка Мечей — фигура с завязанными глазами держит два скрещённых меча. Отказ выбирать, внутренний тупик. Повязка на глазах не защищает — она продлевает боль."
"readings","readings.swords-2.past","A period of indecision kept you stuck. You couldn't — or wouldn't — choose, and the stalemate cost you time.","Период, когда решение откладывалось, глаза были закрыты. Этот тупик длился дольше, чем нужно было."
"readings","readings.swords-2.present","You're avoiding a decision. The two options aren't going to resolve themselves. Remove the blindfold and choose.","Решение нужно принять, но что-то мешает. Повязку на глазах надели не враги — ты сам. Сними её."
"readings","readings.swords-2.future","A difficult choice is ahead. The temptation will be to avoid it, to stay balanced between two sides. Don't. Choose and move.","Впереди необходимость выбора, который нельзя больше откладывать. Чем дольше медлить, тем больнее будет."
"readings","readings.swords-3.keywords","heartbreak, sorrow, grief, painful truth","боль, разбитое сердце, горе, страдание"
"readings","readings.swords-3.meaning","Three swords through a heart. There's no gentle way to read this — it's pain. Heartbreak, betrayal, a truth that cuts. But the rain clears. This is the wound, not the whole story.","Тройка Мечей — сердце, пронзённое тремя клинками, под дождём. Боль настоящая, горе глубокое. Эта карта не утешает — она признаёт. Иногда единственный путь — через."
"readings","readings.swords-3.past","A deep hurt — betrayal, heartbreak, or a painful truth — left its mark. The wound may have healed, but the scar taught you something.","Было время острой боли — предательство, потеря, разрыв. Раны зажили, но шрамы формируют."
"readings","readings.swords-3.present","Something is causing real pain. Don't minimize it or rush past it. Feel it fully, then let it begin to heal.","Сейчас больно. Не нужно делать вид, что это не так. Признай боль — это первый шаг к исцелению."
"readings","readings.swords-3.future","A painful experience is ahead. It will hurt, but it will also be honest. Better a clean cut than a slow rot.","Впереди может быть боль, но она не уничтожит. Зная о ней заранее, можно встретить её осознанно."
"readings","readings.swords-4.keywords","rest, recovery, contemplation, retreat","отдых, восстановление, перемирие, тишина"
"readings","readings.swords-4.meaning","A figure lies on a stone slab, three swords on the wall, one beneath. Rest after battle. This isn't laziness — it's necessary recovery. Put down the sword. Your mind needs silence.","Четвёрка Мечей — фигура лежит на каменной плите, три меча на стене, один под ней. Вынужденный или добровольный отдых. Битва позади — пора восстановиться, прежде чем двигаться дальше."
"readings","readings.swords-4.past","A period of forced or chosen rest followed a difficult time. That pause was more productive than it felt — the mind healed in the quiet.","Период вынужденного покоя, когда тело или разум потребовали паузу. Это восстановление было необходимым."
"readings","readings.swords-4.present","Rest. You've been fighting — mentally, emotionally, or both. The battle can wait. Recover your strength before the next round.","Нужен отдых. Не временный, а настоящий. Отложи мечи, закрой глаза. Следующая битва подождёт."
"readings","readings.swords-4.future","A period of necessary retreat is coming. Don't resist it. The recovery will prepare you for what follows.","Впереди период затишья. Используй его — восстановись, собери силы. Это не поражение, а подготовка."
"readings","readings.swords-5.keywords","conflict, defeat, hostility, winning at cost","конфликт, поражение, подлость, пиррова победа"
"readings","readings.swords-5.meaning","Five swords, a smirking victor, defeated figures walking away. Someone won — but at what cost? This card asks: was the victory worth the damage? Winning isn't always winning.","Пятёрка Мечей — фигура с тремя мечами смотрит на двух уходящих побеждённых. Победа, но какой ценой? Конфликт, в котором никто не выиграл по-настоящему. Стоило ли это того?"
"readings","readings.swords-5.past","A conflict left wreckage. Someone won, someone lost, and the aftermath was bitter. The victory may have cost more than it was worth.","Конфликт, в котором победа оказалась пустой. Кто-то ушёл с мечами, кто-то — с ранами. Но выиграл ли кто-то?"
"readings","readings.swords-5.present","A conflict is playing out. Before you fight to win, ask yourself what you're actually gaining — and what you're destroying in the process.","Идёт борьба — но за что? Проверь, стоит ли приз битвы. Иногда отступить мудрее, чем победить."
"readings","readings.swords-5.future","A confrontation is ahead. Pick your battles carefully. Some fights aren't worth the prize, and some victories leave you emptier than defeat.","Впереди конфликт, в котором важно не поддаться на провокацию. Победа любой ценой — не победа."
"readings","readings.swords-6.keywords","transition, moving on, leaving behind, recovery","переход, уход, облегчение, путешествие"
"readings","readings.swords-6.meaning","A boatman carries passengers and six swords across calm water. Moving away from something difficult — not running, but deliberately leaving rough waters behind. The journey isn't over, but the worst is.","Шестёрка Мечей — фигуры в лодке плывут к далёкому берегу, оставляя бурные воды позади. Переход от трудного к спокойному. Уход не из слабости, а из мудрости."
"readings","readings.swords-6.past","You moved on from a painful situation. The departure was quiet and necessary — carrying your burdens to calmer shores.","Было оставлено что-то болезненное. Тот переход — физический или эмоциональный — привёл к более спокойным водам."
"readings","readings.swords-6.present","It's time to leave a difficult situation behind. Not dramatically — just get in the boat and go. Calmer waters are ahead.","Время двигаться дальше. Бурные воды остаются позади. Не оглядывайся — впереди спокойный берег."
"readings","readings.swords-6.future","A transition away from difficulty is coming. It will be gradual, not sudden, but the direction is toward peace.","Впереди переход к чему-то более мирному. Трудный период подходит к концу, и облегчение уже близко."
"readings","readings.swords-7.keywords","deception, strategy, stealth, getting away with it","хитрость, стратегия, обман, скрытность"
"readings","readings.swords-7.meaning","A figure sneaks away with five swords, two still planted in the ground. Cleverness or theft? Strategy or deception? This card doesn't judge — it just asks: are you being smart, or are you being dishonest?","Семёрка Мечей — фигура крадётся прочь с пятью мечами, оставляя два. Хитрость, стратегия или обман. Кто-то действует не в открытую. Вопрос — кто и зачем."
"readings","readings.swords-7.past","Someone took a shortcut — maybe you, maybe someone else. It worked at the time, but the ethics of it still linger.","Что-то было сделано тайком — обход правил, хитрый ход. Не обязательно плохое, но и не прямое."
"readings","readings.swords-7.present","Check your strategy. There's a fine line between clever and deceptive. If you have to sneak, ask yourself why.","Кто-то хитрит — возможно, ты, возможно, кто-то рядом. Проверь, что происходит за кулисами. Не всё на виду."
"readings","readings.swords-7.future","Someone may not be playing straight with you — or you'll be tempted to cut corners. Keep your integrity intact, even when nobody's watching.","Впереди ситуация, требующая хитрости или осторожности. Не всегда можно действовать в лоб — иногда нужна стратегия."
"readings","readings.swords-8.keywords","restriction, imprisonment, powerlessness, self-imposed limits","ограничение, бессилие, жертва, ловушка"
"readings","readings.swords-8.meaning","Eight swords surround a bound, blindfolded figure. It looks hopeless — but look closer. The bindings are loose. The path out is open. The prison is mostly in the mind.","Восьмёрка Мечей — фигура связана и окружена мечами, но путь к свободе есть. Ощущение ловушки, бессилия, безвыходности. Но ограничения часто в голове, не в реальности."
"readings","readings.swords-8.past","You felt trapped — by circumstances, by people, by your own thoughts. But the cage was never as locked as it seemed.","Период, когда всё казалось безвыходным. Ограничения — реальные или воображаемые — держали на месте."
"readings","readings.swords-8.present","You're more stuck in your head than in reality. The restrictions you're feeling are at least partly self-imposed. Open your eyes — the way out exists.","Чувство, что выхода нет. Но посмотри внимательно — путь свободен, повязка на глазах мешает его увидеть."
"readings","readings.swords-8.future","A situation will make you feel powerless. Before you accept defeat, look again. The constraints aren't as real as they appear.","Впереди может быть ощущение ловушки. Помни: ограничения часто ментальные. Выход есть — нужно только открыть глаза."
"readings","readings.swords-9.keywords","anxiety, worry, nightmares, despair","тревога, бессонница, страх, самобичевание"
"readings","readings.swords-9.meaning","A figure sits up in bed, head in hands, nine swords on the wall behind them. The three AM card. Anxiety, racing thoughts, the kind of worry that wakes you up. Most of what you fear won't happen — but the fear is real.","Девятка Мечей — фигура сидит в постели, закрыв лицо руками, девять мечей на стене. Ночные кошмары, тревога, мысли, которые не дают спать. Страдание реально, но большая его часть — в голове."
"readings","readings.swords-9.past","A period of intense worry or sleepless nights took its toll. The anxiety was disproportionate to the actual threat, but it felt crushing at the time.","Период бессонных ночей и тревоги. Мысли мучили сильнее, чем реальные обстоятельства."
"readings","readings.swords-9.present","Your mind is torturing you. The fears feel enormous in the dark — but most of them are shadows. Daylight will shrink them. Hold on.","Тревога захватывает разум. Мечи на стене — это мысли, не реальность. Самое страшное обычно не сбывается."
"readings","readings.swords-9.future","Anxiety may spike ahead. Remember: the nine swords are on the wall, not in your body. The fear is real, but the danger may not be.","Впереди период беспокойства. Но знай: то, чего боишься, чаще всего не случается. Страх преувеличивает."
"readings","readings.swords-10.keywords","ending, rock bottom, betrayal, total defeat","конец, дно, предательство, неизбежное"
"readings","readings.swords-10.meaning","Ten swords in the back — the most dramatic card in the deck. Complete ending, total defeat. But here's the thing: after ten swords, there are no more swords. The worst is over. There's nowhere to go but up.","Десятка Мечей — фигура лежит лицом вниз с десятью мечами в спине. Дно достигнуто. Хуже уже не будет — и в этом парадоксальное утешение. Единственное направление — вверх."
"readings","readings.swords-10.past","Something ended catastrophically. Betrayal, collapse, hitting the absolute bottom. It was terrible — and it was the end of that chapter, not your story.","Был удар, от которого казалось невозможным встать. Но встать удалось — иначе этого чтения не было бы."
"readings","readings.swords-10.present","This is the worst of it. Right now. The good news is that it can't get worse, which means it can only get better. Let the old thing die completely.","Ощущение полного поражения. Но если это дно — значит, падать больше некуда. Рассвет приходит после самой тёмной ночи."
"readings","readings.swords-10.future","A painful ending is ahead. It will feel like too much. But this is the clearing — dramatic, final, and ultimately liberating.","Впереди может быть болезненный конец чего-то. Но десятка — последняя карта, дальше — новый цикл. За концом следует начало."
"readings","readings.swords-page.keywords","curiosity, mental agility, new ideas, vigilance","любопытство, бдительность, новая идея, правда"
"readings","readings.swords-page.meaning","A young figure holds a sword aloft, standing on rough ground, watching the sky. Sharp mind, restless curiosity, eager to cut through to the truth. Just needs a bit more experience to wield the blade well.","Паж Мечей стоит на ветру, держа меч наготове. Острый ум, любопытство, готовность к правде. Молодая энергия интеллекта — пытливая и бесстрашная."
"readings","readings.swords-page.past","A moment of intellectual awakening — a new idea or a challenging truth that got your mind racing. That curiosity opened doors.","Момент, когда новая идея или правда ворвалась в жизнь. Свежий взгляд, который всё изменил."
"readings","readings.swords-page.present","Stay mentally sharp. New information is coming and you'll need to think fast. Be curious, be alert, but don't jump to conclusions.","Будь внимательнее. Информация на подходе — важная. Держи глаза и уши открытыми."
"readings","readings.swords-page.future","News or a new perspective is on its way. It will challenge your thinking — in a good way. Stay open and keep your mind nimble.","Впереди открытие или новость, которая заставит думать по-другому. Ум будет главным инструментом."
"readings","readings.swords-knight.keywords","ambition, speed, direct action, aggression","стремительность, амбиции, прямота, безрассудство"
"readings","readings.swords-knight.meaning","The Knight of Swords charges at full speed, blade raised, no hesitation. Fast thinking, fast action, decisive and unstoppable. Effective — but sometimes the charge happens before the thinking.","Рыцарь Мечей мчится в атаку — меч поднят, ветер в лицо. Стремительность, решительность, прямое действие. Но за скоростью теряется осмотрительность."
"readings","readings.swords-knight.past","A rushed decision or aggressive action got results — but not without collateral damage. Speed is a strength until it isn't.","Было время стремительных действий и прямых решений. Скорость помогала — или подводила."
"readings","readings.swords-knight.present","Move quickly and decisively. The situation calls for sharp action, not deliberation. Just make sure you're charging toward the right target.","Время действовать быстро и решительно. Но не забывай думать. Скорость без направления — просто хаос."
"readings","readings.swords-knight.future","Something will demand fast, decisive action. You'll need to think and move simultaneously. Trust your instincts but watch your aim.","Впереди ситуация, требующая быстрой реакции. Действуй решительно, но не безрассудно."
"readings","readings.swords-queen.keywords","clarity, independence, perception, direct communication","ясность ума, независимость, объективность, острота"
"readings","readings.swords-queen.meaning","The Queen of Swords sits with blade raised, face clear and unreadable. She's been through pain and emerged sharper for it. Clear thinking, direct speech, zero tolerance for nonsense.","Королева Мечей сидит с поднятым мечом, лицом к ветру. Острый ум, неприкрашенная правда, эмоциональная независимость. Она видит суть и не боится назвать её вслух."
"readings","readings.swords-queen.past","Experience — likely painful — honed your ability to see through pretense. That clarity was earned the hard way and it serves you well.","Период, когда ясность ума и объективность помогли пройти через сложное. Эмоции отступили — и это спасло."
"readings","readings.swords-queen.present","Think clearly. Speak directly. The situation needs honesty, not diplomacy. Cut through the noise and say exactly what you mean.","Время для трезвого взгляда. Отстранись от эмоций и посмотри на факты. Правда может быть холодной, но она точная."
"readings","readings.swords-queen.future","You'll need to channel cold clarity ahead. Emotions will be running high around you, but your ability to see the truth plainly will be your greatest asset.","Впереди ситуация, требующая холодного ума и честности. Мягкость не поможет — нужна ясность."
"readings","readings.swords-king.keywords","authority, intellect, truth, analytical power","авторитет, интеллект, справедливость, стратегия"
"readings","readings.swords-king.meaning","The King of Swords holds his blade upright — judgment, authority, intellectual command. He makes decisions with his head, not his heart. Fair, sharp, and not easily fooled.","Король Мечей на троне, меч в правой руке, взгляд прямой. Интеллектуальная власть, стратегическое мышление, справедливые решения. Он рубит правду — без жестокости, но без жалости."
"readings","readings.swords-king.past","An authority figure or your own analytical mind cut through confusion and imposed order. That intellectual clarity shaped outcomes decisively.","Решение, принятое с холодной головой, определило ход событий. Стратегия и справедливость были на первом месте."
"readings","readings.swords-king.present","Lead with logic. The situation demands clear, rational thinking and fair judgment. Leave emotion at the door and decide with your mind.","Время для стратегического мышления. Эмоции — плохой советчик сейчас. Думай, анализируй, решай."
"readings","readings.swords-king.future","A decision requiring sharp intellect and impartial judgment is ahead. Trust your analytical ability — it's up to the task.","Впереди роль, требующая интеллектуального лидерства. Справедливость и стратегия будут ключевыми."
"readings","readings.pentacles-1.keywords","opportunity, prosperity, new venture, manifestation","возможность, достаток, начало, материализация"
"readings","readings.pentacles-1.meaning","A golden coin in an outstretched hand, emerging from a cloud. A material opportunity — money, a job, a venture. It's being offered, but you'll need to do something with it. Potential doesn't spend itself.","Туз Пентаклей — рука из облака держит золотую монету над цветущим садом. Новая материальная возможность, начало чего-то ощутимого. Семя посажено — оно прорастёт."
"readings","readings.pentacles-1.past","An opportunity presented itself — financial, professional, or material. What you did with that seed determined a lot about where you are now.","Материальная возможность появилась и была принята. Семя, посаженное тогда, стало основой того, что есть сейчас."
"readings","readings.pentacles-1.present","A tangible opportunity is in your hands. A new venture, a financial prospect, something solid. Don't just admire it — plant it.","Перед тобой реальная возможность — работа, проект, финансовое предложение. Возьми её."
"readings","readings.pentacles-1.future","A material opportunity is coming. Money, work, or a practical venture. Be ready to act on it when it arrives.","Впереди новое начало в материальной сфере. Возможность, которая принесёт ощутимые результаты."
"readings","readings.pentacles-2.keywords","balance, adaptability, juggling priorities, time management","баланс, жонглирование, адаптация, гибкость"
"readings","readings.pentacles-2.meaning","Two coins juggled in a figure-eight — the infinity loop. Multiple demands, limited hands. This card is about managing competing priorities without dropping anything. Flexible, but stretched.","Двойка Пентаклей — фигура жонглирует двумя монетами, связанными знаком бесконечности. Баланс между двумя задачами, ролями или приоритетами. Танец, не борьба."
"readings","readings.pentacles-2.past","You juggled multiple demands and somehow kept everything in the air. That balancing act was exhausting but taught you adaptability.","Период, когда приходилось совмещать несколько дел одновременно. Баланс давался непросто, но был найден."
"readings","readings.pentacles-2.present","You're managing too many things at once. It's working for now, but something will drop if you don't prioritize. Choose what matters most.","Жонглируешь задачами. Не пытайся остановить движение — продолжай танцевать. Баланс — в потоке, не в статике."
"readings","readings.pentacles-2.future","Multiple demands will compete for your attention. You'll need to be flexible and strategic about where your energy goes.","Впереди необходимость совмещать. Гибкость и адаптивность будут важнее, чем идеальный план."
"readings","readings.pentacles-3.keywords","teamwork, craftsmanship, collaboration, skill building","мастерство, работа, командная работа, качество"
"readings","readings.pentacles-3.meaning","Three figures working on a cathedral — each contributing their skill to something larger. Collaboration, craftsmanship, the satisfaction of building something real with others. The work matters.","Тройка Пентаклей — мастер работает над каменной аркой, двое наблюдают. Командная работа, профессионализм, первые результаты усердного труда. Качество видно."
"readings","readings.pentacles-3.past","Collaboration produced something lasting. Working alongside others — each bringing their skills — created something none of you could have built alone.","Период усердной работы и сотрудничества, когда мастерство росло через практику. Результаты того труда до сих пор заметны."
"readings","readings.pentacles-3.present","This is teamwork time. Bring your skills to the table and trust others to bring theirs. The project is bigger than any one person.","Работа требует внимания к деталям и сотрудничества. Делай своё дело хорошо — качество будет замечено."
"readings","readings.pentacles-3.future","A collaborative effort is forming. Your specific skills will be valued and needed. The work ahead is meaningful — commit to it.","Впереди признание мастерства. Усилия, вложенные в качество, принесут профессиональный рост."
"readings","readings.pentacles-4.keywords","security, control, possessiveness, hoarding","накопление, контроль, скупость, безопасность"
"readings","readings.pentacles-4.meaning","A figure clutches four coins — one under each foot, one on the head, one in the arms. Holding on tight. Security is good, but this is grip, not stewardship. What are you so afraid of losing?","Четвёрка Пентаклей — фигура крепко держит монету на голове и ещё две под ногами. Стремление к безопасности, граничащее с жадностью. Контроль защищает, но и ограничивает."
"readings","readings.pentacles-4.past","A period of holding on too tightly — to money, to security, to control. The fear of loss made you rigid when flexibility was needed.","Период накопления и контроля. Безопасность была приоритетом — иногда ценой упущенных возможностей."
"readings","readings.pentacles-4.present","You're gripping too hard. The desire for security has become possessiveness. Loosen your hold — what's truly yours won't leave.","Держишь слишком крепко. Страх потерять мешает получить новое. Ослабь хватку — немного."
"readings","readings.pentacles-4.future","Be careful of becoming too attached to material security. Some generosity or openness will serve you better than a clenched fist.","Впереди вопрос: сохранить или отпустить? Безопасность важна, но не тогда, когда она становится клеткой."
"readings","readings.pentacles-5.keywords","hardship, poverty, isolation, worry","нужда, потеря, изоляция, трудности"
"readings","readings.pentacles-5.meaning","Two figures in the snow, barefoot, passing a lit church window. Material hardship, feeling left out in the cold. The help may be closer than it looks — but you have to be willing to ask for it.","Пятёрка Пентаклей — две фигуры бредут по снегу мимо освещённого окна церкви. Нужда, потеря, ощущение покинутости. Но дверь рядом — помощь доступна, если о ней попросить."
"readings","readings.pentacles-5.past","A period of real hardship — financial, physical, or both. The isolation was painful, and recovery took time and humility.","Период трудностей и лишений. Ощущение покинутости было острым, но проходило."
"readings","readings.pentacles-5.present","Things are lean right now. You may feel left out in the cold. But look around — support exists. Pride might be the only thing keeping you from it.","Сейчас трудно — финансово, физически или эмоционально. Но помощь ближе, чем кажется. Не проходи мимо освещённой двери."
"readings","readings.pentacles-5.future","A difficult stretch is ahead materially. Prepare where you can, and don't be too proud to ask for help when you need it.","Впереди могут быть трудности, но они не будут вечными. Помощь придёт — если позволить ей войти."
"readings","readings.pentacles-6.keywords","generosity, charity, giving, receiving, balance of resources","щедрость, обмен, благотворительность, баланс"
"readings","readings.pentacles-6.meaning","A wealthy figure distributes coins to those in need — scales in one hand, coins in the other. Giving and receiving, the flow of resources. This card asks: are you the giver or the receiver? Either is fine.","Шестёрка Пентаклей — фигура взвешивает монеты и раздаёт нуждающимся. Щедрость, справедливый обмен, баланс давать и получать. Изобилие существует для того, чтобы делиться."
"readings","readings.pentacles-6.past","An act of generosity — given or received — made a real difference. That exchange of resources was more meaningful than the amount suggested.","Период щедрости — полученной или проявленной. Баланс между отдаванием и получением сформировал ценности."
"readings","readings.pentacles-6.present","Resources are flowing. If you have enough, share. If you need help, accept it gracefully. The balance of giving and receiving is the point.","Время делиться или принимать помощь. Обмен должен быть справедливым. Щедрость возвращается."
"readings","readings.pentacles-6.future","Generosity will play a role ahead — either yours or someone else's. The flow of resources is shifting in a direction that benefits you.","Впереди возможность помочь или получить помощь. Баланс щедрости — ключ к изобилию."
"readings","readings.pentacles-7.keywords","patience, perseverance, investment, long-term view","терпение, труд, ожидание, рост"
"readings","readings.pentacles-7.meaning","A figure leans on a hoe, looking at seven coins growing on a bush. Waiting. The investment has been made, the work has been done — now it's about patience. You can't rush a harvest.","Семёрка Пентаклей — фигура опирается на мотыгу, глядя на куст с семью монетами. Труд вложен, но плоды ещё зреют. Терпение — единственная стратегия. Нельзя ускорить рост, дёргая росток."
"readings","readings.pentacles-7.past","A long investment of time and effort eventually bore fruit. The waiting was hard, but the result proved it was worth it.","Период долгого труда без видимых результатов. Терпение тогда требовало силы."
"readings","readings.pentacles-7.present","The seeds are planted, the work is done. Now you wait. Don't dig up the garden to check if it's growing — trust the process.","Результаты пока не видны, но рост идёт. Продолжай делать своё дело. Не дёргай росток — он вырастет."
"readings","readings.pentacles-7.future","A reward is coming, but not immediately. The investment you're making now — in work, in skills, in patience — will pay off. Give it time.","Впереди период ожидания. Плоды созреют, но не по твоему расписанию. Терпение окупится."
"readings","readings.pentacles-8.keywords","diligence, skill development, craftsmanship, dedication","усердие, мастерство, практика, совершенствование"
"readings","readings.pentacles-8.meaning","A figure carefully carves coin after coin — focused, skilled, methodical. This is the apprentice card. Mastery through repetition, improvement through dedication. The work isn't glamorous, but it's building something real.","Восьмёрка Пентаклей — мастер вырезает монету за монетой, каждая лучше предыдущей. Усердный труд, оттачивание навыков, дисциплина практики. Мастерство — не талант, а повторение."
"readings","readings.pentacles-8.past","A period of dedicated practice and skill-building laid the foundation for your abilities. That diligence — day after day — created real competence.","Период упорного труда и совершенствования. Навык оттачивался день за днём — и результат того стоил."
"readings","readings.pentacles-8.present","Put your head down and do the work. This isn't the time for shortcuts or big leaps — it's the time for steady, focused effort. Mastery comes from repetition.","Продолжай работать. Каждое повторение приближает к мастерству. Скучно? Может быть. Но именно так создаётся настоящее."
"readings","readings.pentacles-8.future","A period of intense skill-building is ahead. It will require dedication and focus, but the competence you develop will be a lasting asset.","Впереди плоды усердного труда. Мастерство, которое оттачивается сейчас, скоро станет востребованным."
"readings","readings.pentacles-9.keywords","luxury, self-sufficiency, financial security, accomplishment","достаток, самодостаточность, роскошь, плоды труда"
"readings","readings.pentacles-9.meaning","A figure stands in a lush garden, a bird on her hand, nine coins behind her. She built this. Self-made comfort, material security earned through effort. Enjoy what you've created.","Девятка Пентаклей — фигура стоит в роскошном саду среди виноградных лоз с монетами. Достаток, заработанный собственным трудом. Самодостаточность и право наслаждаться плодами."
"readings","readings.pentacles-9.past","Through your own effort, you created comfort and security. That self-sufficiency was hard-won and deserved.","Период, когда самодостаточность была достигнута. Достаток и комфорт стали результатом собственных усилий."
"readings","readings.pentacles-9.present","You've built something solid. Take a moment to enjoy the garden you've cultivated. Self-sufficiency feels good — let yourself appreciate it.","Наслаждайся тем, что создано. Достаток заслужен. Самодостаточность — не эгоизм, а результат труда."
"readings","readings.pentacles-9.future","Financial security and comfort are building. What you've been working toward is materializing. The garden is almost in full bloom.","Впереди материальный комфорт и независимость. Труд принесёт ощутимые плоды — позволь себе ими наслаждаться."
"readings","readings.pentacles-10.keywords","legacy, inheritance, family wealth, long-term success","наследие, семья, богатство, поколения"
"readings","readings.pentacles-10.meaning","Ten coins arranged around a family gathered at an estate. This is generational — wealth, legacy, something built to last beyond you. The ultimate card of material completion.","Десятка Пентаклей — три поколения под аркой, десять монет сияют вокруг. Семейное богатство, наследие, то, что передаётся дальше. Не только деньги — ценности, традиции, корни."
"readings","readings.pentacles-10.past","Something was passed down — an inheritance, a family tradition, a foundation built by those before you. That legacy still supports your life.","Наследие — материальное или духовное — было получено. Семья, род, традиции сформировали основу."
"readings","readings.pentacles-10.present","Think long-term. What you're building now isn't just for you — it's for those who come after. Family, legacy, lasting impact.","Время подумать о том, что останется после. Семья, корни, ценности — в этом настоящее богатство."
"readings","readings.pentacles-10.future","Lasting wealth or a meaningful legacy is forming. What you create now will outlive the moment. Build with permanence in mind.","Впереди стабильность и ощущение принадлежности. То, что строится сейчас, послужит не только тебе."
"readings","readings.pentacles-page.keywords","ambition, studiousness, new opportunity, practical planning","учёба, начало, практичность, новый навык"
"readings","readings.pentacles-page.meaning","A young figure holds a single coin up to the light, studying it carefully. The student of the material world — practical, curious, ready to learn. A new financial or career opportunity is being examined.","Паж Пентаклей внимательно рассматривает монету в руках. Начало обучения, первые шаги в новом деле, практический подход. Учись на практике, а не в теории."
"readings","readings.pentacles-page.past","An early opportunity in work or money sparked your practical ambitions. That first taste of building something real set you on your path.","Начало нового навыка или знания. Первые неуверенные шаги, которые со временем привели к мастерству."
"readings","readings.pentacles-page.present","A new opportunity to learn or earn is in front of you. Study it carefully before committing. The ambition is right — make sure the plan is too.","Время учиться чему-то новому и практичному. Не бойся быть новичком — все начинали с нуля."
"readings","readings.pentacles-page.future","Good news about money, work, or education is coming. It's an entry point, not a windfall — the real value is in what you learn.","Впереди обучение или новое дело. Практический подход и терпение приведут к результату."
"readings","readings.pentacles-knight.keywords","reliability, hard work, routine, patience","надёжность, упорство, методичность, ответственность"
"readings","readings.pentacles-knight.meaning","The Knight of Pentacles rides slowly and steadily — the only knight who isn't charging. Reliable, methodical, gets it done. Not flashy, but the person you actually want on the job.","Рыцарь Пентаклей едет медленно и уверенно на крепком коне. Не самый яркий, зато самый надёжный. Методичность, терпение, доведение до конца."
"readings","readings.pentacles-knight.past","Steady, unglamorous effort produced solid results. Someone — maybe you — just kept showing up and doing the work day after day.","Период упорного, методичного движения к цели. Медленно, но верно — и это сработало."
"readings","readings.pentacles-knight.present","Slow and steady. This isn't the time for dramatic action — it's the time for reliable, consistent effort. Show up, do the work, repeat.","Сейчас не время для рывков — время для надёжного, размеренного продвижения. Делай следующий шаг, потом ещё один."
"readings","readings.pentacles-knight.future","Progress will come through patience, not speed. The methodical approach will outperform the dramatic one. Trust the process.","Впереди задача, требующая терпения и упорства. Черепаха обгонит зайца — медленное и верное победит."
"readings","readings.pentacles-queen.keywords","practical nurturing, financial savvy, comfort, abundance","изобилие, практичность, комфорт, забота о деле"
"readings","readings.pentacles-queen.meaning","The Queen of Pentacles sits in a lush garden, holding a gold coin, surrounded by abundance she cultivated herself. Practical, generous, grounded. She knows how to make things grow — money, gardens, people.","Королева Пентаклей сидит в цветущем саду, держа монету на коленях. Практическая мудрость, умение создать уют и достаток. Она знает цену вещам и умеет растить богатство."
"readings","readings.pentacles-queen.past","A practical, nurturing figure shaped your material world — someone who knew how to create abundance through common sense and care.","Период, когда практическая мудрость и забота о материальном создали прочную основу. Комфорт и уют были выстроены своими руками."
"readings","readings.pentacles-queen.present","Take a grounded approach. Nurture what you have, manage your resources wisely, and create comfort from the practical. Abundance comes from attentive care.","Обрати внимание на практическую сторону жизни. Финансы, здоровье, домашний уют — всё это требует заботы. И ты умеешь о них заботиться."
"readings","readings.pentacles-queen.future","Material abundance is growing through practical wisdom. Your ability to nurture resources — financial or otherwise — will produce real results.","Впереди материальная стабильность и комфорт. Практическая мудрость принесёт ощутимые результаты."
"readings","readings.pentacles-king.keywords","wealth, business sense, discipline, security","успех, надёжность, богатство, деловой ум"
"readings","readings.pentacles-king.meaning","The King of Pentacles sits on a throne decorated with bulls, gold coin in hand, vineyards behind him. He built the empire. Disciplined, prosperous, and knows the value of everything. Material mastery.","Король Пентаклей на троне среди виноградных лоз, монета в руке. Материальный успех, деловая хватка, надёжность. Он построил империю терпением и умом, не спешкой."
"readings","readings.pentacles-king.past","Financial discipline or business acumen — yours or someone else's — built a foundation of real security. That success was earned through strategy and patience.","Финансовый или деловой успех, достигнутый дисциплиной и стратегией. Эта надёжность стала фундаментом."
"readings","readings.pentacles-king.present","Think like a builder. Manage your resources, invest wisely, plan for the long game. The material world rewards discipline right now.","Время проявить деловую мудрость. Решения должны быть практичными и долгосрочными. Строй на века, не на момент."
"readings","readings.pentacles-king.future","Material success and financial security are solidifying. The empire you're building — however small — is taking shape. Stay disciplined.","Впереди материальный успех и положение. Терпение и деловой ум приведут к стабильному процветанию."
"readings","readings.wands-1.keywords","inspiration, new passion, potential, creative spark","вдохновение, потенциал, начало, искра"
"readings","readings.wands-1.meaning","A hand from a cloud holds a living wand — leaves still sprouting. Pure creative fire, a new passion igniting, the spark before the flame. Something is calling to you. Answer it.","Туз Жезлов — рука из облака сжимает цветущий жезл. Искра вдохновения, начало творческого или предпринимательского пути. Энергия есть — пора направить её."
"readings","readings.wands-1.past","A spark of inspiration lit a fire that changed your direction. That initial burst of passion set something important in motion.","Вспышка вдохновения запустила что-то важное. Та искра, тот начальный импульс стал отправной точкой."
"readings","readings.wands-1.present","A new creative or passionate impulse is demanding attention. This is raw potential — it needs action to become something real. Strike while the iron is hot.","Энергия и вдохновение на пике. Не упусти этот момент — действуй, пока огонь горит."
"readings","readings.wands-1.future","A powerful new inspiration is heading your way. When it arrives, don't sit on it. The spark needs fuel, and the fuel is your action.","Впереди новое начинание, полное энергии. Искра уже готова вспыхнуть — будь открыт для вдохновения."
"readings","readings.wands-2.keywords","planning, decisions, discovery, future vision","планирование, решение, амбиции, перспектива"
"readings","readings.wands-2.meaning","A figure holds a globe and a wand, looking out from a castle at the vast landscape. The world is big and the plans are bigger. You've achieved something, but you're already looking at what's next.","Двойка Жезлов — фигура стоит с жезлом в руке, глядя с крепости на море и горы. Мир открыт, планы масштабны. Время решать, куда направить энергию."
"readings","readings.wands-2.past","A moment of ambition and planning expanded your horizons. Standing at a crossroads, you looked at the bigger picture and started making plans.","Момент, когда решение было принято и направление — выбрано. Амбиции и видение определили путь."
"readings","readings.wands-2.present","You've accomplished something, but you're restless. The bigger vision is calling. Start planning your next move — the territory is wider than you think.","Стоишь на перепутье с большими планами. Мир перед тобой — выбери направление и двигайся. Не стой слишком долго."
"readings","readings.wands-2.future","A decision about your direction is ahead. The options are expansive. Take time to survey the landscape before you commit to a path.","Впереди важное решение о направлении. Амбиции сработают, если подкрепить их действием."
"readings","readings.wands-3.keywords","expansion, foresight, progress, overseas opportunities","расширение, видение, горизонты, прогресс"
"readings","readings.wands-3.meaning","A figure stands on a cliff watching ships sail into the distance. The foundations are set, and now the venture expands. Your efforts are reaching further than your immediate grasp. Progress is happening.","Тройка Жезлов — фигура смотрит с берега на уходящие корабли. Первые результаты видны, горизонты расширяются. Планы обретают форму, и мир становится больше."
"readings","readings.wands-3.past","An enterprise or idea expanded beyond its original scope. What started small reached further than you expected.","Период расширения — новые горизонты открылись, планы начали воплощаться. Видение стало реальностью."
"readings","readings.wands-3.present","Things are moving. What you started is gaining momentum and reaching new territory. Keep your eyes on the horizon — the expansion is real.","Корабли отплыли — дела в движении. Смотри вперёд, горизонт расширяется. Доверяй процессу, который запущен."
"readings","readings.wands-3.future","Growth and expansion are ahead. Your reach will extend further than you currently imagine. What you've built is about to travel.","Впереди расширение возможностей. То, что начато, принесёт результаты шире ожидаемых."
"readings","readings.wands-4.keywords","celebration, homecoming, harmony, community","праздник, стабильность, домашний очаг, радость"
"readings","readings.wands-4.meaning","Four wands form a canopy decorated with flowers, figures celebrating beneath. A milestone, a homecoming, a moment of genuine celebration. You've built something worth toasting.","Четвёрка Жезлов — четыре жезла украшены гирляндами, люди празднуют. Стабильность достигнута, есть повод радоваться. Этап пройден — отметь это, прежде чем идти дальше."
"readings","readings.wands-4.past","A celebration marked a real achievement — a homecoming, a milestone, a moment when everything felt right. That joy was earned.","Был праздник, веха, момент заслуженной радости. Стабильность и успех были ощутимы."
"readings","readings.wands-4.present","Celebrate. A milestone has been reached and it deserves recognition. Gather your people and enjoy what you've accomplished together.","Есть что отпраздновать. Этап пройден, фундамент стоит. Остановись и прочувствуй достижение."
"readings","readings.wands-4.future","A celebration is on the horizon. A milestone, a welcome, a moment of shared joy. Something worth looking forward to.","Впереди повод для радости и праздника. Стабильность и гармония приближаются."
"readings","readings.wands-5.keywords","conflict, competition, tension, disagreement","соперничество, конфликт, борьба, конкуренция"
"readings","readings.wands-5.meaning","Five figures waving wands at each other — chaotic, noisy, everyone fighting for their position. Conflict, but not the deadly kind. This is competition, creative friction, the messy process of sorting things out.","Пятёрка Жезлов — пять фигур машут жезлами, каждая тянет в свою сторону. Конфликт, но не разрушительный — соревнование, столкновение мнений, творческое трение. Из хаоса мнений рождается лучшее решение."
"readings","readings.wands-5.past","A period of conflict or competition tested you. The struggle was frustrating, but it sharpened your resolve and clarified your position.","Период конфликтов и соперничества. Столкновения были неприятными, но через них родилось что-то ценное."
"readings","readings.wands-5.present","There's friction in the air. Multiple voices, competing agendas, everyone pushing their angle. It's messy, but sometimes clarity comes from the fight.","Вокруг шум и столкновения. Не бойся конфликта — он может быть продуктивным. Отстаивай свою позицию."
"readings","readings.wands-5.future","Competition or disagreement is ahead. Don't avoid it — engage with it. The conflict will ultimately clarify what matters.","Впереди конкуренция или спор. Не избегай — встречай. Трение создаёт искры, а искры рождают огонь."
"readings","readings.wands-6.keywords","victory, recognition, triumph, public success","победа, триумф, признание, продвижение"
"readings","readings.wands-6.meaning","A rider crowned with a laurel wreath, carried forward by a cheering crowd. Public victory, recognition earned through effort. This is the triumph card — enjoy the parade.","Шестёрка Жезлов — фигура верхом, увенчанная лавровым венком, толпа приветствует. Публичная победа, признание, триумф. Заслуженный успех, который видят все."
"readings","readings.wands-6.past","A victory was recognized publicly. You succeeded, and others saw it. That moment of recognition mattered more than you might admit.","Момент триумфа и признания. Победа была публичной и заслуженной. Это чувство до сих пор вдохновляет."
"readings","readings.wands-6.present","You're winning. Not in a quiet way — in the way where people notice. Accept the recognition. You earned this.","Время твоего триумфа. Успех на виду, признание приходит. Прими его с достоинством."
"readings","readings.wands-6.future","Public recognition or victory is ahead. The work you've put in is about to be acknowledged. Enjoy the moment — you've earned it.","Впереди победа и публичное признание. Усилия будут вознаграждены — и это увидят."
"readings","readings.wands-7.keywords","defense, perseverance, standing your ground, determination","стойкость, оборона, настойчивость, вызов"
"readings","readings.wands-7.meaning","A figure on high ground, holding one wand against six. Outnumbered but not outmatched. This is about defending your position against pressure. You have the advantage — don't give it up.","Семёрка Жезлов — фигура на возвышении защищает позицию от шести жезлов снизу. Оборона, стойкость, отказ сдавать позиции. Атакуют со всех сторон, но высота — твоя."
"readings","readings.wands-7.past","You stood your ground against opposition. Outnumbered or outgunned, you held your position through sheer determination.","Период, когда приходилось защищать свою позицию от множества вызовов. Стойкость помогла выстоять."
"readings","readings.wands-7.present","You're being challenged. Hold your ground. The high position is yours and the advantage is real, even if the pressure is intense.","На тебя давят, но позиция сильная. Держи оборону, не сдавай завоёванное. Ты выше нападающих."
"readings","readings.wands-7.future","A challenge to your position is coming. You'll need to defend what you've built. Stand firm — the ground beneath you is solid.","Впереди вызовы и необходимость защищаться. Позиция будет атакована, но удержать её в силах."
"readings","readings.wands-8.keywords","speed, movement, swift action, momentum","скорость, движение, стремительность, новости"
"readings","readings.wands-8.meaning","Eight wands flying through the air toward the ground. Speed, momentum, things happening fast. Whatever's been in motion is about to land. This card is pure velocity.","Восьмёрка Жезлов — восемь жезлов летят по воздуху к цели. Всё ускоряется. Новости, события, перемены — всё происходит быстрее, чем ожидалось. Держись крепче."
"readings","readings.wands-8.past","Things moved fast — messages, events, changes all arriving at once. That period of rapid motion covered a lot of ground in a short time.","Период стремительных перемен — события неслись одно за другим. Скорость была головокружительной."
"readings","readings.wands-8.present","Everything is accelerating. Messages, decisions, events — all in motion. Ride the momentum rather than trying to slow it down.","Всё ускоряется прямо сейчас. Новости, события, движение — держи темп. Не пытайся замедлить то, что летит."
"readings","readings.wands-8.future","Rapid developments are incoming. Things will move faster than expected. Be ready to act quickly when they land.","Впереди стремительное развитие событий. То, что казалось далёким, приблизится неожиданно быстро."
"readings","readings.wands-9.keywords","resilience, persistence, last stand, grit","стойкость, выдержка, усталость, последний рубеж"
"readings","readings.wands-9.meaning","A wounded figure leans on a wand, eight more planted behind them. Battered but standing. This is grit — the refusal to go down even when every reasonable part of you wants to quit.","Девятка Жезлов — фигура стоит, опираясь на жезл, с повязкой на голове, восемь жезлов за спиной. Усталость, но не поражение. Последний рубеж обороны. Ещё немного — и всё позади."
"readings","readings.wands-9.past","You endured something grueling. Battered and tired, you kept standing when everything said to give up. That resilience defined you.","Период изнурительной борьбы, когда силы были на исходе. Но стойкость позволила выстоять."
"readings","readings.wands-9.present","You're exhausted and the battle isn't over. One more push. You've come too far to stop now, even if every bone aches. Hold on.","Устаёшь, но сдаваться нельзя. Осталось чуть-чуть. Последний рубеж — самый тяжёлый, но и самый короткий."
"readings","readings.wands-9.future","A test of endurance is ahead. It will push you to your limits. You'll want to quit — don't. You're tougher than you think.","Впереди последнее испытание на прочность. Силы будут на пределе, но финиш — за поворотом."
"readings","readings.wands-10.keywords","burden, responsibility, overload, hard work","бремя, перегрузка, ответственность, упорство"
"readings","readings.wands-10.meaning","A figure carries all ten wands, barely able to see over the load. Too much, and yet still moving forward. This is overcommitment, too many responsibilities, the weight of taking on everything yourself.","Десятка Жезлов — фигура несёт все десять жезлов, еле видя дорогу. Перегрузка, слишком много на плечах. Нести можно, но стоит спросить — всё ли это твоё бремя?"
"readings","readings.wands-10.past","You carried too much. Responsibilities piled up until the load was crushing. That experience taught you something about limits — or it should have.","Период, когда ответственность давила невыносимо. Нести всё на себе оказалось тяжелее, чем думалось."
"readings","readings.wands-10.present","You're overloaded. The weight is real and unsustainable. Put something down before you collapse. Not everything on your back is yours to carry.","Слишком много на плечах. Посмотри, что можно сложить. Не всё нужно нести в одиночку."
"readings","readings.wands-10.future","A heavy load of responsibility is ahead. Before you say yes to everything, remember: carrying ten wands means you can't see where you're going.","Впереди период повышенной нагрузки. Ключ — не брать больше, чем можно унести. Делегируй."
"readings","readings.wands-page.keywords","enthusiasm, exploration, discovery, free spirit","энтузиазм, исследование, творчество, послание"
"readings","readings.wands-page.meaning","A young figure studies their wand with wide eyes and boundless curiosity. Fresh enthusiasm, a new passion discovered, the excitement of someone who just found their fire. Channel it before it scatters.","Паж Жезлов смотрит на свой жезл с огнём в глазах. Энтузиазм, новая идея, творческий импульс. Молодая энергия, которая ещё не знает границ — и в этом её сила."
"readings","readings.wands-page.past","A discovery or new interest ignited your passion. That youthful enthusiasm — raw and undirected — set the tone for what followed.","Момент вдохновения и энтузиазма, когда новая идея захватила целиком. Та энергия стала началом чего-то важного."
"readings","readings.wands-page.present","Something new has your attention and your energy is high. Good. Now focus it. Enthusiasm without direction is just noise.","Приходит послание или идея, полная энергии. Не отмахивайся — этот энтузиазм может стать началом чего-то большого."
"readings","readings.wands-page.future","An exciting message or new passion is coming. It will light you up with possibility. Enjoy the spark, then give it structure.","Впереди вдохновляющая новость или идея. Творческая энергия ищет выход — будь готов её направить."
"readings","readings.wands-knight.keywords","adventure, energy, impulsiveness, action","страсть, приключение, смелость, импульсивность"
"readings","readings.wands-knight.meaning","The Knight of Wands charges forward, horse rearing, eyes on the horizon. Pure action, zero hesitation, all fire. Exciting and effective — until he burns through everything without a plan.","Рыцарь Жезлов мчится на горячем коне, жезл поднят как факел. Страсть, отвага, жажда приключений. Он не думает — он действует. Иногда это именно то, что нужно."
"readings","readings.wands-knight.past","An impulsive move or bold adventure changed your course. The energy was intoxicating, even if the planning was nonexistent.","Было время страсти и авантюр, когда действие опережало мысль. Эта смелость — разрушительная или спасительная — запомнилась надолго."
"readings","readings.wands-knight.present","Act now, think later — within reason. The situation needs boldness and fire, not careful deliberation. Just make sure you know the general direction.","Пора действовать со страстью. Хватит взвешивать — прыгни. Энергия сейчас зашкаливает — направь её."
"readings","readings.wands-knight.future","An adventure or passionate pursuit is ahead. It will move fast and demand your full energy. Don't overthink — charge.","Впереди страстный порыв или авантюра. Смелость будет вознаграждена, но не забывай смотреть, куда скачешь."
"readings","readings.wands-queen.keywords","confidence, warmth, determination, vibrancy","уверенность, харизма, тепло, творческая сила"
"readings","readings.wands-queen.meaning","The Queen of Wands sits with a sunflower in one hand and her wand in the other, a black cat at her feet. Magnetic, confident, warm. She lights up every room without trying. This is passion paired with self-assurance.","Королева Жезлов на троне с подсолнухами, чёрный кот у ног. Уверенность, тёплая харизма, творческая сила. Она притягивает не давлением, а сиянием. Внутренний огонь, которым хочется делиться."
"readings","readings.wands-queen.past","A vibrant, confident figure shaped your world — someone whose warmth and determination were impossible to ignore.","Период уверенности и творческого подъёма. Внутренний огонь горел ярко и притягивал к себе людей и возможности."
"readings","readings.wands-queen.present","Own your power. You're more magnetic and capable than you're giving yourself credit for. Step into the room like you belong there — because you do.","Внутренний огонь силён. Доверяй своей энергии, дари тепло, твори. Харизма — не трюк, а состояние."
"readings","readings.wands-queen.future","You're growing into a bold, warm authority. The confidence building inside you is about to become visible to everyone around you.","Впереди период, когда уверенность и творческая сила выйдут на пик. Огонь внутри готов разгореться."
"readings","readings.wands-king.keywords","leadership, vision, entrepreneurship, bold action","лидерство, видение, предприимчивость, смелость"
"readings","readings.wands-king.meaning","The King of Wands holds his living staff and gazes forward with fierce clarity. The visionary, the entrepreneur, the leader who inspires by doing. He doesn't just have ideas — he makes them happen.","Король Жезлов на троне, украшенном саламандрами и львами. Жезл в руке, взгляд в будущее. Визионер, лидер, тот, кто превращает огонь страсти в реальные свершения."
"readings","readings.wands-king.past","Bold leadership or entrepreneurial vision drove a period of real creation. Someone — maybe you — turned fire into something lasting.","Период лидерства и реализации масштабного видения. Энергия и предприимчивость превратили идею в реальность."
"readings","readings.wands-king.present","Lead with vision and boldness. This is your moment to take charge, inspire others, and turn ambition into action. Don't wait for permission.","Время вести за собой. Видение есть, энергия есть — осталось действовать масштабно. Не мелочись."
"readings","readings.wands-king.future","A leadership role or entrepreneurial opportunity is ahead. Your vision and energy will be needed. Step into it fully — hesitation doesn't suit you.","Впереди роль лидера и визионера. Страсть и смелость приведут к масштабным достижениям."
"readings","readingTemplates.intros.0","Three cards have come forward: {card1}, {card2}, and {card3}. Let's see what they have to say.","Три карты вышли вперёд: {card1}, {card2} и {card3}. Посмотрим, что они скажут."
"readings","readingTemplates.intros.1","{card1}, {card2}, and {card3} — an interesting combination. Here is what the cards reveal.","{card1}, {card2} и {card3} — интересное сочетание. Вот что открывают карты."
"readings","readingTemplates.intros.2","The cards before you are {card1}, {card2}, and {card3}. Together they tell a clear story.","Перед тобой {card1}, {card2} и {card3}. Вместе они рассказывают ясную историю."
"readings","readingTemplates.intros.3","{card1}, {card2}, {card3}. These three chose to speak today — listen well.","{card1}, {card2}, {card3}. Эти три решили заговорить сегодня — слушай внимательно."
"readings","readingTemplates.bridges.0","Now let's turn to the present.","Теперь обратимся к настоящему."
"readings","readingTemplates.bridges.1","From the past, the cards shift to what is happening now.","От прошлого карты переходят к тому, что происходит сейчас."
"readings","readingTemplates.futureBridges.0","And what lies ahead —","А что впереди —"
"readings","readingTemplates.futureBridges.1","The final card looks forward.","Последняя карта смотрит в будущее."
"readings","readingTemplates.closings.0","The cards have spoken. Take what resonates, leave what doesn't — but pay attention.","Карты высказались. Возьми то, что откликается, остальное отпусти — но будь внимательнее."
"readings","readingTemplates.closings.1","That is your reading. Sit with it for a moment before you move on.","Вот твой расклад. Побудь с ним мгновение, прежде чем идти дальше."
"readings","readingTemplates.closings.2","The spread is complete. Trust what stirred in you as you read these words.","Расклад завершён. Доверяй тому, что шевельнулось внутри, пока эти слова звучали."
"readings","readingTemplates.pastPrefix","{card} in the past position: ","{card} в позиции прошлого: "
"readings","readingTemplates.presentPrefix","{card} in the present: ","{card} в настоящем: "
"readings","readingTemplates.futurePrefix","{card} for the future: ","{card} на будущее: "
"readings","readers.vespera.displayName","Madame Vespera","Мадам Веспера"
"readings","readers.vespera.title","Conduit of the Velvet Veil","Проводница Бархатной Завесы"
"readings","readers.vespera.tagline","Sit closer, darling. The cards have been waiting.","Сядь поближе, дорогой мой. Карты ждут."
"readings","readers.vespera.bio","Three generations of mediums in the family. Vespera reads with reverence, takes her time, and treats every card like it came specifically for you.","Три поколения медиумов в семье. Веспера гадает с благоговением, не торопясь, и относится к каждой карте так, будто та пришла именно для тебя."
"readings","readers.vespera.intros.0","Three cards, darling: {card1}, {card2}, and {card3}. They didn't arrive together by accident.","Три карты: {card1}, {card2} и {card3}. Неслучайно они легли вместе."
"readings","readers.vespera.intros.1","{card1}, {card2}, and {card3}. Mm. The deck has chosen carefully tonight.","{card1}, {card2} и {card3}. Мм. Колода выбирала тщательно сегодня."
"readings","readers.vespera.intros.2","Look — {card1}, {card2}, {card3}. A combination worth listening to.","Смотри — {card1}, {card2}, {card3}. Сочетание, к которому стоит прислушаться."
"readings","readers.vespera.intros.3","{card1}, {card2}, {card3}. Settle in. These three have something to say.","{card1}, {card2}, {card3}. Устраивайся. У этих трёх есть что сказать."
"readings","readers.vespera.bridges.0","But the past is only the doorway. The present is where the work happens.","Но прошлое — лишь дверной проём. Настоящее — вот где начинается работа."
"readings","readers.vespera.bridges.1","From what was, to what is — pay attention here, dear.","От того, что было, к тому, что есть — здесь стоит быть внимательнее."
"readings","readers.vespera.futureBridges.0","And now — what's coming. The cards lean in.","А теперь — то, что впереди. Карты подаются вперёд."
"readings","readers.vespera.futureBridges.1","The third card. The one we always come for.","Третья карта. Та, ради которой всё затевается."
"readings","readers.vespera.closings.0","There. Take what was given. Some of it will only make sense later.","Вот и всё. Прими то, что дано. Кое-что станет понятно лишь позже."
"readings","readers.vespera.closings.1","The reading is yours now. Hold it carefully.","Расклад теперь принадлежит тебе. Храни его бережно."
"readings","readers.vespera.closings.2","That's what the cards offered. Sit with it before you move on.","Вот что предложили карты. Побудь с этим, прежде чем идти дальше."
"readings","readers.vespera.pastPrefix","{card}, in the past — ","{card}, в прошлом — "
"readings","readers.vespera.presentPrefix","{card}, here in the present — ","{card}, здесь, в настоящем — "
"readings","readers.vespera.futurePrefix","{card}, ahead of you — ","{card}, впереди — "
"readings","readers.crow.displayName","The Crow","Ворон"
"readings","readers.crow.title","Reader of the Last Hour","Чтец Последнего Часа"
"readings","readers.crow.tagline","Sit. Don't speak. The cards already know.","Садись. Молчи. Карты уже знают."
"readings","readers.crow.bio","No introductions. No softening. The Crow tells you what the cards say and nothing more.","Никаких представлений. Никаких смягчений. Ворон говорит то, что говорят карты, и ни слова больше."
"readings","readers.crow.intros.0","{card1}. {card2}. {card3}. Three cards. No accidents.","{card1}. {card2}. {card3}. Три карты. Случайностей нет."
"readings","readers.crow.intros.1","{card1}, {card2}, {card3}. Look at them.","{card1}, {card2}, {card3}. Смотри на них."
"readings","readers.crow.intros.2","Drawn: {card1}, {card2}, {card3}. They mean what they mean.","Выпало: {card1}, {card2}, {card3}. Значение — ровно то, что есть."
"readings","readers.crow.intros.3","{card1}. Then {card2}. Then {card3}. A sentence the universe is finishing.","{card1}. Затем {card2}. Затем {card3}. Фраза, которую вселенная заканчивает."
"readings","readers.crow.bridges.0","That was before. This is now.","Это было тогда. Сейчас — другое."
"readings","readers.crow.bridges.1","The past is fixed. The present isn't.","Прошлое зафиксировано. Настоящее — нет."
"readings","readers.crow.futureBridges.0","Ahead.","Впереди."
"readings","readers.crow.futureBridges.1","What hasn't happened yet.","То, чего ещё нет."
"readings","readers.crow.closings.0","That's the reading.","Расклад окончен."
"readings","readers.crow.closings.1","The cards are done. You aren't.","Карты закончили. Ты — нет."
"readings","readers.crow.closings.2","Three cards. One direction. Go.","Три карты. Одно направление. Иди."
"readings","readers.crow.pastPrefix","{card}. Past: ","{card}. Прошлое: "
"readings","readers.crow.presentPrefix","{card}. Now: ","{card}. Сейчас: "
"readings","readers.crow.futurePrefix","{card}. Coming: ","{card}. Грядёт: "
"readings","readers.reginald.displayName","Reginald Ash","Реджинальд Эш"
"readings","readers.reginald.title","Reluctant Practitioner, Est. 1847","Неохотный Практик, с 1847 г."
"readings","readers.reginald.tagline","Fine. Sit down. Let's get this over with.","Ладно. Садись. Давай покончим с этим."
"readings","readers.reginald.bio","Has been reading cards for longer than he cares to discuss. Takes the work seriously, takes most querents less so. You'll get the truth — phrased exactly as he sees fit.","Гадает на картах дольше, чем готов обсуждать. К работе относится серьёзно, к большинству вопрошающих — менее. Правда будет сказана — именно так, как он считает нужным."
"readings","readers.reginald.intros.0","Right. {card1}, {card2}, {card3}. I've seen this combination before. It still means something. Let's proceed.","Итак. {card1}, {card2}, {card3}. Это сочетание уже встречалось. И до сих пор кое-что значит. Продолжим."
"readings","readers.reginald.intros.1","{card1}, {card2}, and {card3}. A spread with actual substance, for once.","{card1}, {card2} и {card3}. Расклад с настоящим содержанием, наконец-то."
"readings","readers.reginald.intros.2","{card1}, {card2}, {card3}. Don't ask if it's good news. Just listen.","{card1}, {card2}, {card3}. Не спрашивай, хорошие ли новости. Просто слушай."
"readings","readers.reginald.intros.3","Hm. {card1}, then {card2}, then {card3}. Brace yourself — this one earns its fee.","Хм. {card1}, затем {card2}, затем {card3}. Приготовься — этот расклад стоит своих денег."
"readings","readers.reginald.bridges.0","The past is finished, despite its habit of pretending otherwise. Onward.","Прошлое закончилось, хотя и любит притворяться иначе. Дальше."
"readings","readers.reginald.bridges.1","Yes, yes, that was then. The present is more pressing.","Да, да, это было тогда. Настоящее важнее."
"readings","readers.reginald.futureBridges.0","And now — the future. The part you actually came for.","А теперь — будущее. То, ради чего на самом деле весь визит."
"readings","readers.reginald.futureBridges.1","The third card. Try to look composed.","Третья карта. Постарайся сохранить самообладание."
"readings","readers.reginald.closings.0","That's the reading. Take it seriously or don't — but at least now you've been told.","Вот расклад. Можно принять всерьёз, можно нет — но теперь, по крайней мере, всё сказано."
"readings","readers.reginald.closings.1","Done. You'll do what you'll do. Most people do.","Готово. Каждый поступает, как считает нужным. Обычно так и бывает."
"readings","readers.reginald.closings.2","There. Free of theatrics, as promised. You may show yourself out.","Вот. Без театральности, как и обещано. Можно идти."
"readings","readers.reginald.pastPrefix","{card}, in the past — and frankly, this explains a great deal: ","{card}, в прошлом — и, честно говоря, это многое объясняет: "
"readings","readers.reginald.presentPrefix","{card}, in the present. This is, I'm afraid, where you live: ","{card}, в настоящем. Здесь, увы, приходится жить: "
"readings","readers.reginald.futurePrefix","{card}, ahead. I won't soften it: ","{card}, впереди. Смягчать не стану: "
"plans","plans.FREE.name","Free","Бесплатный"
"plans","plans.FREE.features.0","3 readings per day","3 гадания в день"
"plans","plans.FREE.features.1","Resets at midnight","Сбрасывается в полночь"
"plans","plans.SINGLE.name","Single reading","Разовое гадание"
"plans","plans.SINGLE.features.0","One extra reading","Одно дополнительное гадание"
"plans","plans.SINGLE.features.1","No subscription","Без подписки"
"plans","plans.MONTHLY.name","Monthly","Ежемесячный"
"plans","plans.MONTHLY.features.0","Unlimited readings","Безлимитные гадания"
"plans","plans.MONTHLY.features.1","Reading history","История гаданий"
"plans","plans.MONTHLY.features.2","Choose your deck","Выбор колоды"
"plans","plans.MONTHLY.features.3","Choose your diviner","Выбор гадателя"
"plans","plans.MONTHLY.features.4","Long-form interpretations","Развёрнутые толкования"
"plans","plans.MONTHLY.features.5","Daily card email","Карта дня на почту"
"plans","plans.MONTHLY.features.6","Export readings as PDF","Экспорт гаданий в PDF"
"plans","plans.MONTHLY.features.7","Favorites & personal notes","Избранное и личные заметки"
"plans","plans.MONTHLY.features.8","Reminder notifications","Уведомления-напоминания"
"plans","plans.MONTHLY.features.9","Ad-free","Без рекламы"
"plans","plans.YEARLY.name","Yearly","Годовой"
"plans","plans.YEARLY.features.0","Everything in Monthly","Всё из Ежемесячного"
"plans","plans.YEARLY.features.1","Save 58% vs monthly","Экономия 58% по сравнению с ежемесячным"
"plans","plans.YEARLY.features.2","Exclusive seasonal decks","Эксклюзивные сезонные колоды"
"plans","plans.YEARLY.features.3","Early access to new diviners & decks","Ранний доступ к новым гадателям и колодам"
"disclaimers","disclaimers.ageConfirm","I confirm I am 18 years of age or older.","Я подтверждаю, что мне 18 лет или больше."
"disclaimers","disclaimers.entertainmentShort","For entertainment purposes only. Not a substitute for professional advice.","Только в развлекательных целях. Не заменяет профессиональную консультацию."
"disclaimers","disclaimers.entertainmentFull","This service is provided for entertainment purposes only. Tarot readings should not be used as a substitute for professional medical, legal, financial, or psychological advice.","Данный сервис предоставляется исключительно в развлекательных целях. Расклады Таро не должны использоваться в качестве замены профессиональной медицинской, юридической, финансовой или психологической консультации."
"disclaimers","disclaimers.ageRequiredError","You must confirm you are 18 or older to continue.","Вы должны подтвердить, что вам 18 лет или больше, чтобы продолжить."
"seo","seo.siteName","The Veil","The Veil"
"seo","seo.home.metaTitle","Free Tarot Reading — Online Mystical Tarot App","Бесплатное гадание на Таро — мистическое онлайн-приложение"
"seo","seo.home.metaDescription","Unveil the mysteries of your future with our mystical tarot reading app. Free daily readings, multiple decks, and personal readers.","Откройте тайны своего будущего в нашем мистическом приложении Таро. Бесплатные ежедневные расклады, разные колоды и личные тарологи."
"seo","seo.home.keywords","tarot, free tarot reading, online tarot, tarot cards, tarot reading app, daily tarot","таро, бесплатное гадание таро, онлайн таро, карты таро, приложение таро"
"seo","seo.decks.metaTitle","Choose Your Tarot Deck","Выберите свою колоду Таро"
"seo","seo.decks.metaDescription","Pick your favorite tarot deck — Rider-Waite, Klimt, or Gothic-Vintage. Each deck reshapes the visual story of your reading.","Выберите любимую колоду — Райдера-Уэйта, Климта или Готическую Винтажную. Каждая колода по-своему рассказывает историю вашего расклада."
"seo","seo.decks.keywords","tarot deck, rider-waite, klimt tarot, gothic tarot, tarot card deck","колода таро, райдер-уэйт, климт таро, готическое таро, карты таро"
"seo","seo.subscription.metaTitle","Subscription Plans","Подписка"
"seo","seo.subscription.metaDescription","Unlock unlimited readings, premium decks, and exclusive readers with a Tarot subscription.","Откройте неограниченные расклады, премиум-колоды и эксклюзивных тарологов с подпиской Tarot."
"seo","seo.subscription.keywords","tarot subscription, unlimited tarot readings, premium tarot, tarot pricing","подписка таро, неограниченные расклады таро, премиум таро"
"seo","seo.profile.metaTitle","Your Mystic Profile","Ваш мистический профиль"
"seo","seo.profile.metaDescription","Manage your account, readings, and preferences.","Управляйте учётной записью, раскладами и настройками."
"contact","contact.metaTitle","Contact The Veil","Связаться с Завесой"
"contact","contact.metaDescription","Reach out to The Veil — questions, data requests, legal notices.","Свяжитесь с Завесой — вопросы, запросы по данным, юридические уведомления."
"contact","contact.heading","Contact","Контакты"
"contact","contact.intro","Send a message and we'll get back to you. For data-protection requests (export, deletion, correction), pick the matching category so it routes to the right inbox.","Напишите нам, и мы вам ответим. Для запросов по защите данных (экспорт, удаление, исправление) выберите подходящую категорию, чтобы обращение попало в нужный ящик."
"contact","contact.fields.name","Name","Имя"
"contact","contact.fields.email","Email","Эл. почта"
"contact","contact.fields.category","Reason","Причина"
"contact","contact.fields.message","Message","Сообщение"
"contact","contact.placeholders.name","Your name","Ваше имя"
"contact","contact.placeholders.email","you@example.com","you@example.com"
"contact","contact.placeholders.message","Tell us what's on your mind.","Расскажите, что вас беспокоит."
"contact","contact.categories.general","General question","Общий вопрос"
"contact","contact.categories.dsar_access","Export my data","Экспортировать мои данные"
"contact","contact.categories.dsar_delete","Delete my data","Удалить мои данные"
"contact","contact.categories.dsar_correct","Correct my data","Исправить мои данные"
"contact","contact.categories.legal_ip","Legal, copyright, or subscription cancellation","Юридические вопросы, авторское право или отмена подписки"
"contact","contact.categories.other","Other","Другое"
"contact","contact.submit","Send message","Отправить сообщение"
"contact","contact.submitting","Sending…","Отправка…"
"contact","contact.success","Thanks — your message is on its way. We'll reply to the email you provided.","Спасибо — ваше сообщение отправлено. Мы ответим на указанный вами адрес эл. почты."
"contact","contact.errorGeneric","Something went wrong sending your message. Please try again in a moment.","При отправке сообщения произошла ошибка. Пожалуйста, попробуйте ещё раз через мгновение."
"contact","contact.errors.nameRequired","Please enter your name.","Пожалуйста, введите ваше имя."
"contact","contact.errors.nameTooLong","Name must be 100 characters or fewer.","Имя не должно превышать 100 символов."
"contact","contact.errors.emailRequired","Please enter your email.","Пожалуйста, введите вашу эл. почту."
"contact","contact.errors.emailInvalid","Please enter a valid email address.","Пожалуйста, введите корректный адрес эл. почты."
"contact","contact.errors.categoryRequired","Please pick a reason.","Пожалуйста, выберите причину."
"contact","contact.errors.messageRequired","Please write a message.","Пожалуйста, напишите сообщение."
"contact","contact.errors.messageTooShort","Message must be at least 10 characters.","Сообщение должно содержать не менее 10 символов."
"contact","contact.errors.messageTooLong","Message must be 5000 characters or fewer.","Сообщение не должно превышать 5000 символов."
"payment","payment.confirmingTitle","Confirming your payment","Подтверждаем ваш платёж"
"payment","payment.confirmingMessage","Hang tight — we're confirming your payment with the bank. This can take a moment; please don't close this page.","Подождите — мы подтверждаем ваш платёж в банке. Это может занять некоторое время; пожалуйста, не закрывайте эту страницу."
"payment","payment.creditAddedTitle","Reading credit added","Гадание добавлено"
"payment","payment.creditAddedMessage","Your payment is confirmed. You now have {count, plural, one {# reading credit} other {# reading credits}}.","Ваш платёж подтверждён. Теперь у вас {count, plural, one {# гадание} few {# гадания} many {# гаданий} other {# гадания}}."
"payment","payment.subActiveTitle","Subscription active","Подписка активна"
"payment","payment.subActiveMonthly","Your monthly subscription is now active. Enjoy The Veil.","Ваша месячная подписка теперь активна. Наслаждайтесь Завесой."
"payment","payment.subActiveYearly","Your yearly subscription is now active. Enjoy The Veil.","Ваша годовая подписка теперь активна. Наслаждайтесь Завесой."
"payment","payment.confirmedTitle","Payment confirmed","Платёж подтверждён"
"payment","payment.confirmedMonthly","Your monthly subscription is active.","Ваша месячная подписка активна."
"payment","payment.confirmedYearly","Your yearly subscription is active.","Ваша годовая подписка активна."
"payment","payment.confirmedWithCredits","Your payment is confirmed. You have {count, plural, one {# reading credit} other {# reading credits}}.","Ваш платёж подтверждён. У вас {count, plural, one {# гадание} few {# гадания} many {# гаданий} other {# гадания}}."
"payment","payment.confirmedGeneric","Your payment is confirmed.","Ваш платёж подтверждён."
"payment","payment.failedTitle","Payment not completed","Платёж не завершён"
"payment","payment.failedMessage","Your payment didn't go through, so nothing was charged. You can try again whenever you're ready.","Ваш платёж не прошёл, поэтому средства не списаны. Вы можете попробовать снова, когда будете готовы."
"payment","payment.signedOutTitle","Sign in to view your payment","Войдите, чтобы увидеть ваш платёж"
"payment","payment.signedOutMessage","We couldn't read your account. Sign in to The Veil to see your latest status.","Не удалось прочитать вашу учётную запись. Войдите в Завесу, чтобы увидеть ваш последний статус."
"payment","payment.processingTitle","Still confirming","Всё ещё подтверждаем"
"payment","payment.processingMessage","Your payment is still being confirmed by the bank — this can take a little while. Your purchase will be applied automatically once it clears, and you won't be charged again. Check again below, or come back shortly; if you start a reading before it clears you may briefly be asked to subscribe — just try again in a moment.","Ваш платёж всё ещё подтверждается банком — это может занять некоторое время. Ваша покупка будет применена автоматически, как только платёж пройдёт, и повторное списание не произойдёт. Проверьте ещё раз ниже или вернитесь чуть позже; если вы начнёте гадание до подтверждения, вас могут ненадолго попросить оформить подписку — просто попробуйте снова через мгновение."
"payment","payment.checkAgain","Check again","Проверить снова"
"payment","payment.returnLink","Return to The Veil","Вернуться в Завесу"
"greetings","greetings.returned","You have returned, {name}.","Вы вернулись, {name}."
"greetings","greetings.circleComplete","The circle is complete, {name}.","Круг замкнулся, {name}."
"greetings","greetings.fold","Welcome back to the fold, {name}.","С возвращением в наш круг, {name}."
"greetings","greetings.beginsAgain","Ah. {name}. So it begins again.","А. {name}. Значит, всё начинается снова."
"greetings","greetings.theyAlwaysDo","You came back, {name}. They always do.","Вы вернулись, {name}. Они всегда возвращаются."
"greetings","greetings.feltYouComing","We felt you coming, {name}.","Мы почувствовали ваше приближение, {name}."
"greetings","greetings.enterFreely","Enter freely, {name}. And of your own will.","Входите по своей воле, {name}. И по собственному желанию."
"greetings","greetings.othersWereWrong","The others said you wouldn't return, {name}. They were wrong.","Другие говорили, что вы не вернётесь, {name}. Они ошиблись."
"greetings","greetings.asForetold","{name}. Again. As foretold.","{name}. Снова. Как и было предсказано."
"greetings","greetings.seatKeptWarm","Your seat was kept warm, {name}.","Ваше место сохранили тёплым, {name}."
"greetings","greetings.rightOnTime","Right on time, {name}. As if you had a choice.","Точно в срок, {name}. Как будто у вас был выбор."
"greetings","greetings.signsCorrect","The signs were correct. Welcome, {name}.","Знаки не солгали. Добро пожаловать, {name}."
"greetings","greetings.somethingStirred","Something stirred when you arrived, {name}.","Что-то шевельнулось, когда вы пришли, {name}."
"greetings","greetings.nobodyLeaves","Welcome, {name}. Nobody really leaves.","Добро пожаловать, {name}. На самом деле никто не уходит."
"greetings","greetings.findsYouAnyway","Step into the light, {name}. Or don't. It finds you anyway.","Шагните в свет, {name}. Или нет. Он всё равно вас найдёт."
"greetings","greetings.ritualResumes","The ritual resumes, {name}.","Ритуал продолжается, {name}."
"greetings","greetings.weAlwaysKnow","{name}. We always know when you're coming.","{name}. Мы всегда знаем, когда вы придёте."
"greetings","greetings.anonReturned","You have returned.","Вы вернулись."
"greetings","greetings.anonCircleComplete","The circle is complete.","Круг замкнулся."
"greetings","greetings.anonBeginsAgain","Ah. So it begins again.","А. Значит, всё начинается снова."
"greetings","greetings.anonFeltYouComing","We felt you coming.","Мы почувствовали ваше приближение."
"greetings","greetings.anonNobodyLeaves","Welcome back. Nobody really leaves.","С возвращением. На самом деле никто не уходит."
"ui","ui.profileTitle","What the Veil Knows About You","[TRANSLATE] What the Veil Knows About You"
"ui","ui.profileName","The Name You Gave","[TRANSLATE] The Name You Gave"
"ui","ui.profileEmail","Your Tether to the Living","[TRANSLATE] Your Tether to the Living"
"ui","ui.profilePlan","Your Station in the Order","[TRANSLATE] Your Station in the Order"
"ui","ui.profileCredits","Fates Remaining","[TRANSLATE] Fates Remaining"
"ui","ui.profileDeck","The Cards You Trust","[TRANSLATE] The Cards You Trust"
"ui","ui.profileReader","Who Reads For You","[TRANSLATE] Who Reads For You"
"ui","ui.profileLanguage","Your Tongue","[TRANSLATE] Your Tongue"
"ui","ui.profilePassword","The Seal","[TRANSLATE] The Seal"
"ui","ui.profileBreakSeal","Break the Seal, Set a New One","[TRANSLATE] Break the Seal, Set a New One"
"ui","ui.profileForgeSeal","Forge the Seal, Set a New One","[TRANSLATE] Forge the Seal, Set a New One"
"ui","ui.profileAvatar","The Face You Wear","[TRANSLATE] The Face You Wear"
"ui","ui.profilePictureAria","Profile picture","[TRANSLATE] Profile picture"
"ui","ui.avatarTooLarge","Too heavy a likeness — keep it under 2 MB.","[TRANSLATE] Too heavy a likeness — keep it under 2 MB."
"ui","ui.avatarBadType","That form won't hold — use PNG, JPG, or WebP.","[TRANSLATE] That form won't hold — use PNG, JPG, or WebP."
"ui","ui.avatarUploadFailed","The Veil refused it. Try again.","[TRANSLATE] The Veil refused it. Try again."
