"namespace","key","English (source — do not edit)","Turkish (edit this column)"
"ui","ui.discoverYourFate","Discover Your Fate","Kaderinizi Keşfedin"
"ui","ui.discover","Discover","Keşfedin"
"ui","ui.your","Your","Kendi"
"ui","ui.fate","Fate","Kaderinizi"
"ui","ui.shakeDeck","Shake the Deck","Desteyi Karıştır"
"ui","ui.joinTheCircle","Join the Circle of the Chosen","Seçilmişler Çemberine Katılın"
"ui","ui.loading","Loading...","Yükleniyor..."
"ui","ui.revealYourself","Reveal Yourself","Kendinizi Gösterin"
"ui","ui.welcome","Welcome, {name}","Hoş geldiniz, {name}"
"ui","ui.mysticOne","Mystic One","Mistik"
"ui","ui.unveilDestiny","Unveil Your Destiny, Card by Card...","Kaderinizi kart kart ortaya çıkarın..."
"ui","ui.revokeAndRetry","Revoke and Retry","İptal et ve tekrar dene"
"ui","ui.unveilAnotherFate","Unveil Another Fate","Başka bir kader açığa çıkar"
"ui","ui.backToSanctum","Back to the Sanctum","Tapınağa Dön"
"ui","ui.cardsHaveSpoken","The Cards Have Spoken","Kartlar Konuştu"
"ui","ui.cardsStillSilent","The cards are still silent...","Kartlar hâlâ sessiz..."
"ui","ui.stepThroughTheVeil","Step Through the Veil","Perdenin Ötesine Geçin"
"ui","ui.gateAnonTitle","The Veil Has Closed","Perde Kapandı"
"ui","ui.gateAnonBody","One glimpse is all the spirits grant a wandering soul. To part the veil again, you must first be known to us.","Ruhlar, avare bir ruha yalnızca tek bir bakış bağışlar. Perdeyi yeniden aralamak için önce bize tanınmalısınız."
"ui","ui.gateAnonCta","Step Through the Veil","Perdenin Ötesine Geçin"
"ui","ui.gateFreeTitle","The Spirits Ask for Tribute","Ruhlar Adak İstiyor"
"ui","ui.gateFreeBody","Tonight's fates are spent. Deeper visions are not given freely — offer tribute, and the cards will speak again.","Bu geceki kaderler tükendi. Derin görüler bedelsiz verilmez — bir adak sunun, kartlar yeniden konuşsun."
"ui","ui.gateFreeCta","Offer Tribute","Adak Sunun"
"ui","ui.yourMysticProfile","Your Mystic Profile","Mistik Profiliniz"
"ui","ui.chooseYourPath","Choose Your Path","Yolunuzu Seçin"
"ui","ui.oneReadingAtATime","One reading at a time, or unlimited every day.","Tek seferlik okuma ya da her gün sınırsız."
"ui","ui.mostPopular","Most popular","En popüler"
"ui","ui.currentPlanBtn","Current plan","Mevcut plan"
"ui","ui.includedBtn","Included","Dahil"
"ui","ui.comingSoon","Coming soon","Yakında"
"ui","ui.subscribeBtn","Subscribe","Abone ol"
"ui","ui.buyReadingBtn","Buy a reading","Bir fal al"
"ui","ui.processingBtn","Processing…","İşleniyor…"
"ui","ui.paymentStartFailed","Something went wrong starting your payment. Please try again.","Ödeme başlatılırken bir sorun oluştu. Lütfen tekrar deneyin."
"ui","ui.paymentsLaunchingSoon","Payments launching soon","Ödemeler yakında aktif olacak"
"ui","ui.termsOfService","Terms of Service","Kullanım Koşulları"
"ui","ui.privacyPolicy","Privacy Policy","Gizlilik Politikası"
"ui","ui.cookiePolicy","Cookie Policy","Çerez Politikası"
"ui","ui.refundPolicy","Refund Policy","İade Politikası"
"ui","ui.cookieSettings","Cookie settings","Çerez ayarları"
"ui","ui.contact","Contact","İletişim"
"ui","ui.cookieBannerAriaLabel","Cookie consent","Çerez onayı"
"ui","ui.cookieBannerMessage","We use cookies to keep you signed in and, with your consent, to understand how The Veil is used.","Oturumunuzu açık tutmak için ve onayınızla Perde'nin nasıl kullanıldığını anlamak için çerezler kullanıyoruz."
"ui","ui.cookieBannerLearnMore","Learn more","Daha fazla bilgi"
"ui","ui.cookieBannerAccept","Accept","Kabul et"
"ui","ui.cookieBannerReject","Reject","Reddet"
"ui","ui.initiation","Initiation","İnisiyasyon"
"ui","ui.name","Name","İsim"
"ui","ui.email","Email","E-posta"
"ui","ui.currentPlan","Current plan","Mevcut plan"
"ui","ui.credits","Reading Credits","Okuma Kredileri"
"ui","ui.password","Password","Şifre"
"ui","ui.save","Save","Kaydet"
"ui","ui.saving","Saving...","Kaydediliyor..."
"ui","ui.cancel","Cancel","İptal"
"ui","ui.changePassword","Change password","Şifreyi değiştir"
"ui","ui.setPassword","Set password","Şifre belirle"
"ui","ui.slipIntoShadows","Slip Into the Shadows","Gölgelere Karışın"
"ui","ui.currentPasswordPlaceholder","Current password","Mevcut şifre"
"ui","ui.newPasswordPlaceholder","New password","Yeni şifre"
"ui","ui.confirmPasswordPlaceholder","Confirm new password","Yeni şifreyi onaylayın"
"ui","ui.nameCannotBeEmpty","Name cannot be empty","İsim boş olamaz"
"ui","ui.failedToUpdateName","Failed to update name","İsim güncellenemedi"
"ui","ui.passwordMinLength","Password must be at least 8 characters","Şifre en az 8 karakter olmalıdır"
"ui","ui.passwordsDoNotMatch","Passwords do not match","Şifreler eşleşmiyor"
"ui","ui.failedToUpdatePassword","Failed to update password","Şifre güncellenemedi"
"ui","ui.passwordUpdated","Password updated","Şifre güncellendi"
"ui","ui.whatShallWeCallYou","What Shall We Call You?","Size nasıl hitap edelim?"
"ui","ui.pledgeYourSoul","Pledge Your Soul (Or Just Your Email)","Ruhunuzu adayın (ya da sadece e-postanızı girin)"
"ui","ui.enchantedPhrase","Enchanted Phrase","Büyülü söz"
"ui","ui.iAgreeTo","I agree to the","Şunu kabul ediyorum:"
"ui","ui.and","and","ve"
"ui","ui.agreeToTerms","I agree to the {terms} and {privacy}.","{terms} ve {privacy} koşullarını kabul ediyorum."
"ui","ui.acceptTermsError","Please accept the Terms of Service and Privacy Policy to continue.","Devam etmek için lütfen Kullanım Koşulları'nı ve Gizlilik Politikası'nı kabul edin."
"ui","ui.invalidCredentials","Invalid email or password","Geçersiz e-posta veya şifre"
"ui","ui.somethingWentWrong","Something went wrong. Please try again.","Bir şeyler yanlış gitti. Lütfen tekrar deneyin."
"ui","ui.channeling","Channeling...","Ruhlarla bağlantı kuruluyor..."
"ui","ui.beginTheRitual","Begin the Ritual","Ritüeli Başlat"
"ui","ui.completeTheRitual","Complete the Ritual","Ritüeli Tamamla"
"ui","ui.letGoogleSpeak","Let Google Speak Your Name","Adınızı Google söylesin"
"ui","ui.alreadyInitiated","Already initiated? Enter the Sanctum","Zaten inisiye oldunuz mu? Tapınağa girin"
"ui","ui.newToTheCraft","New to the craft? Join the Circle of the Chosen","Bu zanaatta yeni misiniz? Seçilmişler Çemberine katılın"
"ui","ui.drawThreeCards","Draw three cards to receive your reading.","Okumanızı almak için üç kart çekin."
"ui","ui.spiritsUnclear","The spirits are unclear. Please draw again.","Ruhlar belirsiz. Lütfen kartları tekrar çekin."
"ui","ui.language","Language","Dil"
"ui","ui.deck","Deck","Deste"
"ui","ui.chooseDeck","Choose Your Deck","Destenizi Seçin"
"ui","ui.deckRiderWaite","Rider-Waite","Rider-Waite"
"ui","ui.deckKlimt","Klimt","Klimt"
"ui","ui.deckGothicVintage","Gothic Vintage","Gotik Vintage"
"ui","ui.selected","Selected","Seçildi"
"ui","ui.selectDeck","Select","Seç"
"ui","ui.signInToSelectDeck","Sign in to choose your deck","Destenizi seçmek için giriş yapın"
"ui","ui.chooseYourReader","Choose Who Reads For You","Size Kimin Okuyacağını Seçin"
"ui","ui.readerSelectionSubtitle","Three readers wait in the dark. They will not introduce themselves — you must choose.","Karanlıkta üç okuyucu bekliyor. Kendilerini tanıtmayacaklar — seçim sizin."
"ui","ui.hoverToLearn","Hover a reader to learn their nature.","Doğalarını öğrenmek için bir okuyucunun üzerine gelin."
"ui","ui.summonReader","Summon {name}","{name}'ı Çağır"
"ui","ui.yourReaderIs","Your Reader","Okuyucunuz"
"ui","ui.changeYourReader","Change Your Reader","Okuyucunuzu Değiştirin"
"ui","ui.beginInitiation","Begin Initiation","İnisiyasyonu Başlat"
"ui","ui.reader","Reader","Okuyucu"
"ui","ui.chooseReader","Choose Your Reader","Okuyucunuzu Seçin"
"ui","ui.deleteAccountHeading","The Point of No Return","Dönüşü Olmayan Nokta"
"ui","ui.deleteAccountTrigger","Break the Pact","Antlaşmayı Boz"
"ui","ui.deleteAccountWarning","This will permanently erase your account, reading history, deck and reader preferences, subscription record, and any linked sign-in providers. This action cannot be undone.","Bu işlem hesabınızı, okuma geçmişinizi, deste ve okuyucu tercihlerinizi, abonelik kaydınızı ve bağlı tüm oturum açma sağlayıcılarını kalıcı olarak siler. Bu işlem geri alınamaz."
"ui","ui.deleteAccountConfirmLabel","Type DELETE to confirm","Onaylamak için DELETE yazın"
"ui","ui.deleteAccountConfirmPlaceholder","DELETE","DELETE"
"ui","ui.deleteAccountButton","Burn the pact forever","Antlaşmayı sonsuza dek yak"
"ui","ui.deleteAccountCancel","Cancel","İptal"
"ui","ui.deleteAccountSubmitting","Burning the pact...","Antlaşma yakılıyor..."
"ui","ui.deleteAccountError","Something went wrong. Please contact privacy@nothingweird.agency","Bir şeyler ters gitti. Lütfen privacy@nothingweird.agency ile iletişime geçin"
"ui","ui.deleteAccountEmailSubject","[theveil] Account deleted","[theveil] Hesap silindi"
"ui","ui.deleteAccountEmailBody","Your account at The Veil has been permanently deleted. This action is irreversible. If you did not request this, contact privacy@nothingweird.agency.","The Veil'deki hesabınız kalıcı olarak silindi. Bu işlem geri alınamaz. Bunu siz talep etmediyseniz privacy@nothingweird.agency ile iletişime geçin."
"ui","ui.renewsOn","Renews on {date}","{date} tarihinde yenilenir"
"ui","ui.accessUntil","Access until {date}","{date} tarihine kadar erişim"
"ui","ui.renewal","Renewal","Yenileme"
"ui","ui.cancelSubscription","Cancel subscription","Aboneliği iptal et"
"ui","ui.resumeSubscription","Resume subscription","Aboneliği sürdür"
"ui","ui.cancelSubscriptionConfirm","Cancel auto-renew? You'll keep access until the end of your paid period.","Otomatik yenileme iptal edilsin mi? Ödediğiniz dönemin sonuna kadar erişiminiz devam eder."
"ui","ui.notFound.title","The veil is closed here","Peçe burada kapalı"
"ui","ui.notFound.description","This page has slipped beyond the veil. Return to the circle and try another path.","Bu sayfa peçenin ardına kaymış. Çembere dönün ve başka bir yol deneyin."
"ui","ui.notFound.backHome","Back to the sanctum","Mabede geri dön"
"cards","cards.arcana-0","The Fool","Deli"
"cards","cards.arcana-1","The Magician","Büyücü"
"cards","cards.arcana-2","The High Priestess","Yüksek Rahibe"
"cards","cards.arcana-3","The Empress","İmparatoriçe"
"cards","cards.arcana-4","The Emperor","İmparator"
"cards","cards.arcana-5","The Hierophant","Aziz"
"cards","cards.arcana-6","The Lovers","Aşıklar"
"cards","cards.arcana-7","The Chariot","Savaş Arabası"
"cards","cards.arcana-8","Justice","Adalet"
"cards","cards.arcana-9","The Hermit","Ermiş"
"cards","cards.arcana-10","Wheel of Fortune","Kader Çarkı"
"cards","cards.arcana-11","Strength","Güç"
"cards","cards.arcana-12","The Hanged Man","Asılan Adam"
"cards","cards.arcana-13","Death","Ölüm"
"cards","cards.arcana-14","Temperance","Ölçülülük"
"cards","cards.arcana-15","The Devil","Şeytan"
"cards","cards.arcana-16","The Tower","Kule"
"cards","cards.arcana-17","The Star","Yıldız"
"cards","cards.arcana-18","The Moon","Ay"
"cards","cards.arcana-19","The Sun","Güneş"
"cards","cards.arcana-20","Judgement","Mahkeme"
"cards","cards.arcana-21","The World","Dünya"
"cards","cards.chalices-1","Ace of Chalices","Kupa Ası"
"cards","cards.chalices-2","Two of Chalices","Kupa İkilisi"
"cards","cards.chalices-3","Three of Chalices","Kupa Üçlüsü"
"cards","cards.chalices-4","Four of Chalices","Kupa Dörtlüsü"
"cards","cards.chalices-5","Five of Chalices","Kupa Beşlisi"
"cards","cards.chalices-6","Six of Chalices","Kupa Altılısı"
"cards","cards.chalices-7","Seven of Chalices","Kupa Yedilisi"
"cards","cards.chalices-8","Eight of Chalices","Kupa Sekizlisi"
"cards","cards.chalices-9","Nine of Chalices","Kupa Dokuzlusu"
"cards","cards.chalices-10","Ten of Chalices","Kupa Onlusu"
"cards","cards.chalices-page","Page of Chalices","Kupa Prensi"
"cards","cards.chalices-knight","Knight of Chalices","Kupa Şövalyesi"
"cards","cards.chalices-queen","Queen of Chalices","Kupa Kraliçesi"
"cards","cards.chalices-king","King of Chalices","Kupa Kralı"
"cards","cards.swords-1","Ace of Swords","Kılıç Ası"
"cards","cards.swords-2","Two of Swords","Kılıç İkilisi"
"cards","cards.swords-3","Three of Swords","Kılıç Üçlüsü"
"cards","cards.swords-4","Four of Swords","Kılıç Dörtlüsü"
"cards","cards.swords-5","Five of Swords","Kılıç Beşlisi"
"cards","cards.swords-6","Six of Swords","Kılıç Altılısı"
"cards","cards.swords-7","Seven of Swords","Kılıç Yedilisi"
"cards","cards.swords-8","Eight of Swords","Kılıç Sekizlisi"
"cards","cards.swords-9","Nine of Swords","Kılıç Dokuzlusu"
"cards","cards.swords-10","Ten of Swords","Kılıç Onlusu"
"cards","cards.swords-page","Page of Swords","Kılıç Prensi"
"cards","cards.swords-knight","Knight of Swords","Kılıç Şövalyesi"
"cards","cards.swords-queen","Queen of Swords","Kılıç Kraliçesi"
"cards","cards.swords-king","King of Swords","Kılıç Kralı"
"cards","cards.pentacles-1","Ace of Pentacles","Tılsım Ası"
"cards","cards.pentacles-2","Two of Pentacles","Tılsım İkilisi"
"cards","cards.pentacles-3","Three of Pentacles","Tılsım Üçlüsü"
"cards","cards.pentacles-4","Four of Pentacles","Tılsım Dörtlüsü"
"cards","cards.pentacles-5","Five of Pentacles","Tılsım Beşlisi"
"cards","cards.pentacles-6","Six of Pentacles","Tılsım Altılısı"
"cards","cards.pentacles-7","Seven of Pentacles","Tılsım Yedilisi"
"cards","cards.pentacles-8","Eight of Pentacles","Tılsım Sekizlisi"
"cards","cards.pentacles-9","Nine of Pentacles","Tılsım Dokuzlusu"
"cards","cards.pentacles-10","Ten of Pentacles","Tılsım Onlusu"
"cards","cards.pentacles-page","Page of Pentacles","Tılsım Prensi"
"cards","cards.pentacles-knight","Knight of Pentacles","Tılsım Şövalyesi"
"cards","cards.pentacles-queen","Queen of Pentacles","Tılsım Kraliçesi"
"cards","cards.pentacles-king","King of Pentacles","Tılsım Kralı"
"cards","cards.wands-1","Ace of Wands","Asa Ası"
"cards","cards.wands-2","Two of Wands","Asa İkilisi"
"cards","cards.wands-3","Three of Wands","Asa Üçlüsü"
"cards","cards.wands-4","Four of Wands","Asa Dörtlüsü"
"cards","cards.wands-5","Five of Wands","Asa Beşlisi"
"cards","cards.wands-6","Six of Wands","Asa Altılısı"
"cards","cards.wands-7","Seven of Wands","Asa Yedilisi"
"cards","cards.wands-8","Eight of Wands","Asa Sekizlisi"
"cards","cards.wands-9","Nine of Wands","Asa Dokuzlusu"
"cards","cards.wands-10","Ten of Wands","Asa Onlusu"
"cards","cards.wands-page","Page of Wands","Asa Prensi"
"cards","cards.wands-knight","Knight of Wands","Asa Şövalyesi"
"cards","cards.wands-queen","Queen of Wands","Asa Kraliçesi"
"cards","cards.wands-king","King of Wands","Asa Kralı"
"readings","readings.arcana-0.keywords","beginnings, innocence, spontaneity, free spirit","başlangıçlar, masumiyet, içtenlik, özgür ruh"
"readings","readings.arcana-0.meaning","The Fool stands at the edge of a cliff with nothing but trust. New beginnings, a blank page, a step into the unknown. Something is about to start — and it asks you not to overthink it.","Deli, bir uçurumun kenarında yalnızca güvenle duruyor. Yeni başlangıçlar, boş bir sayfa, bilinmeyene bir adım. Bir şey başlamak üzere — ve senden fazla düşünmemeni istiyor."
"readings","readings.arcana-0.past","There was a leap — a moment when you chose the unknown over the safe. That decision, reckless or brave, set everything in motion.","Bir atlayış vardı — güvenli olan yerine bilinmeyeni seçtiğin bir an. O karar, pervasız ya da cesur, her şeyi harekete geçirdi."
"readings","readings.arcana-0.present","A fresh start is calling. The details aren't clear yet, and that's the point. Stop planning and take the step.","Yeni bir başlangıç seni çağırıyor. Ayrıntılar henüz net değil, ve asıl mesele de bu. Planlamayı bırak, adımı at."
"readings","readings.arcana-0.future","Something entirely new is coming. You won't be able to prepare for it — and you won't need to. Meet it with open hands.","Tamamen yeni bir şey geliyor. Buna hazırlanamayacaksın — ve hazırlanman gerekmeyecek. Açık ellerle karşıla."
"readings","readings.arcana-1.keywords","manifestation, willpower, skill, resourcefulness","tezahür, irade, beceri, beceriklilik"
"readings","readings.arcana-1.meaning","The Magician has every tool on the table and knows exactly how to use them. This is about focus, skill, and turning intention into action. You have what you need — now use it.","Büyücü'nün masasında her araç var ve onları tam olarak nasıl kullanacağını biliyor. Bu odaklanma, beceri ve niyeti eyleme dönüştürmekle ilgili. İhtiyacın olan sende — şimdi kullan."
"readings","readings.arcana-1.past","A time when everything clicked — skill met opportunity and something real was created. That ability hasn't gone anywhere.","Her şeyin yerine oturduğu bir dönem — beceri fırsatla buluştu ve gerçek bir şey yaratıldı. O yetenek hiçbir yere gitmedi."
"readings","readings.arcana-1.present","All the pieces are in front of you. This is not the time for doubt or hesitation — it's the time to act with precision.","Tüm parçalar önünde. Şüphe ya da tereddüt zamanı değil — kesinlikle hareket etme zamanı."
"readings","readings.arcana-1.future","A moment is coming when your skills will be tested and proven. What you've been learning is about to become very useful.","Yeteneklerinin sınanıp kanıtlanacağı bir an yaklaşıyor. Öğrenmekte olduğun şey çok yakında çok faydalı olacak."
"readings","readings.arcana-2.keywords","intuition, mystery, inner knowledge, subconscious","sezgi, gizem, içsel bilgi, bilinçaltı"
"readings","readings.arcana-2.meaning","The High Priestess sits between what's seen and what's hidden. She doesn't speak loudly — she doesn't need to. The answer is already inside you, waiting for you to get quiet enough to hear it.","Yüksek Rahibe görülen ile saklı olan arasında oturur. Yüksek sesle konuşmaz — buna ihtiyacı yoktur. Cevap zaten içinde, duyabilecek kadar sessizleşmeni bekliyor."
"readings","readings.arcana-2.past","There was a time you knew something without knowing how. That gut feeling guided you well. You've second-guessed your intuition since — don't.","Nasıl bildiğini bilmeden bir şeyi bildiğin bir zaman vardı. O içgüdü seni iyi yönlendirdi. O zamandan beri sezgini sorgular oldun — sorgulama."
"readings","readings.arcana-2.present","Stop looking for answers outside yourself. The information you need is already here — in your gut, in your dreams, in the silence between thoughts.","Dışarıda cevap aramayı bırak. İhtiyacın olan bilgi zaten burada — içgüdünde, rüyalarında, düşünceler arasındaki sessizlikte."
"readings","readings.arcana-2.future","Something hidden will surface. Not through effort, but through stillness. Pay attention to what comes to you unbidden.","Gizli bir şey yüzeye çıkacak. Çabayla değil, dinginlikle. Sana davetsizce gelene dikkat et."
"readings","readings.arcana-3.keywords","abundance, nurturing, fertility, creativity","bolluk, besleme, bereket, yaratıcılık"
"readings","readings.arcana-3.meaning","The Empress is the garden in full bloom. She represents growth, sensuality, and the kind of creation that comes from tending something with care. What you nurture will thrive.","İmparatoriçe tam çiçek açmış bahçedir. Büyümeyi, duyarlılığı ve özenle bakıldığında gelen türden yaratımı temsil eder. Beslediğin şey gelişecek."
"readings","readings.arcana-3.past","A fertile period — something was growing and you helped it along. That nurturing energy, whether directed at a person or a project, produced something lasting.","Verimli bir dönem — bir şey büyüyordu ve sen ona yardım ediyordun. O besleyici enerji, bir kişiye ya da bir projeye yönelik, kalıcı bir şey üretti."
"readings","readings.arcana-3.present","Create. Tend. Nourish. Whatever you give your attention to right now will grow. This is not a time for austerity — let things be lush.","Yarat. Bak. Besle. Şu anda neye dikkat verirsen o büyüyecek. Bu kısıtlama zamanı değil — bırak her şey bol olsun."
"readings","readings.arcana-3.future","Abundance is building. Something you've been caring for is about to reward that patience. The harvest is closer than you think.","Bolluk birikiyor. Özen gösterdiğin bir şey bu sabrı ödüllendirmek üzere. Hasat sandığından daha yakın."
"readings","readings.arcana-4.keywords","authority, structure, stability, discipline","otorite, yapı, istikrar, disiplin"
"readings","readings.arcana-4.meaning","The Emperor builds order from chaos. Stone walls, clear rules, a firm hand. This card is about taking control — not emotionally, but structurally. Set the boundary. Make the decision.","İmparator kaostan düzen kurar. Taş duvarlar, net kurallar, sağlam bir el. Bu kart kontrolü almakla ilgili — duygusal olarak değil, yapısal olarak. Sınırı çiz. Kararı ver."
"readings","readings.arcana-4.past","Structure was imposed — by you or on you. A father figure, a system, a set of rules shaped how you operate. That framework still holds weight.","Yapı dayatıldı — ya senin tarafından ya da sana. Bir baba figürü, bir sistem, bir kurallar dizisi nasıl işlediğini şekillendirdi. O çerçeve hâlâ ağırlığını korur."
"readings","readings.arcana-4.present","The situation needs leadership, not discussion. Establish order. Be the one who draws the line and holds it.","Durum liderlik istiyor, tartışma değil. Düzen kur. Çizgiyi çekip onu tutan kişi ol."
"readings","readings.arcana-4.future","You're moving toward a position of greater authority. The discipline you practice now is building something solid for later.","Daha büyük bir otorite konumuna doğru ilerliyorsun. Şimdi uyguladığın disiplin daha sonrası için sağlam bir şey inşa ediyor."
"readings","readings.arcana-5.keywords","tradition, guidance, conformity, mentorship","gelenek, rehberlik, uyum, mentorluk"
"readings","readings.arcana-5.meaning","The Hierophant represents the wisdom that comes through lineage — teachers, traditions, institutions. Sometimes you need to learn the rules before you break them. This card says: find the teacher.","Aziz soy aracılığıyla gelen bilgeliği temsil eder — öğretmenler, gelenekler, kurumlar. Bazen kuralları yıkmadan önce öğrenmen gerekir. Bu kart der ki: öğretmeni bul."
"readings","readings.arcana-5.past","A mentor, a tradition, or a belief system gave you a foundation. Whether you still follow it or pushed against it, it shaped your path.","Bir mentor, bir gelenek ya da bir inanç sistemi sana bir temel verdi. Hâlâ ona uyuyor olsan da ona karşı çıkmış olsan da, yolunu şekillendirdi."
"readings","readings.arcana-5.present","Seek guidance from someone who has walked this road before. There's no shame in learning from established wisdom — not everything needs to be reinvented.","Bu yoldan önce yürümüş birinden rehberlik iste. Yerleşik bilgelikten öğrenmekte utanılacak bir şey yok — her şeyin yeniden icat edilmesi gerekmez."
"readings","readings.arcana-5.future","You'll be called to pass on what you know. The role of teacher or guide is forming ahead of you, whether you planned for it or not.","Bildiğini aktarmaya çağrılacaksın. Öğretmen ya da rehber rolü, planlamış olsan da olmasan da önünde şekilleniyor."
"readings","readings.arcana-6.keywords","love, choice, union, values","sevgi, seçim, birlik, değerler"
"readings","readings.arcana-6.meaning","The Lovers is less about romance and more about choice. Two paths, two forces, two truths — and you must choose. The real question: what do you value enough to commit to?","Aşıklar romantizmden çok seçimle ilgilidir. İki yol, iki güç, iki gerçek — ve seçmen gerekiyor. Asıl soru: kendini adayacak kadar neyi değerli buluyorsun?"
"readings","readings.arcana-6.past","A defining choice was made — one that aligned you with someone or something at a deep level. That decision still echoes.","Belirleyici bir seçim yapıldı — seni derin bir düzeyde biriyle ya da bir şeyle hizalayan bir seçim. O karar hâlâ yankılanıyor."
"readings","readings.arcana-6.present","You're facing a choice that touches who you are at the core. Don't choose what's easy. Choose what's true.","Özünde kim olduğuna dokunan bir seçimle yüz yüzesin. Kolay olanı seçme. Gerçek olanı seç."
"readings","readings.arcana-6.future","A significant union or decision is approaching. It will ask you to be honest about what you actually want — not what you think you should want.","Önemli bir birlik ya da karar yaklaşıyor. Gerçekten ne istediğin konusunda dürüst olmanı isteyecek — istemen gerektiğini düşündüğünü değil."
"readings","readings.arcana-7.keywords","determination, willpower, victory, control","kararlılık, irade, zafer, kontrol"
"readings","readings.arcana-7.meaning","The Chariot moves forward through sheer force of will. Two opposing forces, one driver. This isn't gentle progress — it's controlled aggression toward a goal. Hold the reins tight.","Savaş Arabası saf irade gücüyle ilerler. İki karşıt güç, tek sürücü. Bu nazik bir ilerleme değil — hedefe yönelik kontrollü bir saldırganlıktır. Dizginleri sıkı tut."
"readings","readings.arcana-7.past","You pushed through something by sheer determination. The victory wasn't handed to you — you wrestled it into existence.","Bir şeyi salt kararlılıkla aştın. Zafer sana verilmedi — onu varlığa zorla soktun."
"readings","readings.arcana-7.present","Conflict is pulling you in two directions. The only way forward is to master both forces and drive. Hesitate and you stall.","Çatışma seni iki yöne çekiyor. İleriye giden tek yol her iki gücü de ustalaştırıp sürmekten geçiyor. Tereddüt edersen durursun."
"readings","readings.arcana-7.future","A breakthrough is coming, but it won't be effortless. You'll need every ounce of focus and willpower. The good news: you have it.","Bir atılım geliyor, ama zahmetsiz olmayacak. Her gram odaklanmaya ve iradeye ihtiyacın olacak. İyi haber: bunlara sahipsin."
"readings","readings.arcana-8.keywords","justice, fairness, truth, accountability","adalet, hakkaniyet, gerçek, hesap verebilirlik"
"readings","readings.arcana-8.meaning","Justice holds the scales and the sword. This is about cause and effect, plain and simple. What you put out comes back. The truth will be weighed — and the verdict will be fair.","Adalet teraziyi ve kılıcı tutar. Bu sade biçimde neden ve sonuçla ilgilidir. Verdiğin geri döner. Gerçek tartılacak — ve karar adil olacak."
"readings","readings.arcana-8.past","A decision was made that balanced the scales. Something was settled — fairly or not — and the consequences played out as they should.","Teraziyi dengeleyen bir karar verildi. Bir şey halledildi — adilce ya da değil — ve sonuçları olması gerektiği gibi ortaya çıktı."
"readings","readings.arcana-8.present","Be honest. With yourself, with others. A situation demands fairness and clear-eyed truth. The scales are watching.","Dürüst ol. Kendine, başkalarına. Bir durum hakkaniyet ve berrak gerçek talep ediyor. Terazi izliyor."
"readings","readings.arcana-8.future","A reckoning is coming — not punishment, but balance. What's been out of alignment will be corrected. Trust the process.","Bir hesaplaşma geliyor — ceza değil, denge. Hizada olmayan düzeltilecek. Sürece güven."
"readings","readings.arcana-9.keywords","solitude, introspection, guidance, wisdom","yalnızlık, iç gözlem, rehberlik, bilgelik"
"readings","readings.arcana-9.meaning","The Hermit climbs alone, lantern in hand. This isn't loneliness — it's chosen solitude. Sometimes the answers only come when you step away from the noise and walk your own path for a while.","Ermiş yalnız tırmanır, elinde fener. Bu yalnızlık değil — seçilmiş tenhalıktır. Bazen cevaplar ancak gürültüden uzaklaşıp bir süre kendi yolunda yürüdüğünde gelir."
"readings","readings.arcana-9.past","A period of withdrawal taught you something no one else could. That time alone — voluntary or not — gave you clarity you still carry.","Bir geri çekilme dönemi, sana başka kimsenin öğretemeyeceği bir şey öğretti. O yalnız zaman — gönüllü ya da değil — sana hâlâ taşıdığın netliği verdi."
"readings","readings.arcana-9.present","Pull back. The crowd doesn't have your answers right now. Take the lantern and go inward. What you find in the silence will be worth the solitude.","Geri çekil. Kalabalığın şu anda sana verecek cevabı yok. Feneri al ve içine yönel. Sessizlikte bulacakların yalnızlığa değecek."
"readings","readings.arcana-9.future","A period of necessary solitude is ahead. It may not feel comfortable, but it will give you the clarity you've been missing.","Gerekli bir yalnızlık dönemi yaklaşıyor. Rahat gelmeyebilir, ama kaçırdığın netliği sana verecek."
"readings","readings.arcana-10.keywords","cycles, fate, turning point, change","döngüler, kader, dönüm noktası, değişim"
"readings","readings.arcana-10.meaning","The Wheel turns — always has, always will. What's up comes down, what's down comes up. This card is a reminder that nothing is permanent. The only constant is the turning itself.","Çark döner — hep döndü, hep dönecek. Yukarıdaki aşağı iner, aşağıdaki yukarı çıkar. Bu kart hiçbir şeyin kalıcı olmadığını hatırlatır. Tek sabit dönmenin kendisidir."
"readings","readings.arcana-10.past","A major shift changed everything — fortune turned and your circumstances flipped. That cycle completed itself whether you were ready or not.","Büyük bir kayma her şeyi değiştirdi — talih döndü ve koşulların altüst oldu. O döngü hazır olsan da olmasan da kendini tamamladı."
"readings","readings.arcana-10.present","Things are in motion. You can't stop the wheel, but you can choose how you ride it. Something is shifting right now.","İşler harekete geçmiş durumda. Çarkı durduramazsın ama ona nasıl bineceğini seçebilirsin. Şu anda bir şey değişiyor."
"readings","readings.arcana-10.future","A turn of fate is approaching. Luck, circumstance, timing — something is about to rotate in your favor. Be ready to move.","Bir kader dönüşü yaklaşıyor. Şans, koşul, zamanlama — bir şey lehine dönmek üzere. Harekete geçmeye hazır ol."
"readings","readings.arcana-11.keywords","courage, patience, inner strength, compassion","cesaret, sabır, içsel güç, şefkat"
"readings","readings.arcana-11.meaning","Strength isn't the lion — it's the woman with her hands on its jaws. Quiet power, gentle control, the kind of courage that doesn't need to roar. Master yourself before you try to master anything else.","Güç aslan değil — ellerini onun çenesine koyan kadındır. Sessiz güç, nazik kontrol, kükremeye ihtiyacı olmayan türden cesaret. Başka bir şeye hakim olmaya çalışmadan önce kendine hakim ol."
"readings","readings.arcana-11.past","You faced something that required deep inner strength — not force, but endurance. That quiet courage got you through.","Derin bir içsel güç gerektiren bir şeyle karşılaştın — zor değil, dayanıklılık. O sessiz cesaret seni taşıdı."
"readings","readings.arcana-11.present","The situation calls for patience, not power. Meet the challenge gently but firmly. You're stronger than the thing you're afraid of.","Durum güç değil, sabır istiyor. Meydan okumayı nazikçe ama kararlılıkla karşıla. Korktuğun şeyden daha güçlüsün."
"readings","readings.arcana-11.future","You'll be tested — not by an external enemy, but by your own impulses. The strength you need is already inside you. Trust it.","Sınanacaksın — dış bir düşman tarafından değil, kendi dürtülerin tarafından. İhtiyacın olan güç zaten içinde. Ona güven."
"readings","readings.arcana-12.keywords","surrender, new perspective, letting go, pause","teslimiyet, yeni perspektif, bırakma, duraksama"
"readings","readings.arcana-12.meaning","The Hanged Man hangs by choice. The world looks different upside down — and that's the point. This is voluntary suspension, a pause that changes everything. Stop struggling and see what the stillness shows you.","Asılan Adam kendi isteğiyle asılıdır. Dünya baş aşağı farklı görünür — ve asıl mesele de bu. Bu gönüllü askıya alıştır, her şeyi değiştiren bir duraksama. Mücadeleyi bırak ve dinginliğin ne gösterdiğini gör."
"readings","readings.arcana-12.past","A period of waiting or sacrifice shifted your entire perspective. What felt like stagnation was actually transformation in disguise.","Bir bekleme ya da fedakarlık dönemi tüm bakış açını değiştirdi. Durgunluk gibi hissedilen aslında kılık değiştirmiş dönüşümdü."
"readings","readings.arcana-12.present","Let go of the need to act. The answer comes when you stop chasing it. Surrender isn't defeat — it's strategy.","Harekete geçme ihtiyacını bırak. Cevap onu kovalamayı bıraktığında gelir. Teslimiyet yenilgi değil — stratejidir."
"readings","readings.arcana-12.future","A pause is coming. It will feel frustrating, but it's necessary. What you see from this new angle will change your approach entirely.","Bir duraksama geliyor. Sinir bozucu hissedecek ama gerekli. Bu yeni açıdan göreceklerin yaklaşımını tamamen değiştirecek."
"readings","readings.arcana-13.keywords","endings, transformation, transition, release","sonlar, dönüşüm, geçiş, bırakma"
"readings","readings.arcana-13.meaning","Death clears the field. Not destruction for its own sake — but the necessary ending that makes room for what's next. Something must die for something new to live. Let it go.","Ölüm alanı temizler. Kendi uğruna yıkım değil — bir sonrakine yer açan zorunlu sondur. Yeni bir şeyin yaşayabilmesi için bir şeyin ölmesi gerekir. Bırak."
"readings","readings.arcana-13.past","Something ended — a relationship, an identity, a chapter. It hurt. But look at what grew in the space it left.","Bir şey sona erdi — bir ilişki, bir kimlik, bir bölüm. Acıttı. Ama bıraktığı alanda ne büyüdüğüne bak."
"readings","readings.arcana-13.present","A transformation is underway. Resist it and you suffer longer. The thing that's ending has served its purpose. Release it with respect.","Bir dönüşüm sürüyor. Direnirsen daha uzun acı çekersin. Sona eren şey amacına hizmet etti. Ona saygıyla veda et."
"readings","readings.arcana-13.future","A significant ending is ahead. It's not a tragedy — it's a threshold. What follows will be worth what you leave behind.","Önemli bir son önünde. Bu bir trajedi değil — bir eşik. Ardından gelen, arkada bıraktığına değecek."
"readings","readings.arcana-14.keywords","balance, moderation, patience, purpose","denge, ölçülülük, sabır, amaç"
"readings","readings.arcana-14.meaning","Temperance pours water between two cups — back and forth, never spilling. This is the art of balance, of blending opposites, of finding the middle way. Patience and moderation will get you further than force.","Ölçülülük iki kupa arasında su döker — ileri geri, asla dökmeden. Bu denge sanatıdır, karşıtları harmanlama, orta yolu bulma. Sabır ve ölçülülük seni güçten daha ileri götürecek."
"readings","readings.arcana-14.past","A period of finding balance after extremes. You learned — maybe the hard way — that the middle path works better than the edges.","Aşırılıklardan sonra denge bulma dönemi. Belki de zor yoldan, orta yolun kenarlardan daha iyi işlediğini öğrendin."
"readings","readings.arcana-14.present","Easy does it. Whatever you're dealing with needs a measured approach, not a dramatic one. Blend, don't force.","Sakinliği koru. Uğraştığın her ne ise dramatik değil, ölçülü bir yaklaşım istiyor. Harmanla, zorlama."
"readings","readings.arcana-14.future","Harmony is building. The opposing forces in your life are moving toward integration. Give it time — the alchemy takes patience.","Uyum inşa oluyor. Hayatındaki karşıt güçler bütünleşmeye doğru hareket ediyor. Zaman tanı — simya sabır ister."
"readings","readings.arcana-15.keywords","shadow, bondage, materialism, attachment","gölge, tutsaklık, maddiyat, bağlanma"
"readings","readings.arcana-15.meaning","The Devil shows you the chains you chose to wear. Addiction, obsession, toxic patterns — they look comfortable until you realize you can't leave. The chains are loose. You could take them off. Will you?","Şeytan takmayı seçtiğin zincirleri gösterir. Bağımlılık, takıntı, zehirli kalıplar — çıkamayacağını fark edene kadar rahat görünürler. Zincirler gevşek. Onları çıkarabilirsin. Çıkaracak mısın?"
"readings","readings.arcana-15.past","A pattern of attachment held you — a habit, a relationship, a belief that kept you small. Recognizing the cage was the first step out.","Bir bağlılık kalıbı seni tuttu — bir alışkanlık, bir ilişki, seni küçük tutan bir inanç. Kafesi fark etmek dışarı çıkmanın ilk adımıydı."
"readings","readings.arcana-15.present","Something has more power over you than it should. A craving, a fear, a comfortable trap. Name it honestly. The chains aren't locked.","Bir şeyin üzerinde olması gerekenden fazla gücü var. Bir istek, bir korku, rahat bir tuzak. Dürüstçe adlandır. Zincirler kilitli değil."
"readings","readings.arcana-15.future","Be watchful. An attachment or temptation is approaching that will feel good in the short term and cost you in the long run. You'll know it when you see it.","Dikkatli ol. Yaklaşan bir bağlılık ya da ayartma kısa vadede iyi hissettirecek, uzun vadede sana pahalıya patlayacak. Gördüğünde anlayacaksın."
"readings","readings.arcana-16.keywords","upheaval, revelation, sudden change, breakdown","altüst oluş, ifşa, ani değişim, çöküş"
"readings","readings.arcana-16.meaning","The Tower gets struck by lightning and everything comes down. This isn't gentle change — it's the kind that shatters what was built on a shaky foundation. It's brutal. It's also necessary.","Kule'ye şimşek çarpar ve her şey yıkılır. Bu nazik bir değişim değil — sallantılı bir temel üzerine inşa edilmiş olanı parçalayan türden. Acımasız. Aynı zamanda gerekli."
"readings","readings.arcana-16.past","Something collapsed suddenly — a belief, a structure, a relationship. It was devastating at the time. It was also the most honest thing that could have happened.","Bir şey aniden çöktü — bir inanç, bir yapı, bir ilişki. O zaman yıkıcıydı. Aynı zamanda olabilecek en dürüst şeydi."
"readings","readings.arcana-16.present","Things are falling apart. Let them. What crumbles now wasn't solid to begin with. The destruction is clearing the ground for something real.","Her şey dağılıyor. Bırak dağılsın. Şimdi çöken başından beri sağlam değildi. Yıkım gerçek bir şey için zemin temizliyor."
"readings","readings.arcana-16.future","A sudden disruption is ahead. You can't prevent it, but you can choose what you build afterward. The old structure won't survive — and that's the point.","Önde ani bir bozulma var. Onu önleyemezsin ama sonra ne inşa edeceğini seçebilirsin. Eski yapı ayakta kalmayacak — ve mesele de bu."
"readings","readings.arcana-17.keywords","hope, faith, renewal, inspiration","umut, inanç, yenilenme, ilham"
"readings","readings.arcana-17.meaning","The Star comes after the Tower — calm after the storm. Naked, vulnerable, pouring water onto the earth and into the pool. This is quiet hope, the kind that returns when the worst is over.","Yıldız Kule'den sonra gelir — fırtınadan sonra sakinlik. Çıplak, kırılgan, toprağa ve havuza su döker. Bu sessiz umuttur, en kötüsü geçtiğinde geri dönen."
"readings","readings.arcana-17.past","After a period of darkness, hope returned. That moment of renewal — fragile but real — set you on a better path.","Karanlık bir dönemden sonra umut geri döndü. O yenilenme anı — kırılgan ama gerçek — seni daha iyi bir yola koydu."
"readings","readings.arcana-17.present","Breathe. The worst has passed. This is a time for healing, for reconnecting with what inspires you. Let yourself feel hopeful again.","Nefes al. En kötüsü geçti. Bu iyileşme zamanı, seni ilhamlandırana yeniden bağlanma zamanı. Kendine yeniden umutlu hissetmesine izin ver."
"readings","readings.arcana-17.future","Renewal is coming. After the upheaval, after the struggle — a clear, starlit night. You'll find your faith again.","Yenilenme geliyor. Altüst oluştan sonra, mücadeleden sonra — berrak, yıldızlı bir gece. İnancını yeniden bulacaksın."
"readings","readings.arcana-18.keywords","illusion, fear, anxiety, subconscious","yanılsama, korku, kaygı, bilinçaltı"
"readings","readings.arcana-18.meaning","The Moon lights up a strange landscape — nothing is quite what it seems. Fears, illusions, things half-seen in the dark. This card says: what you're afraid of may not be real, but the fear itself needs attention.","Ay tuhaf bir manzarayı aydınlatır — hiçbir şey göründüğü gibi değil. Korkular, yanılsamalar, karanlıkta yarım görülen şeyler. Bu kart der ki: korktuğun şey gerçek olmayabilir, ama korkunun kendisine dikkat etmen gerek."
"readings","readings.arcana-18.past","A period of confusion or deception colored your experience. Things weren't as they appeared, and the uncertainty left a mark.","Bir karışıklık ya da aldatma dönemi deneyimini renklendirdi. İşler göründükleri gibi değildi ve belirsizlik iz bıraktı."
"readings","readings.arcana-18.present","Trust is shaky right now. Something feels off, and you can't quite pin it down. Don't make big decisions in this fog — wait for clarity.","Güven şu anda zayıf. Bir şey doğru gelmiyor ve tam olarak işaret edemiyorsun. Bu sisin içinde büyük kararlar verme — netlik için bekle."
"readings","readings.arcana-18.future","A period of uncertainty is ahead. Not everything will be as it appears. Keep your wits about you and don't let anxiety drive your choices.","Önde bir belirsizlik dönemi var. Her şey göründüğü gibi olmayacak. Aklını başında tut ve kaygının seçimlerini yönlendirmesine izin verme."
"readings","readings.arcana-19.keywords","joy, success, vitality, clarity","sevinç, başarı, canlılık, netlik"
"readings","readings.arcana-19.meaning","The Sun shines without apology. Warmth, clarity, simple happiness — the kind that doesn't need to justify itself. After the Moon's confusion, this is daylight. Everything is visible and good.","Güneş özür dilemeden parlar. Sıcaklık, netlik, basit mutluluk — kendini haklı çıkarmaya gerek duymayan türden. Ay'ın karmaşasından sonra bu gün ışığıdır. Her şey görünür ve iyi."
"readings","readings.arcana-19.past","There was a time of genuine happiness — uncomplicated joy that lit everything up. That warmth is part of your story and can be returned to.","Gerçek bir mutluluk zamanı vardı — her şeyi aydınlatan karmaşık olmayan sevinç. O sıcaklık hikayenin bir parçası ve ona dönülebilir."
"readings","readings.arcana-19.present","Things are good. Really good. Let yourself enjoy it without waiting for the other shoe to drop. This is your moment in the sun.","İşler iyi. Gerçekten iyi. Diğer ayakkabının düşmesini beklemeden tadını çıkarmana izin ver. Bu güneşteki anın."
"readings","readings.arcana-19.future","Bright days ahead. Success, clarity, and warmth are coming. Whatever you've been working toward is about to step into the light.","Önde parlak günler var. Başarı, netlik ve sıcaklık geliyor. Üzerinde çalıştığın her ne ise ışığa adım atmak üzere."
"readings","readings.arcana-20.keywords","reflection, reckoning, awakening, absolution","yansıma, hesaplaşma, uyanış, aklanma"
"readings","readings.arcana-20.meaning","Judgement calls everyone to rise. This isn't external judgment — it's the moment you look at your whole life and decide what stays and what's released. A final reckoning before a new beginning.","Mahkeme herkesi ayağa kalkmaya çağırır. Bu dışsal bir yargı değil — tüm hayatına baktığın ve neyin kalacağına, neyin bırakılacağına karar verdiğin andır. Yeni bir başlangıçtan önceki son hesaplaşma."
"readings","readings.arcana-20.past","A moment of deep reckoning changed your direction. You looked honestly at where you'd been and made a choice about where to go next.","Derin bir hesaplaşma anı yönünü değiştirdi. Nerede olduğuna dürüstçe baktın ve sonra nereye gideceğin konusunda bir seçim yaptın."
"readings","readings.arcana-20.present","You're being called to account — by yourself, not others. What have you learned? What needs to be forgiven? Answer honestly and you'll be free.","Hesap vermeye çağrılıyorsun — kendin tarafından, başkaları tarafından değil. Ne öğrendin? Neyin affedilmesi gerek? Dürüstçe cevap ver ve özgür olursun."
"readings","readings.arcana-20.future","An awakening is ahead. Not sudden like the Tower, but deep and deliberate. You'll see your path with new clarity and know exactly what to do.","Önde bir uyanış var. Kule gibi ani değil, derin ve kasıtlı. Yolunu yeni bir netlikle göreceksin ve tam olarak ne yapacağını bileceksin."
"readings","readings.arcana-21.keywords","completion, integration, accomplishment, wholeness","tamamlama, bütünleşme, başarı, bütünlük"
"readings","readings.arcana-21.meaning","The World is the final card — the dance at the end of the journey. Everything has come full circle. A chapter is complete, and you stand whole within it. Celebrate before you begin again.","Dünya son karttır — yolculuğun sonundaki dans. Her şey tam bir daire çizdi. Bir bölüm tamamlandı ve sen onun içinde bütün durursun. Yeniden başlamadan önce kutla."
"readings","readings.arcana-21.past","A cycle completed. Something you worked toward for a long time finally came together. That accomplishment is real — own it.","Bir döngü tamamlandı. Uzun süre uğraştığın bir şey sonunda bir araya geldi. O başarı gerçek — sahiplen."
"readings","readings.arcana-21.present","You're at the end of a major chapter. Integration, completion, the feeling of having arrived. Pause and take it in before the next cycle begins.","Büyük bir bölümün sonundasın. Bütünleşme, tamamlama, vardığın hissi. Bir sonraki döngü başlamadan önce dur ve içine çek."
"readings","readings.arcana-21.future","Completion is approaching. The long road you've been on is reaching its destination. What awaits is wholeness and the satisfaction of a journey finished.","Tamamlanma yaklaşıyor. Uzun süredir üzerinde olduğun yol varış noktasına ulaşıyor. Seni bütünlük ve tamamlanmış bir yolculuğun tatmini bekliyor."
"readings","readings.chalices-1.keywords","new love, emotional beginning, intuition, compassion","yeni aşk, duygusal başlangıç, sezgi, şefkat"
"readings","readings.chalices-1.meaning","The Ace of Chalices is a cup overflowing. A new emotional beginning — love, creative inspiration, or a spiritual opening. Something is being offered to you. Open your hands.","Kupa Ası taşan bir kadehtir. Yeni bir duygusal başlangıç — aşk, yaratıcı ilham ya da ruhsal bir açılış. Sana bir şey sunuluyor. Ellerini aç."
"readings","readings.chalices-1.past","An emotional door opened — new love, a creative spark, or a spiritual awakening. That opening changed the course of your inner life.","Duygusal bir kapı açıldı — yeni aşk, yaratıcı bir kıvılcım ya da ruhsal bir uyanış. O açılım iç yaşamının seyrini değiştirdi."
"readings","readings.chalices-1.present","Something new is stirring in your heart. A feeling, a connection, a creative impulse. Don't analyze it — receive it.","Kalbinde yeni bir şey kıpırdanıyor. Bir duygu, bir bağlantı, yaratıcı bir dürtü. Analiz etme — al."
"readings","readings.chalices-1.future","An emotional gift is on its way. New love, deep inspiration, or a moment of pure connection. Be open to what arrives.","Yolunda duygusal bir armağan var. Yeni aşk, derin ilham ya da saf bir bağlantı anı. Gelene açık ol."
"readings","readings.chalices-2.keywords","partnership, mutual attraction, connection, harmony","ortaklık, karşılıklı çekim, bağlantı, uyum"
"readings","readings.chalices-2.meaning","Two cups raised in mutual recognition. This is partnership at its simplest — two people seeing each other clearly and choosing to connect. Equal exchange, no games.","Karşılıklı tanınmayla kaldırılmış iki kadeh. Bu en basit haliyle ortaklıktır — iki insan birbirini net görüp bağlanmayı seçer. Eşit alışveriş, oyun yok."
"readings","readings.chalices-2.past","A meaningful partnership shaped you — romantic or otherwise. The mutual respect and genuine connection left a lasting impression.","Anlamlı bir ortaklık seni şekillendirdi — romantik ya da değil. Karşılıklı saygı ve gerçek bağlantı kalıcı bir izlenim bıraktı."
"readings","readings.chalices-2.present","A connection is forming based on real mutual attraction. This is balanced, honest, and worth investing in.","Gerçek karşılıklı çekime dayalı bir bağlantı oluşuyor. Bu dengeli, dürüst ve yatırım yapmaya değer."
"readings","readings.chalices-2.future","A significant partnership is ahead. Someone will meet you where you are — no pretense, no imbalance. Just honest connection.","Önde önemli bir ortaklık var. Biri seni olduğun yerde karşılayacak — yapmacıksız, dengesizliksiz. Sadece dürüst bağlantı."
"readings","readings.chalices-3.keywords","celebration, friendship, community, joy","kutlama, dostluk, topluluk, sevinç"
"readings","readings.chalices-3.meaning","Three cups raised in celebration. Friends, community, shared joy. This card is a party — not a wild one, but the kind where you look around and realize you're surrounded by people who actually care.","Kutlamada kaldırılmış üç kadeh. Arkadaşlar, topluluk, paylaşılan sevinç. Bu kart bir partidir — çılgın değil, etrafına baktığında gerçekten önem veren insanlarla çevrili olduğunu fark ettiğin türden."
"readings","readings.chalices-3.past","A celebration or gathering brought genuine joy. The community around you at that time lifted you up in ways that mattered.","Bir kutlama ya da toplantı gerçek sevinç getirdi. O zamanki etrafındaki topluluk seni önemli biçimlerde yukarı kaldırdı."
"readings","readings.chalices-3.present","Celebrate what you have. Call the friends, raise a glass, enjoy the moment. Not everything needs to be heavy or meaningful — sometimes joy is enough.","Sahip olduğunu kutla. Arkadaşları ara, bardağı kaldır, anın tadını çıkar. Her şeyin ağır ya da anlamlı olması gerekmez — bazen sevinç yeter."
"readings","readings.chalices-3.future","A gathering or celebration is ahead. Good company, shared happiness, the warmth of belonging. Let yourself enjoy it.","Önde bir toplantı ya da kutlama var. İyi arkadaşlar, paylaşılan mutluluk, aidiyetin sıcaklığı. Keyfini çıkarmana izin ver."
"readings","readings.chalices-4.keywords","apathy, contemplation, disconnection, missed opportunity","kayıtsızlık, tefekkür, kopukluk, kaçırılan fırsat"
"readings","readings.chalices-4.meaning","Four cups — three on the ground, one being offered by a hand from a cloud. But the figure sits with crossed arms, too bored or brooding to notice. What you're looking for might already be in front of you.","Dört kadeh — üçü yerde, biri buluttan uzanan bir el tarafından sunuluyor. Ama figür kolları çapraz, fark edemeyecek kadar sıkılmış ya da dalgın oturuyor. Aradığın şey zaten önünde olabilir."
"readings","readings.chalices-4.past","You missed something because you were too caught up in what you didn't have. An opportunity or connection went unnoticed while you were focused elsewhere.","Sahip olmadığına kapıldığın için bir şeyi kaçırdın. Dikkatin başka yerdeyken bir fırsat ya da bağlantı fark edilmeden geçip gitti."
"readings","readings.chalices-4.present","Boredom or dissatisfaction is clouding your vision. There's an offer on the table you're not seeing. Look up.","Sıkıntı ya da tatminsizlik görüşünü bulandırıyor. Masada görmediğin bir teklif var. Başını kaldır."
"readings","readings.chalices-4.future","Be careful not to overlook what's being offered. Discontent can blind you to real gifts. The fourth cup is there — you just need to reach for it.","Sunulanı gözden kaçırmamaya dikkat et. Hoşnutsuzluk gerçek armağanlara seni kör edebilir. Dördüncü kadeh orada — sadece uzanman gerekiyor."
"readings","readings.chalices-5.keywords","grief, loss, regret, disappointment","keder, kayıp, pişmanlık, hayal kırıklığı"
"readings","readings.chalices-5.meaning","Five cups — three spilled, two still standing. The figure stares at the loss, back turned to what remains. Grief is real, but so is what survived. The question is which cups you focus on.","Beş kadeh — üçü dökülmüş, ikisi hâlâ ayakta. Figür kayba bakıyor, sırtı kalanlara dönük. Keder gerçek, ama hayatta kalan da gerçek. Soru hangi kadehlere odaklanacağın."
"readings","readings.chalices-5.past","A loss hit hard, and you spent time mourning what was gone. That grief was valid — but it may have kept you from seeing what was left.","Bir kayıp ağır vurdu ve gidenin yasını tuttuğun zaman oldu. O keder geçerliydi — ama kalanları görmeni engellemiş olabilir."
"readings","readings.chalices-5.present","You're focused on what went wrong. That's understandable. But turn around — not everything is lost. Two cups still stand.","Neyin yanlış gittiğine odaklanmışsın. Bu anlaşılır. Ama dön — her şey kayıp değil. İki kadeh hâlâ ayakta."
"readings","readings.chalices-5.future","A disappointment is ahead, but it won't take everything. Allow yourself to grieve, then look at what remains. It's more than you think.","Önde bir hayal kırıklığı var, ama her şeyi götürmeyecek. Kendine yas tutma izni ver, sonra kalana bak. Sandığından daha fazla."
"readings","readings.chalices-6.keywords","nostalgia, memories, innocence, reunion","nostalji, anılar, masumiyet, yeniden buluşma"
"readings","readings.chalices-6.meaning","Six cups filled with flowers, a scene from childhood. This card smells like your grandmother's house. Nostalgia, old memories, the sweetness of simpler times. Just be careful not to live there.","Çiçeklerle dolu altı kadeh, çocukluktan bir sahne. Bu kart büyükannenin evi gibi kokar. Nostalji, eski anılar, daha basit zamanların tatlılığı. Sadece orada yaşamamaya dikkat et."
"readings","readings.chalices-6.past","A memory or a person from your past played a significant role. That innocence and warmth shaped you in ways you might not fully appreciate.","Geçmişinden bir anı ya da bir kişi önemli bir rol oynadı. O masumiyet ve sıcaklık, tam olarak değerini bilmediğin biçimlerde seni şekillendirdi."
"readings","readings.chalices-6.present","The past is calling — an old friend, a memory, a place you used to know. It's okay to revisit, but remember: you can't move forward looking backward.","Geçmiş seni çağırıyor — eski bir dost, bir anı, bir zamanlar tanıdığın bir yer. Ziyaret etmek sorun değil ama hatırla: geriye bakarak ileri gidemezsin."
"readings","readings.chalices-6.future","Someone or something from your past will reappear. A reunion, a memory resurfacing, or a return to something familiar. Enjoy it, but stay grounded in the present.","Geçmişinden biri ya da bir şey yeniden görünecek. Bir yeniden buluşma, yeniden yüzeye çıkan bir anı ya da tanıdık bir şeye dönüş. Tadını çıkar, ama şimdinin içinde kal."
"readings","readings.chalices-7.keywords","fantasy, illusion, wishful thinking, choices","fantezi, yanılsama, hülya, seçimler"
"readings","readings.chalices-7.meaning","Seven cups float in the clouds — each one a fantasy, a wish, a distraction. Castles, jewels, dragons, a veiled figure. Tempting, but none of it is real yet. Choose one and make it solid, or keep dreaming forever.","Yedi kadeh bulutlarda süzülür — her biri bir fantezi, bir dilek, bir dikkat dağıtıcı. Kaleler, mücevherler, ejderhalar, örtülü bir figür. Baştan çıkarıcı, ama henüz hiçbiri gerçek değil. Birini seç ve onu somutlaştır, ya da sonsuza dek hayal kurmaya devam et."
"readings","readings.chalices-7.past","Too many options or fantasies scattered your focus. You spent time chasing illusions instead of committing to something real.","Çok fazla seçenek ya da fantezi odağını dağıttı. Gerçek bir şeye bağlanmak yerine yanılsamaların peşinde zaman harcandı."
"readings","readings.chalices-7.present","You're lost in possibilities. Some are genuine, most are smoke. Get honest about what you actually want — then commit to it.","Olasılıklar içinde kaybolmuş durumdasın. Bazıları gerçek, çoğu duman. Gerçekten ne istediğin konusunda dürüst ol — sonra ona bağlan."
"readings","readings.chalices-7.future","A dazzling array of options will present themselves. Most are distractions. Discernment will be your most valuable skill.","Göz alıcı bir seçenek dizisi kendini gösterecek. Çoğu dikkat dağıtıcı. Ayırt etme yeteneği en değerli becerin olacak."
"readings","readings.chalices-8.keywords","departure, withdrawal, letting go, searching","ayrılış, geri çekilme, bırakma, arayış"
"readings","readings.chalices-8.meaning","Eight cups stacked neatly, a figure walking away under a crescent moon. Something is being left behind — not because it's bad, but because it's not enough anymore. This is a quiet, necessary departure.","Sekiz kadeh düzgünce istiflenmiş, bir figür hilal ayın altında yürüyerek uzaklaşıyor. Bir şey geride bırakılıyor — kötü olduğu için değil, artık yeterli olmadığı için. Bu sessiz, gerekli bir ayrılış."
"readings","readings.chalices-8.past","You walked away from something that looked fine from the outside but felt empty within. That departure took courage, even if no one understood it.","Dışarıdan iyi görünen ama içten boş hissettiren bir şeyden uzaklaştın. Kimse anlamasa bile o ayrılış cesaret istedi."
"readings","readings.chalices-8.present","Something isn't filling you anymore. The cups are there, but they're not enough. It's time to walk away and look for what's missing.","Bir şey seni artık doldurmuyor. Kadehler orada, ama yeterli değiller. Uzaklaşıp eksik olanı aramanın zamanı."
"readings","readings.chalices-8.future","You'll reach a point where you outgrow a situation. The departure will be quiet and deliberate — not dramatic, but deeply necessary.","Bir durumu aştığın bir noktaya ulaşacaksın. Ayrılış sessiz ve kararlı olacak — dramatik değil, derinden gerekli."
"readings","readings.chalices-9.keywords","contentment, satisfaction, gratitude, wish fulfilled","hoşnutluk, tatmin, şükran, gerçekleşmiş dilek"
"readings","readings.chalices-9.meaning","Nine cups displayed proudly, the figure sits with arms crossed and a satisfied grin. The wish card. What you wanted — you got it. Enjoy the moment of having enough.","Dokuz kadeh gururla sergileniyor, figür kollarını çaprazlamış ve tatmin olmuş bir sırıtışla oturuyor. Dilek kartı. İstediğin — elde ettin. Yeterince sahip olma anının tadını çıkar."
"readings","readings.chalices-9.past","A wish came true. A moment of genuine satisfaction when things lined up the way you hoped. That contentment was earned.","Bir dilek gerçek oldu. Her şeyin umduğun gibi hizalandığı gerçek bir tatmin anı. O hoşnutluk hak edilmişti."
"readings","readings.chalices-9.present","Look at what you have. Really look. This is a moment of fulfillment — maybe not perfection, but genuine satisfaction. Let yourself enjoy it.","Sahip olduğuna bak. Gerçekten bak. Bu bir gerçekleşme anı — belki mükemmellik değil, ama gerçek tatmin. Kendine tadını çıkarma izni ver."
"readings","readings.chalices-9.future","A wish is about to be granted. Not in a fairy-tale way, but in the real, solid way that comes from work meeting luck. Savor it.","Bir dilek gerçekleşmek üzere. Peri masalı gibi değil, çalışmanın şansla buluştuğu gerçek, sağlam bir biçimde. Tadını çıkar."
"readings","readings.chalices-10.keywords","harmony, family, happiness, emotional fulfillment","uyum, aile, mutluluk, duygusal doyum"
"readings","readings.chalices-10.meaning","Ten cups arched like a rainbow over a happy family. Emotional completion — love, belonging, the whole picture. This is what it looks like when the heart has everything it needs.","Mutlu bir ailenin üstünde gökkuşağı gibi kavislenmiş on kadeh. Duygusal tamamlanma — sevgi, aidiyet, tüm resim. Kalbin ihtiyacı olan her şeye sahip olduğunda işte böyle görünür."
"readings","readings.chalices-10.past","A time of deep emotional fulfillment — family, love, belonging. That experience of wholeness set a standard for what happiness can look like.","Derin duygusal doyumun olduğu bir zaman — aile, sevgi, aidiyet. O bütünlük deneyimi mutluluğun nasıl görünebileceğine bir ölçüt koydu."
"readings","readings.chalices-10.present","Emotional abundance surrounds you. Family, love, connection — the full picture. Don't take it for granted. This is the thing people are chasing.","Duygusal bolluk seni sarıyor. Aile, sevgi, bağlantı — tam resim. Hafife alma. İnsanların peşinde koştuğu tam da bu."
"readings","readings.chalices-10.future","Lasting emotional fulfillment is ahead. Not a fleeting high, but the deep, steady happiness that comes from genuine connection and love.","Önde kalıcı duygusal doyum var. Geçici bir yüksek değil, gerçek bağlantı ve sevgiden gelen derin, sağlam mutluluk."
"readings","readings.chalices-page.keywords","creative spark, curiosity, sensitivity, new feelings","yaratıcı kıvılcım, merak, duyarlılık, yeni duygular"
"readings","readings.chalices-page.meaning","A young figure gazes at a cup with a fish leaping from it — surprised and enchanted. New emotional or creative stirrings, the sensitivity of someone just learning to feel deeply.","Genç bir figür, içinden bir balık sıçrayan bir kadehe bakıyor — şaşırmış ve büyülenmiş. Yeni duygusal ya da yaratıcı kıpırdanışlar, derinden hissetmeyi yeni öğrenen birinin duyarlılığı."
"readings","readings.chalices-page.past","An early emotional experience awakened something in you. A first crush, a creative discovery, a moment of surprising tenderness.","Erken bir duygusal deneyim içinde bir şeyi uyandırdı. İlk bir aşk, yaratıcı bir keşif, şaşırtıcı bir şefkat anı."
"readings","readings.chalices-page.present","A new feeling is emerging — tender, unformed, full of possibility. Approach it with curiosity, not skepticism. Let it develop.","Yeni bir duygu beliriyor — hassas, biçimsiz, olasılıklarla dolu. Ona şüpheyle değil, merakla yaklaş. Gelişmesine izin ver."
"readings","readings.chalices-page.future","A message of the heart is coming. New creative inspiration or an emotional surprise that reawakens your sense of wonder.","Yoldan bir kalp mesajı geliyor. Yeni yaratıcı ilham ya da merak duygunu yeniden uyandıran duygusal bir sürpriz."
"readings","readings.chalices-knight.keywords","romance, charm, idealism, imagination","romantizm, çekicilik, idealizm, hayal gücü"
"readings","readings.chalices-knight.meaning","The Knight of Chalices rides slowly, cup extended like an offering. The romantic, the poet, the one who follows the heart without question. Beautiful — just make sure it's grounded in reality.","Kupa Şövalyesi yavaşça ilerler, kadehi bir sunu gibi uzatılmıştır. Romantik, şair, kalbi sorgusuzca takip eden kişi. Güzel — sadece gerçekle topraklı olduğundan emin ol."
"readings","readings.chalices-knight.past","A romantic pursuit or creative passion swept you along. The idealism was genuine, even if reality eventually complicated things.","Romantik bir arayış ya da yaratıcı bir tutku seni sürükledi. Gerçeklik sonunda işleri karmaşıklaştırmış olsa bile idealizm gerçekti."
"readings","readings.chalices-knight.present","Follow your heart — but keep one foot on the ground. A romantic or creative opportunity is presenting itself with great charm. Enjoy it, but stay awake.","Kalbini takip et — ama bir ayağını yerde tut. Büyük bir çekicilikle romantik ya da yaratıcı bir fırsat kendini gösteriyor. Tadını çıkar, ama uyanık kal."
"readings","readings.chalices-knight.future","A romantic figure or creative opportunity approaches. It will be appealing and heartfelt. Just remember: charm and substance aren't always the same thing.","Romantik bir figür ya da yaratıcı bir fırsat yaklaşıyor. Çekici ve samimi olacak. Sadece hatırla: çekicilik ve öz her zaman aynı şey değildir."
"readings","readings.chalices-queen.keywords","compassion, emotional depth, intuition, nurturing","şefkat, duygusal derinlik, sezgi, besleme"
"readings","readings.chalices-queen.meaning","The Queen of Chalices sits at the water's edge, holding an ornate cup. She feels everything — and somehow doesn't drown. Deep emotional intelligence, compassion without losing herself.","Kupa Kraliçesi süslü bir kadeh tutarak suyun kenarında oturur. Her şeyi hisseder — ve bir şekilde boğulmaz. Derin duygusal zeka, kendini kaybetmeden şefkat."
"readings","readings.chalices-queen.past","A deeply compassionate figure influenced your life — someone who understood emotions intuitively and held space without judgment.","Derin şefkatli bir figür hayatını etkiledi — duyguları sezgisel olarak anlayan ve yargılamadan alan biri."
"readings","readings.chalices-queen.present","Lead with empathy right now. The situation calls for emotional intelligence, not logic. Trust your feelings — they're reading the room better than your mind.","Şu anda empatiyle yönet. Durum mantıktan çok duygusal zeka istiyor. Duygularına güven — odayı aklından daha iyi okuyorlar."
"readings","readings.chalices-queen.future","You're growing into deeper emotional wisdom. The ability to feel deeply without being consumed is developing — and it will serve you well.","Daha derin duygusal bilgeliğe büyüyorsun. Tüketilmeden derinden hissetme yeteneği gelişiyor — ve sana iyi hizmet edecek."
"readings","readings.chalices-king.keywords","emotional maturity, diplomacy, calm, wisdom","duygusal olgunluk, diplomasi, sakinlik, bilgelik"
"readings","readings.chalices-king.meaning","The King of Chalices sits on his throne amid turbulent waters, perfectly calm. He feels everything but rules it rather than being ruled by it. Emotional mastery — deep water, steady hand.","Kupa Kralı çalkantılı suların ortasında tahtında oturur, tamamen sakin. Her şeyi hisseder ama onunla yönetilmek yerine onu yönetir. Duygusal ustalık — derin su, sağlam el."
"readings","readings.chalices-king.past","Emotional mastery was learned, likely through difficult experience. Someone — maybe you — learned to navigate deep feelings without capsizing.","Duygusal ustalık öğrenildi, muhtemelen zor bir deneyim aracılığıyla. Biri — belki sen — derin duygularda alabora olmadan yol almayı öğrendi."
"readings","readings.chalices-king.present","Stay calm in the emotional current. You can feel deeply and still make wise decisions. Don't suppress — govern.","Duygusal akıntıda sakin kal. Derin hissedip yine de akıllıca kararlar verebilirsin. Bastırma — yönet."
"readings","readings.chalices-king.future","Emotional maturity will be your greatest asset in what's coming. The waters will be deep, but you'll navigate them with skill.","Gelen durumda duygusal olgunluk en büyük varlığın olacak. Sular derin olacak, ama onlarda ustalıkla yol alacaksın."
"readings","readings.swords-1.keywords","clarity, breakthrough, truth, new idea","netlik, atılım, gerçek, yeni fikir"
"readings","readings.swords-1.meaning","The Ace of Swords cuts through the fog — one blade, one truth. A breakthrough in thinking, a flash of clarity, the moment when confusion parts and you see things as they are.","Kılıç Ası sisi keser — tek bıçak, tek gerçek. Düşüncede bir atılım, bir netlik parıltısı, karmaşanın ayrıldığı ve her şeyi olduğu gibi gördüğün an."
"readings","readings.swords-1.past","A moment of sudden clarity changed everything. An idea, a truth, a realization cut through the noise and gave you direction.","Ani bir netlik anı her şeyi değiştirdi. Bir fikir, bir gerçek, bir farkındalık gürültüyü kesti ve sana yön verdi."
"readings","readings.swords-1.present","The truth is available to you right now — sharp and clear. Cut through the confusion. Say what needs to be said. Think clearly.","Gerçek şu anda senin için erişilebilir — keskin ve net. Karışıklığı kes. Söylenmesi gerekeni söyle. Net düşün."
"readings","readings.swords-1.future","A breakthrough is coming. Mental clarity, a new idea, or a truth you've been circling will suddenly snap into focus.","Bir atılım geliyor. Zihinsel netlik, yeni bir fikir ya da etrafında döndüğün bir gerçek aniden odağa girecek."
"readings","readings.swords-2.keywords","indecision, stalemate, avoidance, difficult choice","kararsızlık, çıkmaz, kaçınma, zor seçim"
"readings","readings.swords-2.meaning","A blindfolded figure holds two crossed swords, the sea calm behind them. Paralysis by analysis. Two options, no movement. The blindfold isn't ignorance — it's avoidance. Pick a sword.","Gözü bağlı bir figür çapraz iki kılıç tutar, deniz arkasında sakindir. Analizle felç. İki seçenek, hareket yok. Gözbağı cehalet değil — kaçınma. Bir kılıç seç."
"readings","readings.swords-2.past","A period of indecision kept you stuck. You couldn't — or wouldn't — choose, and the stalemate cost you time.","Bir kararsızlık dönemi seni tuttu. Seçemedin — ya da seçmeyecektin — ve çıkmaz sana zaman kaybettirdi."
"readings","readings.swords-2.present","You're avoiding a decision. The two options aren't going to resolve themselves. Remove the blindfold and choose.","Bir karardan kaçınıyorsun. İki seçenek kendiliğinden çözülmeyecek. Gözbağını çıkar ve seç."
"readings","readings.swords-2.future","A difficult choice is ahead. The temptation will be to avoid it, to stay balanced between two sides. Don't. Choose and move.","Önde zor bir seçim var. İki taraf arasında dengede kalmak, ondan kaçınmak cazip olacak. Bunu yapma. Seç ve hareket et."
"readings","readings.swords-3.keywords","heartbreak, sorrow, grief, painful truth","kalp kırıklığı, keder, acı, acı gerçek"
"readings","readings.swords-3.meaning","Three swords through a heart. There's no gentle way to read this — it's pain. Heartbreak, betrayal, a truth that cuts. But the rain clears. This is the wound, not the whole story.","Bir kalbin içinden üç kılıç. Bunu nazikçe okumanın bir yolu yok — bu acıdır. Kalp kırıklığı, ihanet, kesen bir gerçek. Ama yağmur diniyor. Bu yara, hikayenin tamamı değil."
"readings","readings.swords-3.past","A deep hurt — betrayal, heartbreak, or a painful truth — left its mark. The wound may have healed, but the scar taught you something.","Derin bir acı — ihanet, kalp kırıklığı ya da acı bir gerçek — iz bıraktı. Yara iyileşmiş olabilir, ama iz sana bir şey öğretti."
"readings","readings.swords-3.present","Something is causing real pain. Don't minimize it or rush past it. Feel it fully, then let it begin to heal.","Bir şey gerçek acıya neden oluyor. Küçümseme ya da hızla geçme. Tam hisset, sonra iyileşmeye başlamasına izin ver."
"readings","readings.swords-3.future","A painful experience is ahead. It will hurt, but it will also be honest. Better a clean cut than a slow rot.","Önde acılı bir deneyim var. Acıtacak, ama aynı zamanda dürüst olacak. Yavaş çürümektense temiz bir kesik daha iyi."
"readings","readings.swords-4.keywords","rest, recovery, contemplation, retreat","dinlenme, iyileşme, tefekkür, inziva"
"readings","readings.swords-4.meaning","A figure lies on a stone slab, three swords on the wall, one beneath. Rest after battle. This isn't laziness — it's necessary recovery. Put down the sword. Your mind needs silence.","Bir figür taş bir levhada yatıyor, duvarda üç kılıç, altında bir tane. Savaştan sonra dinlenme. Bu tembellik değil — gerekli iyileşmedir. Kılıcı bırak. Zihnin sessizliğe ihtiyacı var."
"readings","readings.swords-4.past","A period of forced or chosen rest followed a difficult time. That pause was more productive than it felt — the mind healed in the quiet.","Zor bir zamandan sonra zorunlu ya da seçilmiş bir dinlenme dönemi geldi. O duraklama hissettirdiğinden daha üretkendi — zihin sessizlikte iyileşti."
"readings","readings.swords-4.present","Rest. You've been fighting — mentally, emotionally, or both. The battle can wait. Recover your strength before the next round.","Dinlen. Savaşıyordun — zihinsel, duygusal ya da her ikisi. Savaş bekleyebilir. Bir sonraki raunttan önce gücünü topla."
"readings","readings.swords-4.future","A period of necessary retreat is coming. Don't resist it. The recovery will prepare you for what follows.","Gerekli bir geri çekilme dönemi geliyor. Direnme. İyileşme seni sonrasına hazırlayacak."
"readings","readings.swords-5.keywords","conflict, defeat, hostility, winning at cost","çatışma, yenilgi, düşmanlık, bedel ödeyerek kazanma"
"readings","readings.swords-5.meaning","Five swords, a smirking victor, defeated figures walking away. Someone won — but at what cost? This card asks: was the victory worth the damage? Winning isn't always winning.","Beş kılıç, sırıtan bir galip, yenilgiye uğramış figürler uzaklaşıyor. Biri kazandı — ama ne pahasına? Bu kart sorar: zafer hasara değdi mi? Kazanmak her zaman kazanmak değildir."
"readings","readings.swords-5.past","A conflict left wreckage. Someone won, someone lost, and the aftermath was bitter. The victory may have cost more than it was worth.","Bir çatışma enkaz bıraktı. Biri kazandı, biri kaybetti ve sonrası acıydı. Zafer, değerinden daha fazlasına mal olmuş olabilir."
"readings","readings.swords-5.present","A conflict is playing out. Before you fight to win, ask yourself what you're actually gaining — and what you're destroying in the process.","Bir çatışma sürüyor. Kazanmak için savaşmadan önce kendine sor — gerçekten ne kazanıyorsun ve süreçte neyi yok ediyorsun."
"readings","readings.swords-5.future","A confrontation is ahead. Pick your battles carefully. Some fights aren't worth the prize, and some victories leave you emptier than defeat.","Önde bir yüzleşme var. Savaşlarını dikkatle seç. Bazı kavgalar ödüle değmez ve bazı zaferler seni yenilgiden daha boş bırakır."
"readings","readings.swords-6.keywords","transition, moving on, leaving behind, recovery","geçiş, ilerleme, geride bırakma, iyileşme"
"readings","readings.swords-6.meaning","A boatman carries passengers and six swords across calm water. Moving away from something difficult — not running, but deliberately leaving rough waters behind. The journey isn't over, but the worst is.","Bir kayıkçı yolcuları ve altı kılıcı sakin suların karşısına taşır. Zor bir şeyden uzaklaşmak — kaçmak değil, kasıtlı olarak dalgalı suları geride bırakmak. Yolculuk bitmedi, ama en kötüsü bitti."
"readings","readings.swords-6.past","You moved on from a painful situation. The departure was quiet and necessary — carrying your burdens to calmer shores.","Acılı bir durumdan uzaklaştın. Ayrılış sessiz ve gerekliydi — yüklerini daha sakin kıyılara taşımak."
"readings","readings.swords-6.present","It's time to leave a difficult situation behind. Not dramatically — just get in the boat and go. Calmer waters are ahead.","Zor bir durumu geride bırakma zamanı. Dramatik değil — sadece tekneye bin ve git. Daha sakin sular önünde."
"readings","readings.swords-6.future","A transition away from difficulty is coming. It will be gradual, not sudden, but the direction is toward peace.","Zorluktan uzaklaşan bir geçiş geliyor. Ani değil, kademeli olacak ama yön huzura doğru."
"readings","readings.swords-7.keywords","deception, strategy, stealth, getting away with it","aldatma, strateji, gizlilik, yırtıp kaçmak"
"readings","readings.swords-7.meaning","A figure sneaks away with five swords, two still planted in the ground. Cleverness or theft? Strategy or deception? This card doesn't judge — it just asks: are you being smart, or are you being dishonest?","Bir figür beş kılıçla sinsice uzaklaşıyor, ikisi hâlâ toprağa saplı. Zeka mı yoksa hırsızlık mı? Strateji mi yoksa aldatma mı? Bu kart yargılamaz — sadece sorar: akıllı mı davranıyorsun, yoksa dürüstsüz mü?"
"readings","readings.swords-7.past","Someone took a shortcut — maybe you, maybe someone else. It worked at the time, but the ethics of it still linger.","Biri kısa yola girdi — belki sen, belki biri başka. O zaman işe yaradı, ama etiği hâlâ uzanıyor."
"readings","readings.swords-7.present","Check your strategy. There's a fine line between clever and deceptive. If you have to sneak, ask yourself why.","Stratejini kontrol et. Akıllıca ile aldatıcı arasındaki çizgi incedir. Sinsice davranman gerekiyorsa kendine neden diye sor."
"readings","readings.swords-7.future","Someone may not be playing straight with you — or you'll be tempted to cut corners. Keep your integrity intact, even when nobody's watching.","Biri seninle dürüstçe oynamıyor olabilir — ya da sen köşe kesmeye yöneleceksin. Kimse izlemese bile dürüstlüğünü koru."
"readings","readings.swords-8.keywords","restriction, imprisonment, powerlessness, self-imposed limits","kısıtlama, hapsolma, güçsüzlük, kendi koyduğu sınırlar"
"readings","readings.swords-8.meaning","Eight swords surround a bound, blindfolded figure. It looks hopeless — but look closer. The bindings are loose. The path out is open. The prison is mostly in the mind.","Sekiz kılıç bağlanmış, gözü bağlı bir figürü çevreler. Umutsuz görünüyor — ama daha yakından bak. Bağlar gevşek. Çıkış yolu açık. Hapishane çoğunlukla akıldadır."
"readings","readings.swords-8.past","You felt trapped — by circumstances, by people, by your own thoughts. But the cage was never as locked as it seemed.","Tuzağa düşmüş hissettin — koşullar tarafından, insanlar tarafından, kendi düşüncelerin tarafından. Ama kafes hiçbir zaman göründüğü kadar kilitli değildi."
"readings","readings.swords-8.present","You're more stuck in your head than in reality. The restrictions you're feeling are at least partly self-imposed. Open your eyes — the way out exists.","Gerçekte olduğundan çok kafanda takılısın. Hissettiğin kısıtlamalar en azından kısmen kendi kendine koyduğun. Gözlerini aç — çıkış yolu var."
"readings","readings.swords-8.future","A situation will make you feel powerless. Before you accept defeat, look again. The constraints aren't as real as they appear.","Bir durum seni güçsüz hissettirecek. Yenilgiyi kabul etmeden önce tekrar bak. Kısıtlamalar göründükleri kadar gerçek değil."
"readings","readings.swords-9.keywords","anxiety, worry, nightmares, despair","kaygı, endişe, kabuslar, umutsuzluk"
"readings","readings.swords-9.meaning","A figure sits up in bed, head in hands, nine swords on the wall behind them. The three AM card. Anxiety, racing thoughts, the kind of worry that wakes you up. Most of what you fear won't happen — but the fear is real.","Bir figür yatakta başını ellerinin arasına alarak oturuyor, arkasındaki duvarda dokuz kılıç. Gecenin üçü kartı. Kaygı, yarışan düşünceler, seni uyandıran türden endişe. Korktuğun çoğu şey olmayacak — ama korku gerçek."
"readings","readings.swords-9.past","A period of intense worry or sleepless nights took its toll. The anxiety was disproportionate to the actual threat, but it felt crushing at the time.","Yoğun bir endişe ya da uykusuz gece dönemi bedel aldı. Kaygı gerçek tehdide orantısızdı ama o zaman ezici hissettiriyordu."
"readings","readings.swords-9.present","Your mind is torturing you. The fears feel enormous in the dark — but most of them are shadows. Daylight will shrink them. Hold on.","Zihnin sana işkence ediyor. Korkular karanlıkta muazzam hissettiriyor — ama çoğu gölge. Gün ışığı onları küçültecek. Dayan."
"readings","readings.swords-9.future","Anxiety may spike ahead. Remember: the nine swords are on the wall, not in your body. The fear is real, but the danger may not be.","Kaygı önde yükselebilir. Hatırla: dokuz kılıç duvarda, bedeninde değil. Korku gerçek ama tehlike gerçek olmayabilir."
"readings","readings.swords-10.keywords","ending, rock bottom, betrayal, total defeat","son, dibe vurma, ihanet, tam yenilgi"
"readings","readings.swords-10.meaning","Ten swords in the back — the most dramatic card in the deck. Complete ending, total defeat. But here's the thing: after ten swords, there are no more swords. The worst is over. There's nowhere to go but up.","Sırtta on kılıç — destedeki en dramatik kart. Tam son, tam yenilgi. Ama şu var: on kılıçtan sonra daha kılıç yok. En kötüsü bitti. Yukarıdan başka gidecek yer yok."
"readings","readings.swords-10.past","Something ended catastrophically. Betrayal, collapse, hitting the absolute bottom. It was terrible — and it was the end of that chapter, not your story.","Bir şey feci şekilde sona erdi. İhanet, çöküş, tam dibe vurmak. Berbattı — ve o bölümün sonuydu, hikayenin değil."
"readings","readings.swords-10.present","This is the worst of it. Right now. The good news is that it can't get worse, which means it can only get better. Let the old thing die completely.","Bu en kötüsü. Tam şu an. İyi haber şu ki daha kötüye gidemez, yani sadece iyiye gidebilir. Eski olanın tamamen ölmesine izin ver."
"readings","readings.swords-10.future","A painful ending is ahead. It will feel like too much. But this is the clearing — dramatic, final, and ultimately liberating.","Önde acılı bir son var. Çok fazla gibi hissettirecek. Ama bu temizlik — dramatik, kesin ve sonuç olarak özgürleştirici."
"readings","readings.swords-page.keywords","curiosity, mental agility, new ideas, vigilance","merak, zihinsel çeviklik, yeni fikirler, uyanıklık"
"readings","readings.swords-page.meaning","A young figure holds a sword aloft, standing on rough ground, watching the sky. Sharp mind, restless curiosity, eager to cut through to the truth. Just needs a bit more experience to wield the blade well.","Genç bir figür kılıcı yukarı kaldırıp engebeli arazide duruyor, gökyüzünü izliyor. Keskin zihin, huzursuz merak, gerçeğe kesmeye istekli. Bıçağı iyi kullanmak için biraz daha deneyime ihtiyacı var."
"readings","readings.swords-page.past","A moment of intellectual awakening — a new idea or a challenging truth that got your mind racing. That curiosity opened doors.","Entelektüel bir uyanış anı — zihnini yarıştıran yeni bir fikir ya da meydan okuyucu bir gerçek. O merak kapılar açtı."
"readings","readings.swords-page.present","Stay mentally sharp. New information is coming and you'll need to think fast. Be curious, be alert, but don't jump to conclusions.","Zihinsel olarak keskin kal. Yeni bilgi geliyor ve hızlı düşünmen gerekecek. Meraklı ol, uyanık ol, ama sonuca atlama."
"readings","readings.swords-page.future","News or a new perspective is on its way. It will challenge your thinking — in a good way. Stay open and keep your mind nimble.","Yolunda bir haber ya da yeni bir bakış açısı var. Düşünmeni meydan okuyacak — iyi bir şekilde. Açık kal ve zihnini çevik tut."
"readings","readings.swords-knight.keywords","ambition, speed, direct action, aggression","hırs, hız, doğrudan eylem, saldırganlık"
"readings","readings.swords-knight.meaning","The Knight of Swords charges at full speed, blade raised, no hesitation. Fast thinking, fast action, decisive and unstoppable. Effective — but sometimes the charge happens before the thinking.","Kılıç Şövalyesi tam hızla hücum eder, bıçağı kalkmış, tereddütsüz. Hızlı düşünme, hızlı eylem, kararlı ve durdurulamaz. Etkili — ama bazen hücum düşünmeden önce gerçekleşir."
"readings","readings.swords-knight.past","A rushed decision or aggressive action got results — but not without collateral damage. Speed is a strength until it isn't.","Acele bir karar ya da saldırgan bir eylem sonuç verdi — ama kaybolmadan değil. Hız, olmayana kadar bir güçtür."
"readings","readings.swords-knight.present","Move quickly and decisively. The situation calls for sharp action, not deliberation. Just make sure you're charging toward the right target.","Hızlı ve kararlı hareket et. Durum keskin eylem istiyor, uzun düşünme değil. Sadece doğru hedefe hücum ettiğinden emin ol."
"readings","readings.swords-knight.future","Something will demand fast, decisive action. You'll need to think and move simultaneously. Trust your instincts but watch your aim.","Bir şey hızlı, kararlı eylem talep edecek. Aynı anda düşünmen ve hareket etmen gerekecek. İçgüdülerine güven ama nişanına dikkat et."
"readings","readings.swords-queen.keywords","clarity, independence, perception, direct communication","netlik, bağımsızlık, algı, doğrudan iletişim"
"readings","readings.swords-queen.meaning","The Queen of Swords sits with blade raised, face clear and unreadable. She's been through pain and emerged sharper for it. Clear thinking, direct speech, zero tolerance for nonsense.","Kılıç Kraliçesi kılıcı kalkık, yüzü net ve okunamaz oturur. Acıdan geçti ve daha keskin çıktı. Net düşünme, doğrudan konuşma, saçmalığa sıfır tolerans."
"readings","readings.swords-queen.past","Experience — likely painful — honed your ability to see through pretense. That clarity was earned the hard way and it serves you well.","Deneyim — muhtemelen acılı — saçma görünmezin içinden geçme yeteneğini biledi. O netlik zor yoldan kazanıldı ve sana iyi hizmet ediyor."
"readings","readings.swords-queen.present","Think clearly. Speak directly. The situation needs honesty, not diplomacy. Cut through the noise and say exactly what you mean.","Net düşün. Doğrudan konuş. Durum dürüstlük istiyor, diplomasi değil. Gürültüyü kes ve tam olarak ne demek istediğini söyle."
"readings","readings.swords-queen.future","You'll need to channel cold clarity ahead. Emotions will be running high around you, but your ability to see the truth plainly will be your greatest asset.","Önde soğuk netlik kanalize etmen gerekecek. Etrafında duygular yüksek olacak, ama gerçeği sade şekilde görme yeteneğin en büyük varlığın olacak."
"readings","readings.swords-king.keywords","authority, intellect, truth, analytical power","otorite, zeka, gerçek, analitik güç"
"readings","readings.swords-king.meaning","The King of Swords holds his blade upright — judgment, authority, intellectual command. He makes decisions with his head, not his heart. Fair, sharp, and not easily fooled.","Kılıç Kralı bıçağını dik tutar — yargı, otorite, entelektüel komuta. Kararları kalbiyle değil, kafasıyla verir. Adil, keskin ve kolay aldanmaz."
"readings","readings.swords-king.past","An authority figure or your own analytical mind cut through confusion and imposed order. That intellectual clarity shaped outcomes decisively.","Bir otorite figürü ya da kendi analitik zihnin karışıklığı kesti ve düzen dayattı. O entelektüel netlik sonuçları kararlı biçimde şekillendirdi."
"readings","readings.swords-king.present","Lead with logic. The situation demands clear, rational thinking and fair judgment. Leave emotion at the door and decide with your mind.","Mantıkla yönet. Durum net, akılcı düşünme ve adil yargı talep ediyor. Duyguları kapıda bırak ve zihninle karar ver."
"readings","readings.swords-king.future","A decision requiring sharp intellect and impartial judgment is ahead. Trust your analytical ability — it's up to the task.","Keskin zeka ve tarafsız yargı gerektiren bir karar önde. Analitik yeteneğine güven — görevin üstesinden gelecek."
"readings","readings.pentacles-1.keywords","opportunity, prosperity, new venture, manifestation","fırsat, refah, yeni girişim, tezahür"
"readings","readings.pentacles-1.meaning","A golden coin in an outstretched hand, emerging from a cloud. A material opportunity — money, a job, a venture. It's being offered, but you'll need to do something with it. Potential doesn't spend itself.","Buluttan çıkan uzatılmış bir elde altın bir sikke. Maddi bir fırsat — para, iş, girişim. Sunuluyor, ama onunla bir şey yapman gerek. Potansiyel kendiliğinden harcanmaz."
"readings","readings.pentacles-1.past","An opportunity presented itself — financial, professional, or material. What you did with that seed determined a lot about where you are now.","Bir fırsat kendini gösterdi — finansal, profesyonel ya da maddi. O tohumla ne yaptığın şu anda nerede olduğun hakkında çok şey belirledi."
"readings","readings.pentacles-1.present","A tangible opportunity is in your hands. A new venture, a financial prospect, something solid. Don't just admire it — plant it.","Ellerinde somut bir fırsat var. Yeni bir girişim, finansal bir olasılık, sağlam bir şey. Sadece hayran olma — ek."
"readings","readings.pentacles-1.future","A material opportunity is coming. Money, work, or a practical venture. Be ready to act on it when it arrives.","Maddi bir fırsat geliyor. Para, iş ya da pratik bir girişim. Geldiğinde harekete geçmeye hazır ol."
"readings","readings.pentacles-2.keywords","balance, adaptability, juggling priorities, time management","denge, uyum sağlama, öncelikleri dengeleme, zaman yönetimi"
"readings","readings.pentacles-2.meaning","Two coins juggled in a figure-eight — the infinity loop. Multiple demands, limited hands. This card is about managing competing priorities without dropping anything. Flexible, but stretched.","Sonsuzluk ilmeğinde jonglörlenen iki sikke. Birden fazla talep, sınırlı el. Bu kart hiçbir şeyi düşürmeden rekabet eden öncelikleri yönetmekle ilgilidir. Esnek, ama gerilmiş."
"readings","readings.pentacles-2.past","You juggled multiple demands and somehow kept everything in the air. That balancing act was exhausting but taught you adaptability.","Birden fazla talebi jonglörledi ve bir şekilde her şeyi havada tuttun. O dengeleme eylemi yorucuydu ama sana uyum sağlamayı öğretti."
"readings","readings.pentacles-2.present","You're managing too many things at once. It's working for now, but something will drop if you don't prioritize. Choose what matters most.","Aynı anda çok fazla şeyi yönetiyorsun. Şimdilik işe yarıyor, ama önceliklendirmezsen bir şey düşecek. Neyin en önemli olduğunu seç."
"readings","readings.pentacles-2.future","Multiple demands will compete for your attention. You'll need to be flexible and strategic about where your energy goes.","Birden fazla talep dikkatin için yarışacak. Enerjinin nereye gittiği konusunda esnek ve stratejik olman gerekecek."
"readings","readings.pentacles-3.keywords","teamwork, craftsmanship, collaboration, skill building","takım çalışması, ustalık, işbirliği, beceri geliştirme"
"readings","readings.pentacles-3.meaning","Three figures working on a cathedral — each contributing their skill to something larger. Collaboration, craftsmanship, the satisfaction of building something real with others. The work matters.","Bir katedralde çalışan üç figür — her biri kendi becerisini daha büyük bir şeye katkıda bulunuyor. İşbirliği, ustalık, başkalarıyla gerçek bir şey inşa etmenin tatmini. İş önemlidir."
"readings","readings.pentacles-3.past","Collaboration produced something lasting. Working alongside others — each bringing their skills — created something none of you could have built alone.","İşbirliği kalıcı bir şey üretti. Diğerleriyle yan yana çalışmak — her biri becerisini getirerek — hiçbirinizin tek başına inşa edemeyeceği bir şey yarattı."
"readings","readings.pentacles-3.present","This is teamwork time. Bring your skills to the table and trust others to bring theirs. The project is bigger than any one person.","Bu takım çalışması zamanı. Becerilerini masaya getir ve diğerlerinin kendilerininkini getireceklerine güven. Proje herhangi bir kişiden büyük."
"readings","readings.pentacles-3.future","A collaborative effort is forming. Your specific skills will be valued and needed. The work ahead is meaningful — commit to it.","İşbirlikçi bir çaba oluşuyor. Belirli becerilerin değerli olacak ve gerekli olacak. Önümüzdeki iş anlamlı — kendini adayla."
"readings","readings.pentacles-4.keywords","security, control, possessiveness, hoarding","güvenlik, kontrol, sahiplenme, biriktirme"
"readings","readings.pentacles-4.meaning","A figure clutches four coins — one under each foot, one on the head, one in the arms. Holding on tight. Security is good, but this is grip, not stewardship. What are you so afraid of losing?","Bir figür dört sikkeyi sıkıca tutar — her ayağının altında bir, başında bir, kollarında bir. Sıkı tutuyor. Güvenlik iyidir, ama bu kavramadır, vekillik değil. Kaybetmekten bu kadar korktuğun ne?"
"readings","readings.pentacles-4.past","A period of holding on too tightly — to money, to security, to control. The fear of loss made you rigid when flexibility was needed.","Çok sıkı tutma dönemi — paraya, güvenliğe, kontrole. Kayıp korkusu esneklik gerektiğinde seni katılaştırdı."
"readings","readings.pentacles-4.present","You're gripping too hard. The desire for security has become possessiveness. Loosen your hold — what's truly yours won't leave.","Çok sıkı kavrıyorsun. Güvenlik arzusu sahiplenici hale geldi. Tutuşunu gevşet — gerçekten senin olan ayrılmayacak."
"readings","readings.pentacles-4.future","Be careful of becoming too attached to material security. Some generosity or openness will serve you better than a clenched fist.","Maddi güvenliğe çok bağlanmamaya dikkat et. Biraz cömertlik ya da açıklık sana sıkılmış bir yumruktan daha iyi hizmet edecek."
"readings","readings.pentacles-5.keywords","hardship, poverty, isolation, worry","zorluk, yoksulluk, izolasyon, endişe"
"readings","readings.pentacles-5.meaning","Two figures in the snow, barefoot, passing a lit church window. Material hardship, feeling left out in the cold. The help may be closer than it looks — but you have to be willing to ask for it.","Karda iki figür, yalınayak, aydınlatılmış bir kilise penceresinin yanından geçiyor. Maddi zorluk, soğukta dışlanmış hissetmek. Yardım göründüğünden daha yakın olabilir — ama istemeye istekli olman gerek."
"readings","readings.pentacles-5.past","A period of real hardship — financial, physical, or both. The isolation was painful, and recovery took time and humility.","Gerçek zorluk dönemi — finansal, fiziksel ya da her ikisi. İzolasyon acılıydı ve iyileşme zaman ve alçakgönüllülük aldı."
"readings","readings.pentacles-5.present","Things are lean right now. You may feel left out in the cold. But look around — support exists. Pride might be the only thing keeping you from it.","İşler şu anda zayıf. Soğukta dışlanmış hissedebilirsin. Ama etrafına bak — destek var. Gurur, seni ondan alıkoyan tek şey olabilir."
"readings","readings.pentacles-5.future","A difficult stretch is ahead materially. Prepare where you can, and don't be too proud to ask for help when you need it.","Önde maddi olarak zor bir süreç var. Yapabildiğin yerde hazırlan ve ihtiyacın olduğunda yardım istemek için fazla gururlu olma."
"readings","readings.pentacles-6.keywords","generosity, charity, giving, receiving, balance of resources","cömertlik, hayırseverlik, vermek, almak, kaynak dengesi"
"readings","readings.pentacles-6.meaning","A wealthy figure distributes coins to those in need — scales in one hand, coins in the other. Giving and receiving, the flow of resources. This card asks: are you the giver or the receiver? Either is fine.","Varlıklı bir figür ihtiyacı olanlara sikke dağıtır — bir elinde terazi, diğerinde sikkeler. Vermek ve almak, kaynakların akışı. Bu kart sorar: veren sen misin yoksa alan mı? Her ikisi de uygundur."
"readings","readings.pentacles-6.past","An act of generosity — given or received — made a real difference. That exchange of resources was more meaningful than the amount suggested.","Bir cömertlik eylemi — verilen ya da alınan — gerçek bir fark yarattı. O kaynak değişimi, miktarın önerdiğinden daha anlamlıydı."
"readings","readings.pentacles-6.present","Resources are flowing. If you have enough, share. If you need help, accept it gracefully. The balance of giving and receiving is the point.","Kaynaklar akıyor. Yeterin varsa paylaş. Yardıma ihtiyacın varsa zarafetle kabul et. Vermek ve almak dengesi mesele."
"readings","readings.pentacles-6.future","Generosity will play a role ahead — either yours or someone else's. The flow of resources is shifting in a direction that benefits you.","Cömertlik önde bir rol oynayacak — ya senin ya da başkasının. Kaynakların akışı sana fayda sağlayacak yönde kayıyor."
"readings","readings.pentacles-7.keywords","patience, perseverance, investment, long-term view","sabır, azim, yatırım, uzun vadeli görüş"
"readings","readings.pentacles-7.meaning","A figure leans on a hoe, looking at seven coins growing on a bush. Waiting. The investment has been made, the work has been done — now it's about patience. You can't rush a harvest.","Bir figür çapaya yaslanıyor, bir çalıda büyüyen yedi sikkeye bakıyor. Bekleme. Yatırım yapıldı, iş yapıldı — şimdi sabır zamanı. Hasadı acele ettiremezsin."
"readings","readings.pentacles-7.past","A long investment of time and effort eventually bore fruit. The waiting was hard, but the result proved it was worth it.","Zaman ve çabanın uzun bir yatırımı sonunda meyve verdi. Bekleme zordu ama sonuç buna değdiğini kanıtladı."
"readings","readings.pentacles-7.present","The seeds are planted, the work is done. Now you wait. Don't dig up the garden to check if it's growing — trust the process.","Tohumlar ekildi, iş yapıldı. Şimdi bekle. Büyüyüp büyümediğini kontrol etmek için bahçeyi kazma — sürece güven."
"readings","readings.pentacles-7.future","A reward is coming, but not immediately. The investment you're making now — in work, in skills, in patience — will pay off. Give it time.","Bir ödül geliyor, ama hemen değil. Şimdi yaptığın yatırım — işte, beceride, sabırda — kendini ödeyecek. Zaman ver."
"readings","readings.pentacles-8.keywords","diligence, skill development, craftsmanship, dedication","gayret, beceri geliştirme, ustalık, adanmışlık"
"readings","readings.pentacles-8.meaning","A figure carefully carves coin after coin — focused, skilled, methodical. This is the apprentice card. Mastery through repetition, improvement through dedication. The work isn't glamorous, but it's building something real.","Bir figür dikkatlice sikke üzerine sikke oyar — odaklı, yetenekli, metodik. Bu çırak kartıdır. Tekrarlamayla ustalık, adanmışlıkla gelişme. İş göz alıcı değil, ama gerçek bir şey inşa ediyor."
"readings","readings.pentacles-8.past","A period of dedicated practice and skill-building laid the foundation for your abilities. That diligence — day after day — created real competence.","Adanmış bir uygulama ve beceri geliştirme dönemi yeteneklerinin temelini attı. O gayret — gün geçtikçe — gerçek yetkinlik yarattı."
"readings","readings.pentacles-8.present","Put your head down and do the work. This isn't the time for shortcuts or big leaps — it's the time for steady, focused effort. Mastery comes from repetition.","Başını eğ ve işi yap. Bu kısa yolların ya da büyük sıçramaların zamanı değil — istikrarlı, odaklı çabanın zamanı. Ustalık tekrarlamadan gelir."
"readings","readings.pentacles-8.future","A period of intense skill-building is ahead. It will require dedication and focus, but the competence you develop will be a lasting asset.","Önde yoğun bir beceri geliştirme dönemi var. Adanmışlık ve odak gerektirecek, ama geliştirdiğin yetkinlik kalıcı bir varlık olacak."
"readings","readings.pentacles-9.keywords","luxury, self-sufficiency, financial security, accomplishment","lüks, kendi kendine yeterlilik, finansal güvenlik, başarı"
"readings","readings.pentacles-9.meaning","A figure stands in a lush garden, a bird on her hand, nine coins behind her. She built this. Self-made comfort, material security earned through effort. Enjoy what you've created.","Bir figür gür bir bahçede durur, elinde bir kuş, arkasında dokuz sikke. Onu o kurdu. Kendi yaptığı konfor, çabayla kazanılmış maddi güvenlik. Yarattığının tadını çıkar."
"readings","readings.pentacles-9.past","Through your own effort, you created comfort and security. That self-sufficiency was hard-won and deserved.","Kendi çabanla rahatlık ve güvenlik yarattın. O kendi kendine yeterlilik zor kazanıldı ve hak edildi."
"readings","readings.pentacles-9.present","You've built something solid. Take a moment to enjoy the garden you've cultivated. Self-sufficiency feels good — let yourself appreciate it.","Sağlam bir şey inşa ettin. Yetiştirdiğin bahçenin keyfini çıkarmak için bir an ayır. Kendi kendine yeterlilik iyi hissettirir — takdir etmene izin ver."
"readings","readings.pentacles-9.future","Financial security and comfort are building. What you've been working toward is materializing. The garden is almost in full bloom.","Finansal güvenlik ve konfor oluşuyor. Üzerinde çalıştığın şey maddileşiyor. Bahçe neredeyse tam çiçek açmış."
"readings","readings.pentacles-10.keywords","legacy, inheritance, family wealth, long-term success","miras, kalıt, aile serveti, uzun vadeli başarı"
"readings","readings.pentacles-10.meaning","Ten coins arranged around a family gathered at an estate. This is generational — wealth, legacy, something built to last beyond you. The ultimate card of material completion.","Bir malikanede toplanmış bir ailenin etrafında düzenlenmiş on sikke. Bu kuşaklardır — servet, miras, senden sonra sürmek için inşa edilmiş bir şey. Maddi tamamlanmanın nihai kartı."
"readings","readings.pentacles-10.past","Something was passed down — an inheritance, a family tradition, a foundation built by those before you. That legacy still supports your life.","Bir şey aktarıldı — bir miras, bir aile geleneği, senden öncekiler tarafından kurulmuş bir temel. O miras hâlâ hayatını destekliyor."
"readings","readings.pentacles-10.present","Think long-term. What you're building now isn't just for you — it's for those who come after. Family, legacy, lasting impact.","Uzun vadeli düşün. Şimdi inşa ettiğin yalnızca sana değil — sonra gelenlere. Aile, miras, kalıcı etki."
"readings","readings.pentacles-10.future","Lasting wealth or a meaningful legacy is forming. What you create now will outlive the moment. Build with permanence in mind.","Kalıcı servet ya da anlamlı bir miras oluşuyor. Şimdi yarattıkların anı aşacak. Kalıcılığı düşünerek inşa et."
"readings","readings.pentacles-page.keywords","ambition, studiousness, new opportunity, practical planning","hırs, çalışkanlık, yeni fırsat, pratik planlama"
"readings","readings.pentacles-page.meaning","A young figure holds a single coin up to the light, studying it carefully. The student of the material world — practical, curious, ready to learn. A new financial or career opportunity is being examined.","Genç bir figür tek bir sikkeyi ışığa tutarak dikkatlice inceliyor. Maddi dünyanın öğrencisi — pratik, meraklı, öğrenmeye hazır. Yeni bir finansal ya da kariyer fırsatı inceleniyor."
"readings","readings.pentacles-page.past","An early opportunity in work or money sparked your practical ambitions. That first taste of building something real set you on your path.","İşte ya da parada erken bir fırsat pratik hırslarını ateşledi. Gerçek bir şey inşa etmenin o ilk tadı seni yoluna koydu."
"readings","readings.pentacles-page.present","A new opportunity to learn or earn is in front of you. Study it carefully before committing. The ambition is right — make sure the plan is too.","Önünde öğrenmek ya da kazanmak için yeni bir fırsat var. Kendini adamadan önce dikkatlice incele. Hırs doğru — planın da doğru olduğundan emin ol."
"readings","readings.pentacles-page.future","Good news about money, work, or education is coming. It's an entry point, not a windfall — the real value is in what you learn.","Para, iş ya da eğitim hakkında iyi haber geliyor. Bu bir giriş noktası, rüzgarla gelen bir şey değil — gerçek değer öğreneceklerinde."
"readings","readings.pentacles-knight.keywords","reliability, hard work, routine, patience","güvenilirlik, sıkı çalışma, rutin, sabır"
"readings","readings.pentacles-knight.meaning","The Knight of Pentacles rides slowly and steadily — the only knight who isn't charging. Reliable, methodical, gets it done. Not flashy, but the person you actually want on the job.","Tılsım Şövalyesi yavaş ve istikrarlı şekilde ilerler — hücum etmeyen tek şövalye. Güvenilir, metodik, işi halleder. Gösterişli değil, ama gerçekten işte istediğin kişi."
"readings","readings.pentacles-knight.past","Steady, unglamorous effort produced solid results. Someone — maybe you — just kept showing up and doing the work day after day.","İstikrarlı, gösterişsiz çaba sağlam sonuçlar verdi. Biri — belki sen — sadece her gün görünüp işi yaptı."
"readings","readings.pentacles-knight.present","Slow and steady. This isn't the time for dramatic action — it's the time for reliable, consistent effort. Show up, do the work, repeat.","Yavaş ve istikrarlı. Bu dramatik eylem zamanı değil — güvenilir, tutarlı çaba zamanı. Görün, işi yap, tekrarla."
"readings","readings.pentacles-knight.future","Progress will come through patience, not speed. The methodical approach will outperform the dramatic one. Trust the process.","İlerleme hızla değil, sabırla gelecek. Metodik yaklaşım dramatik olanı geçecek. Sürece güven."
"readings","readings.pentacles-queen.keywords","practical nurturing, financial savvy, comfort, abundance","pratik besleme, finansal zeka, konfor, bolluk"
"readings","readings.pentacles-queen.meaning","The Queen of Pentacles sits in a lush garden, holding a gold coin, surrounded by abundance she cultivated herself. Practical, generous, grounded. She knows how to make things grow — money, gardens, people.","Tılsım Kraliçesi gür bir bahçede oturur, altın bir sikke tutar, kendi yetiştirdiği bollukla çevrilidir. Pratik, cömert, topraklı. Bir şeyleri nasıl büyüteceğini bilir — para, bahçeler, insanlar."
"readings","readings.pentacles-queen.past","A practical, nurturing figure shaped your material world — someone who knew how to create abundance through common sense and care.","Pratik, besleyici bir figür maddi dünyanı şekillendirdi — sağduyu ve özenle bolluk yaratmayı bilen biri."
"readings","readings.pentacles-queen.present","Take a grounded approach. Nurture what you have, manage your resources wisely, and create comfort from the practical. Abundance comes from attentive care.","Topraklı bir yaklaşım benimse. Sahip olduğunu besle, kaynaklarını akıllıca yönet ve pratikten konfor yarat. Bolluk özenli bakımdan gelir."
"readings","readings.pentacles-queen.future","Material abundance is growing through practical wisdom. Your ability to nurture resources — financial or otherwise — will produce real results.","Pratik bilgelikle maddi bolluk büyüyor. Kaynakları — finansal ya da başka türlü — besleme yeteneğin gerçek sonuçlar üretecek."
"readings","readings.pentacles-king.keywords","wealth, business sense, discipline, security","servet, iş duygusu, disiplin, güvenlik"
"readings","readings.pentacles-king.meaning","The King of Pentacles sits on a throne decorated with bulls, gold coin in hand, vineyards behind him. He built the empire. Disciplined, prosperous, and knows the value of everything. Material mastery.","Tılsım Kralı boğalarla süslenmiş bir tahtta oturur, elinde altın bir sikke, arkasında üzüm bağları. İmparatorluğu o kurdu. Disiplinli, varlıklı ve her şeyin değerini bilir. Maddi ustalık."
"readings","readings.pentacles-king.past","Financial discipline or business acumen — yours or someone else's — built a foundation of real security. That success was earned through strategy and patience.","Finansal disiplin ya da iş zekası — senin ya da başkasının — gerçek güvenlik temeli inşa etti. O başarı strateji ve sabırla kazanıldı."
"readings","readings.pentacles-king.present","Think like a builder. Manage your resources, invest wisely, plan for the long game. The material world rewards discipline right now.","İnşaatçı gibi düşün. Kaynaklarını yönet, akıllıca yatırım yap, uzun oyun için planla. Maddi dünya şu anda disiplini ödüllendiriyor."
"readings","readings.pentacles-king.future","Material success and financial security are solidifying. The empire you're building — however small — is taking shape. Stay disciplined.","Maddi başarı ve finansal güvenlik sağlamlaşıyor. Kurduğun imparatorluk — ne kadar küçük olursa olsun — şekil alıyor. Disiplinli kal."
"readings","readings.wands-1.keywords","inspiration, new passion, potential, creative spark","ilham, yeni tutku, potansiyel, yaratıcı kıvılcım"
"readings","readings.wands-1.meaning","A hand from a cloud holds a living wand — leaves still sprouting. Pure creative fire, a new passion igniting, the spark before the flame. Something is calling to you. Answer it.","Buluttan bir el canlı bir asa tutar — yapraklar hâlâ sürmekte. Saf yaratıcı ateş, yeni bir tutkunun tutuşması, alevden önceki kıvılcım. Bir şey sana sesleniyor. Cevap ver."
"readings","readings.wands-1.past","A spark of inspiration lit a fire that changed your direction. That initial burst of passion set something important in motion.","Bir ilham kıvılcımı yönünü değiştiren bir ateş yaktı. O tutkunun ilk patlaması önemli bir şeyi harekete geçirdi."
"readings","readings.wands-1.present","A new creative or passionate impulse is demanding attention. This is raw potential — it needs action to become something real. Strike while the iron is hot.","Yeni bir yaratıcı ya da tutkulu dürtü dikkat talep ediyor. Bu ham potansiyel — gerçek bir şey olmak için eyleme ihtiyacı var. Demir tavında vur."
"readings","readings.wands-1.future","A powerful new inspiration is heading your way. When it arrives, don't sit on it. The spark needs fuel, and the fuel is your action.","Güçlü yeni bir ilham yolunda. Geldiğinde üzerine oturma. Kıvılcımın yakıta ihtiyacı var, ve yakıt senin eylemin."
"readings","readings.wands-2.keywords","planning, decisions, discovery, future vision","planlama, kararlar, keşif, gelecek vizyonu"
"readings","readings.wands-2.meaning","A figure holds a globe and a wand, looking out from a castle at the vast landscape. The world is big and the plans are bigger. You've achieved something, but you're already looking at what's next.","Bir figür bir küre ve bir asa tutar, bir kaleden geniş manzaraya bakar. Dünya büyük ve planlar daha büyük. Bir şey başardın, ama zaten bir sonraki şeye bakıyorsun."
"readings","readings.wands-2.past","A moment of ambition and planning expanded your horizons. Standing at a crossroads, you looked at the bigger picture and started making plans.","Bir hırs ve planlama anı ufkunu genişletti. Bir kavşakta durarak daha büyük resme baktın ve plan yapmaya başladın."
"readings","readings.wands-2.present","You've accomplished something, but you're restless. The bigger vision is calling. Start planning your next move — the territory is wider than you think.","Bir şey başardın ama huzursuzsun. Daha büyük vizyon seni çağırıyor. Bir sonraki hamleni planlamaya başla — bölge sandığından daha geniş."
"readings","readings.wands-2.future","A decision about your direction is ahead. The options are expansive. Take time to survey the landscape before you commit to a path.","Yönünle ilgili bir karar önde. Seçenekler geniş. Bir yola kendini adamadan önce manzarayı gözden geçirmek için zaman ayır."
"readings","readings.wands-3.keywords","expansion, foresight, progress, overseas opportunities","genişleme, öngörü, ilerleme, denizaşırı fırsatlar"
"readings","readings.wands-3.meaning","A figure stands on a cliff watching ships sail into the distance. The foundations are set, and now the venture expands. Your efforts are reaching further than your immediate grasp. Progress is happening.","Bir figür bir uçurumda duruyor, gemilerin uzaklara açılmasını izliyor. Temeller atıldı ve şimdi girişim genişliyor. Çabaların anlık kavrayışından daha öteye uzanıyor. İlerleme oluyor."
"readings","readings.wands-3.past","An enterprise or idea expanded beyond its original scope. What started small reached further than you expected.","Bir girişim ya da fikir orijinal kapsamının ötesinde genişledi. Küçük başlayan sanıp beklediğinden daha öteye ulaştı."
"readings","readings.wands-3.present","Things are moving. What you started is gaining momentum and reaching new territory. Keep your eyes on the horizon — the expansion is real.","İşler hareket ediyor. Başlattığın şey ivme kazanıyor ve yeni bölgeye ulaşıyor. Gözlerini ufukta tut — genişleme gerçek."
"readings","readings.wands-3.future","Growth and expansion are ahead. Your reach will extend further than you currently imagine. What you've built is about to travel.","Önde büyüme ve genişleme var. Uzanman şu an hayal ettiğinden daha ileri gidecek. İnşa ettiğin yolculuğa çıkmak üzere."
"readings","readings.wands-4.keywords","celebration, homecoming, harmony, community","kutlama, eve dönüş, uyum, topluluk"
"readings","readings.wands-4.meaning","Four wands form a canopy decorated with flowers, figures celebrating beneath. A milestone, a homecoming, a moment of genuine celebration. You've built something worth toasting.","Dört asa çiçeklerle süslenmiş bir çatı oluşturur, altında kutlayan figürler. Bir dönüm noktası, bir eve dönüş, gerçek kutlamanın bir anı. Kadeh kaldırmaya değer bir şey inşa ettin."
"readings","readings.wands-4.past","A celebration marked a real achievement — a homecoming, a milestone, a moment when everything felt right. That joy was earned.","Bir kutlama gerçek bir başarıyı işaretledi — bir eve dönüş, bir dönüm noktası, her şeyin doğru hissettiği bir an. O sevinç hak edilmişti."
"readings","readings.wands-4.present","Celebrate. A milestone has been reached and it deserves recognition. Gather your people and enjoy what you've accomplished together.","Kutla. Bir dönüm noktasına ulaşıldı ve tanınmayı hak ediyor. İnsanlarını topla ve birlikte başardığınızın tadını çıkarın."
"readings","readings.wands-4.future","A celebration is on the horizon. A milestone, a welcome, a moment of shared joy. Something worth looking forward to.","Ufukta bir kutlama var. Bir dönüm noktası, bir karşılama, paylaşılan bir sevinç anı. Sabırsızlanmaya değer bir şey."
"readings","readings.wands-5.keywords","conflict, competition, tension, disagreement","çatışma, rekabet, gerginlik, anlaşmazlık"
"readings","readings.wands-5.meaning","Five figures waving wands at each other — chaotic, noisy, everyone fighting for their position. Conflict, but not the deadly kind. This is competition, creative friction, the messy process of sorting things out.","Beş figür asalarını birbirine sallıyor — kaotik, gürültülü, herkes kendi konumu için savaşıyor. Çatışma, ama öldürücü tür değil. Bu rekabet, yaratıcı sürtünme, işleri ayıklamanın dağınık süreci."
"readings","readings.wands-5.past","A period of conflict or competition tested you. The struggle was frustrating, but it sharpened your resolve and clarified your position.","Bir çatışma ya da rekabet dönemi seni sınadı. Mücadele sinir bozucuydu ama kararlılığını keskinleştirdi ve konumunu netleştirdi."
"readings","readings.wands-5.present","There's friction in the air. Multiple voices, competing agendas, everyone pushing their angle. It's messy, but sometimes clarity comes from the fight.","Havada sürtüşme var. Birden fazla ses, rekabet eden ajandalar, herkes kendi açısını itiyor. Dağınık, ama bazen netlik kavgadan gelir."
"readings","readings.wands-5.future","Competition or disagreement is ahead. Don't avoid it — engage with it. The conflict will ultimately clarify what matters.","Önde rekabet ya da anlaşmazlık var. Kaçınma — onunla meşgul ol. Çatışma sonunda neyin önemli olduğunu netleştirecek."
"readings","readings.wands-6.keywords","victory, recognition, triumph, public success","zafer, tanınma, tez, halka açık başarı"
"readings","readings.wands-6.meaning","A rider crowned with a laurel wreath, carried forward by a cheering crowd. Public victory, recognition earned through effort. This is the triumph card — enjoy the parade.","Defne çelengiyle taçlandırılmış bir binici, coşkulu bir kalabalık tarafından ileri taşınır. Halka açık zafer, çabayla kazanılmış tanınma. Bu zafer kartıdır — geçidi keyfine bak."
"readings","readings.wands-6.past","A victory was recognized publicly. You succeeded, and others saw it. That moment of recognition mattered more than you might admit.","Bir zafer halka açık biçimde tanındı. Başardın ve diğerleri gördü. O tanınma anı kabul etmek isteyebileceğinden daha önemliydi."
"readings","readings.wands-6.present","You're winning. Not in a quiet way — in the way where people notice. Accept the recognition. You earned this.","Kazanıyorsun. Sessiz biçimde değil — insanların fark ettiği biçimde. Tanınmayı kabul et. Bunu kazandın."
"readings","readings.wands-6.future","Public recognition or victory is ahead. The work you've put in is about to be acknowledged. Enjoy the moment — you've earned it.","Önde halka açık tanınma ya da zafer var. Yaptığın iş kabul edilmek üzere. Anın tadını çıkar — kazandın."
"readings","readings.wands-7.keywords","defense, perseverance, standing your ground, determination","savunma, azim, zeminini koruma, kararlılık"
"readings","readings.wands-7.meaning","A figure on high ground, holding one wand against six. Outnumbered but not outmatched. This is about defending your position against pressure. You have the advantage — don't give it up.","Yüksek zeminde bir figür, altıya karşı bir asa tutuyor. Sayıca az ama yenilmiş değil. Bu baskı altında konumunu savunmakla ilgili. Avantaj sende — bırakma."
"readings","readings.wands-7.past","You stood your ground against opposition. Outnumbered or outgunned, you held your position through sheer determination.","Muhalefete karşı zeminini korudun. Sayıca ya da güççe az olsan da, salt kararlılıkla konumunu koruduğun."
"readings","readings.wands-7.present","You're being challenged. Hold your ground. The high position is yours and the advantage is real, even if the pressure is intense.","Meydan okunuyorsun. Zeminini koru. Yüksek konum senin ve avantaj gerçek, baskı yoğun olsa bile."
"readings","readings.wands-7.future","A challenge to your position is coming. You'll need to defend what you've built. Stand firm — the ground beneath you is solid.","Konumuna bir meydan okuma geliyor. Kurduğunu savunman gerekecek. Sağlam dur — altındaki zemin sağlam."
"readings","readings.wands-8.keywords","speed, movement, swift action, momentum","hız, hareket, hızlı eylem, ivme"
"readings","readings.wands-8.meaning","Eight wands flying through the air toward the ground. Speed, momentum, things happening fast. Whatever's been in motion is about to land. This card is pure velocity.","Sekiz asa havada yere doğru uçuyor. Hız, ivme, hızlı gerçekleşen şeyler. Harekette olan her şey inmek üzere. Bu kart saf hızdır."
"readings","readings.wands-8.past","Things moved fast — messages, events, changes all arriving at once. That period of rapid motion covered a lot of ground in a short time.","İşler hızlı hareket etti — mesajlar, olaylar, değişiklikler hepsi bir anda geldi. O hızlı hareket dönemi kısa zamanda çok yol aldı."
"readings","readings.wands-8.present","Everything is accelerating. Messages, decisions, events — all in motion. Ride the momentum rather than trying to slow it down.","Her şey hızlanıyor. Mesajlar, kararlar, olaylar — hepsi harekette. Onu yavaşlatmaya çalışmak yerine ivmeye bin."
"readings","readings.wands-8.future","Rapid developments are incoming. Things will move faster than expected. Be ready to act quickly when they land.","Hızlı gelişmeler geliyor. Her şey beklenenden daha hızlı hareket edecek. Geldiğinde hızlıca harekete geçmeye hazır ol."
"readings","readings.wands-9.keywords","resilience, persistence, last stand, grit","dayanıklılık, ısrar, son duruş, metanet"
"readings","readings.wands-9.meaning","A wounded figure leans on a wand, eight more planted behind them. Battered but standing. This is grit — the refusal to go down even when every reasonable part of you wants to quit.","Yaralı bir figür bir asaya yaslanıyor, arkasında sekiz tane daha dikili. Hırpalanmış ama ayakta. Bu metanettir — her makul parçan bırakmak istediğinde dahi yere düşmeyi reddetmek."
"readings","readings.wands-9.past","You endured something grueling. Battered and tired, you kept standing when everything said to give up. That resilience defined you.","Yıpratıcı bir şeye dayandın. Hırpalanmış ve yorgun, her şey sana vazgeçmeni söylediğinde ayakta kaldın. O dayanıklılık seni tanımladı."
"readings","readings.wands-9.present","You're exhausted and the battle isn't over. One more push. You've come too far to stop now, even if every bone aches. Hold on.","Yorgunsun ve savaş bitmedi. Bir itme daha. Durmak için çok uzağa geldin, her kemiğin acısa bile. Dayan."
"readings","readings.wands-9.future","A test of endurance is ahead. It will push you to your limits. You'll want to quit — don't. You're tougher than you think.","Önde bir dayanıklılık testi var. Seni sınırlarına itecek. Bırakmak isteyeceksin — bırakma. Sandığından daha güçlüsün."
"readings","readings.wands-10.keywords","burden, responsibility, overload, hard work","yük, sorumluluk, aşırı yüklenme, sıkı çalışma"
"readings","readings.wands-10.meaning","A figure carries all ten wands, barely able to see over the load. Too much, and yet still moving forward. This is overcommitment, too many responsibilities, the weight of taking on everything yourself.","Bir figür on asanın hepsini taşıyor, yükün üzerinden güçlükle görebiliyor. Fazla, ama yine de ilerliyor. Bu aşırı taahhüt, çok fazla sorumluluk, her şeyi kendi üzerine almanın ağırlığıdır."
"readings","readings.wands-10.past","You carried too much. Responsibilities piled up until the load was crushing. That experience taught you something about limits — or it should have.","Çok fazla taşıdın. Sorumluluklar yük ezici olana dek yığıldı. O deneyim sana sınırlar hakkında bir şey öğretti — ya da öğretmiş olmalı."
"readings","readings.wands-10.present","You're overloaded. The weight is real and unsustainable. Put something down before you collapse. Not everything on your back is yours to carry.","Aşırı yüklüsün. Ağırlık gerçek ve sürdürülemez. Çökmeden önce bir şeyi bırak. Sırtındaki her şey taşıman gereken değil."
"readings","readings.wands-10.future","A heavy load of responsibility is ahead. Before you say yes to everything, remember: carrying ten wands means you can't see where you're going.","Önde ağır bir sorumluluk yükü var. Her şeye evet demeden önce hatırla: on asa taşımak nereye gittiğini göremeyeceğin anlamına gelir."
"readings","readings.wands-page.keywords","enthusiasm, exploration, discovery, free spirit","coşku, keşif, keşfetme, özgür ruh"
"readings","readings.wands-page.meaning","A young figure studies their wand with wide eyes and boundless curiosity. Fresh enthusiasm, a new passion discovered, the excitement of someone who just found their fire. Channel it before it scatters.","Genç bir figür asasını büyük gözler ve sınırsız merakla inceler. Taze coşku, yeni keşfedilmiş bir tutku, ateşini yeni bulmuş birinin heyecanı. Dağılmadan önce onu yönlendir."
"readings","readings.wands-page.past","A discovery or new interest ignited your passion. That youthful enthusiasm — raw and undirected — set the tone for what followed.","Bir keşif ya da yeni ilgi tutkunu ateşledi. O gençlik coşkusu — ham ve yönsüz — sonrasında olacakların tonunu belirledi."
"readings","readings.wands-page.present","Something new has your attention and your energy is high. Good. Now focus it. Enthusiasm without direction is just noise.","Yeni bir şey dikkatini çekti ve enerjin yüksek. İyi. Şimdi onu odakla. Yönsüz coşku sadece gürültüdür."
"readings","readings.wands-page.future","An exciting message or new passion is coming. It will light you up with possibility. Enjoy the spark, then give it structure.","Heyecan verici bir mesaj ya da yeni tutku geliyor. Seni olasılıkla aydınlatacak. Kıvılcımın tadını çıkar, sonra yapı ver."
"readings","readings.wands-knight.keywords","adventure, energy, impulsiveness, action","macera, enerji, dürtüsellik, eylem"
"readings","readings.wands-knight.meaning","The Knight of Wands charges forward, horse rearing, eyes on the horizon. Pure action, zero hesitation, all fire. Exciting and effective — until he burns through everything without a plan.","Asa Şövalyesi ileri hücum eder, at şahlanmış, gözleri ufukta. Saf eylem, sıfır tereddüt, hep ateş. Heyecan verici ve etkili — planı olmadan her şeyi yakıp bitirene kadar."
"readings","readings.wands-knight.past","An impulsive move or bold adventure changed your course. The energy was intoxicating, even if the planning was nonexistent.","Dürtüsel bir hamle ya da cesur bir macera rotanı değiştirdi. Planlama olmasa bile enerji sarhoş ediciydi."
"readings","readings.wands-knight.present","Act now, think later — within reason. The situation needs boldness and fire, not careful deliberation. Just make sure you know the general direction.","Şimdi hareket et, sonra düşün — makul sınırlar içinde. Durum cesaret ve ateş istiyor, dikkatli düşünme değil. Sadece genel yönü bildiğinden emin ol."
"readings","readings.wands-knight.future","An adventure or passionate pursuit is ahead. It will move fast and demand your full energy. Don't overthink — charge.","Önde bir macera ya da tutkulu bir arayış var. Hızlı hareket edecek ve tüm enerjini talep edecek. Fazla düşünme — hücum et."
"readings","readings.wands-queen.keywords","confidence, warmth, determination, vibrancy","özgüven, sıcaklık, kararlılık, canlılık"
"readings","readings.wands-queen.meaning","The Queen of Wands sits with a sunflower in one hand and her wand in the other, a black cat at her feet. Magnetic, confident, warm. She lights up every room without trying. This is passion paired with self-assurance.","Asa Kraliçesi bir elinde ayçiçeği ve diğerinde asasıyla oturur, ayaklarının dibinde siyah bir kedi. Manyetik, özgüvenli, sıcak. Çabalamadan her odayı aydınlatır. Bu özgüvenle eşleşmiş tutkudur."
"readings","readings.wands-queen.past","A vibrant, confident figure shaped your world — someone whose warmth and determination were impossible to ignore.","Canlı, özgüvenli bir figür dünyanı şekillendirdi — sıcaklığı ve kararlılığı görmezden gelinemez olan biri."
"readings","readings.wands-queen.present","Own your power. You're more magnetic and capable than you're giving yourself credit for. Step into the room like you belong there — because you do.","Gücüne sahip çık. Kendine hak ettiğinden daha manyetik ve yeteneklisin. Odaya ait olduğun gibi gir — çünkü ait."
"readings","readings.wands-queen.future","You're growing into a bold, warm authority. The confidence building inside you is about to become visible to everyone around you.","Cesur, sıcak bir otoriteye büyüyorsun. İçinde oluşan özgüven çevrendeki herkes için görünür hale gelmek üzere."
"readings","readings.wands-king.keywords","leadership, vision, entrepreneurship, bold action","liderlik, vizyon, girişimcilik, cesur eylem"
"readings","readings.wands-king.meaning","The King of Wands holds his living staff and gazes forward with fierce clarity. The visionary, the entrepreneur, the leader who inspires by doing. He doesn't just have ideas — he makes them happen.","Asa Kralı canlı asasını tutar ve şiddetli bir netlikle ileri bakar. Vizyoner, girişimci, eyleriyle ilham veren lider. Sadece fikirleri olmaz — onları gerçekleştirir."
"readings","readings.wands-king.past","Bold leadership or entrepreneurial vision drove a period of real creation. Someone — maybe you — turned fire into something lasting.","Cesur liderlik ya da girişimci vizyon gerçek yaratım dönemini sürükledi. Biri — belki sen — ateşi kalıcı bir şeye dönüştürdü."
"readings","readings.wands-king.present","Lead with vision and boldness. This is your moment to take charge, inspire others, and turn ambition into action. Don't wait for permission.","Vizyon ve cesaretle yönet. Bu senin sorumluluğu alma, diğerlerine ilham verme ve hırsı eyleme dönüştürme anın. İzin bekleme."
"readings","readings.wands-king.future","A leadership role or entrepreneurial opportunity is ahead. Your vision and energy will be needed. Step into it fully — hesitation doesn't suit you.","Önde bir liderlik rolü ya da girişimci fırsat var. Vizyonun ve enerjin gerekli olacak. Ona tamamen adım at — tereddüt sana yakışmıyor."
"readings","readingTemplates.intros.0","Three cards have come forward: {card1}, {card2}, and {card3}. Let's see what they have to say.","Üç kart ortaya çıktı: {card1}, {card2} ve {card3}. Bakalım ne söyleyecekler."
"readings","readingTemplates.intros.1","{card1}, {card2}, and {card3} — an interesting combination. Here is what the cards reveal.","{card1}, {card2} ve {card3} — ilginç bir kombinasyon. İşte kartların açıkladıkları."
"readings","readingTemplates.intros.2","The cards before you are {card1}, {card2}, and {card3}. Together they tell a clear story.","Önünüzdeki kartlar {card1}, {card2} ve {card3}. Birlikte net bir hikaye anlatıyorlar."
"readings","readingTemplates.intros.3","{card1}, {card2}, {card3}. These three chose to speak today — listen well.","{card1}, {card2}, {card3}. Bu üçü bugün konuşmayı seçti — iyi dinleyin."
"readings","readingTemplates.bridges.0","Now let's turn to the present.","Şimdi şimdiye dönelim."
"readings","readingTemplates.bridges.1","From the past, the cards shift to what is happening now.","Geçmişten, kartlar şimdi olanlara geçiyor."
"readings","readingTemplates.futureBridges.0","And what lies ahead —","Ve önde olan —"
"readings","readingTemplates.futureBridges.1","The final card looks forward.","Son kart ileriye bakıyor."
"readings","readingTemplates.closings.0","The cards have spoken. Take what resonates, leave what doesn't — but pay attention.","Kartlar konuştu. Yankılananı alın, yankılanmayanı bırakın — ama dikkat edin."
"readings","readingTemplates.closings.1","That is your reading. Sit with it for a moment before you move on.","Bu sizin okumanız. İlerlemeden önce bir süre oturun."
"readings","readingTemplates.closings.2","The spread is complete. Trust what stirred in you as you read these words.","Açılım tamamlandı. Bu kelimeleri okurken içinizde kıpırdanana güvenin."
"readings","readingTemplates.pastPrefix","{card} in the past position: ","{card} geçmiş konumunda: "
"readings","readingTemplates.presentPrefix","{card} in the present: ","{card} şimdide: "
"readings","readingTemplates.futurePrefix","{card} for the future: ","{card} gelecek için: "
"readings","readers.vespera.displayName","Madame Vespera","Madam Vespera"
"readings","readers.vespera.title","Conduit of the Velvet Veil","Kadife Perdenin Aracısı"
"readings","readers.vespera.tagline","Sit closer, darling. The cards have been waiting.","Daha yakına gel, sevgilim. Kartlar bekliyordu."
"readings","readers.vespera.bio","Three generations of mediums in the family. Vespera reads with reverence, takes her time, and treats every card like it came specifically for you.","Ailede üç kuşak medyum. Vespera saygıyla okur, acele etmez ve her kartı sanki özellikle senin için gelmiş gibi ele alır."
"readings","readers.vespera.intros.0","Three cards, darling: {card1}, {card2}, and {card3}. They didn't arrive together by accident.","Üç kart, sevgilim: {card1}, {card2} ve {card3}. Birlikte tesadüfen gelmediler."
"readings","readers.vespera.intros.1","{card1}, {card2}, and {card3}. Mm. The deck has chosen carefully tonight.","{card1}, {card2} ve {card3}. Hmm. Deste bu gece dikkatlice seçti."
"readings","readers.vespera.intros.2","Look — {card1}, {card2}, {card3}. A combination worth listening to.","Bak — {card1}, {card2}, {card3}. Dinlemeye değer bir kombinasyon."
"readings","readers.vespera.intros.3","{card1}, {card2}, {card3}. Settle in. These three have something to say.","{card1}, {card2}, {card3}. Rahatına bak. Bu üçünün söyleyeceği bir şey var."
"readings","readers.vespera.bridges.0","But the past is only the doorway. The present is where the work happens.","Ama geçmiş sadece bir kapı. Şimdi gerçek iş oluyor."
"readings","readers.vespera.bridges.1","From what was, to what is — pay attention here, dear.","Olandan olana — burada dikkat et, canım."
"readings","readers.vespera.futureBridges.0","And now — what's coming. The cards lean in.","Ve şimdi — gelmekte olan. Kartlar yaklaşıyor."
"readings","readers.vespera.futureBridges.1","The third card. The one we always come for.","Üçüncü kart. Hep onun için geldiğimiz."
"readings","readers.vespera.closings.0","There. Take what was given. Some of it will only make sense later.","İşte. Verileni al. Bir kısmı ancak daha sonra anlam kazanacak."
"readings","readers.vespera.closings.1","The reading is yours now. Hold it carefully.","Okuma artık senin. Onu dikkatlice tut."
"readings","readers.vespera.closings.2","That's what the cards offered. Sit with it before you move on.","Kartların sunduğu buydu. İlerlemeden önce onunla otur."
"readings","readers.vespera.pastPrefix","{card}, in the past — ","{card}, geçmişte — "
"readings","readers.vespera.presentPrefix","{card}, here in the present — ","{card}, burada şimdide — "
"readings","readers.vespera.futurePrefix","{card}, ahead of you — ","{card}, önünde — "
"readings","readers.crow.displayName","The Crow","Karga"
"readings","readers.crow.title","Reader of the Last Hour","Son Saatin Okuyucusu"
"readings","readers.crow.tagline","Sit. Don't speak. The cards already know.","Otur. Konuşma. Kartlar zaten biliyor."
"readings","readers.crow.bio","No introductions. No softening. The Crow tells you what the cards say and nothing more.","Tanıtım yok. Yumuşatma yok. Karga sana kartların söylediğini söyler, daha fazlasını değil."
"readings","readers.crow.intros.0","{card1}. {card2}. {card3}. Three cards. No accidents.","{card1}. {card2}. {card3}. Üç kart. Kaza yok."
"readings","readers.crow.intros.1","{card1}, {card2}, {card3}. Look at them.","{card1}, {card2}, {card3}. Onlara bak."
"readings","readers.crow.intros.2","Drawn: {card1}, {card2}, {card3}. They mean what they mean.","Çekildi: {card1}, {card2}, {card3}. Ne demekse onu ifade ediyorlar."
"readings","readers.crow.intros.3","{card1}. Then {card2}. Then {card3}. A sentence the universe is finishing.","{card1}. Sonra {card2}. Sonra {card3}. Evrenin bitirdiği bir cümle."
"readings","readers.crow.bridges.0","That was before. This is now.","O önceydi. Bu şimdi."
"readings","readers.crow.bridges.1","The past is fixed. The present isn't.","Geçmiş sabit. Şimdi değil."
"readings","readers.crow.futureBridges.0","Ahead.","Önde."
"readings","readers.crow.futureBridges.1","What hasn't happened yet.","Henüz olmamış olan."
"readings","readers.crow.closings.0","That's the reading.","İşte okuma."
"readings","readers.crow.closings.1","The cards are done. You aren't.","Kartlar bitti. Sen değilsin."
"readings","readers.crow.closings.2","Three cards. One direction. Go.","Üç kart. Tek yön. Git."
"readings","readers.crow.pastPrefix","{card}. Past: ","{card}. Geçmiş: "
"readings","readers.crow.presentPrefix","{card}. Now: ","{card}. Şimdi: "
"readings","readers.crow.futurePrefix","{card}. Coming: ","{card}. Gelen: "
"readings","readers.reginald.displayName","Reginald Ash","Reginald Ash"
"readings","readers.reginald.title","Reluctant Practitioner, Est. 1847","İsteksiz Pratisyen, 1847'den Beri"
"readings","readers.reginald.tagline","Fine. Sit down. Let's get this over with.","Peki. Oturun. Şunu bitirelim."
"readings","readers.reginald.bio","Has been reading cards for longer than he cares to discuss. Takes the work seriously, takes most querents less so. You'll get the truth — phrased exactly as he sees fit.","Konuşmak istemeyeceği kadar uzun süredir kart okuyor. İşi ciddiye alır, çoğu danışanı o kadar da değil. Gerçeği alacaksınız — tam olarak kendi uygun gördüğü şekilde ifade edilmiş."
"readings","readers.reginald.intros.0","Right. {card1}, {card2}, {card3}. I've seen this combination before. It still means something. Let's proceed.","Pekâlâ. {card1}, {card2}, {card3}. Bu kombinasyonu daha önce gördüm. Hâlâ bir şey ifade ediyor. Devam edelim."
"readings","readers.reginald.intros.1","{card1}, {card2}, and {card3}. A spread with actual substance, for once.","{card1}, {card2} ve {card3}. Bir kez olsun gerçek içeriği olan bir açılım."
"readings","readers.reginald.intros.2","{card1}, {card2}, {card3}. Don't ask if it's good news. Just listen.","{card1}, {card2}, {card3}. İyi haber mi olduğunu sormayın. Sadece dinleyin."
"readings","readers.reginald.intros.3","Hm. {card1}, then {card2}, then {card3}. Brace yourself — this one earns its fee.","Hmm. {card1}, sonra {card2}, sonra {card3}. Kendinizi hazırlayın — bu ücretini hak ediyor."
"readings","readers.reginald.bridges.0","The past is finished, despite its habit of pretending otherwise. Onward.","Geçmiş bitti, aksini iddia etme alışkanlığına rağmen. İleri."
"readings","readers.reginald.bridges.1","Yes, yes, that was then. The present is more pressing.","Evet, evet, o oydu. Şimdi daha acil."
"readings","readers.reginald.futureBridges.0","And now — the future. The part you actually came for.","Ve şimdi — gelecek. Aslında geldiğiniz kısım."
"readings","readers.reginald.futureBridges.1","The third card. Try to look composed.","Üçüncü kart. Toplu görünmeye çalışın."
"readings","readers.reginald.closings.0","That's the reading. Take it seriously or don't — but at least now you've been told.","İşte okuma. Ciddiye alın ya da almayın — ama en azından söylendi."
"readings","readers.reginald.closings.1","Done. You'll do what you'll do. Most people do.","Bitti. Yapacağınızı yapacaksınız. Çoğu insan yapar."
"readings","readers.reginald.closings.2","There. Free of theatrics, as promised. You may show yourself out.","İşte. Söz verildiği gibi dramasız. Kendinize yol gösterebilirsiniz."
"readings","readers.reginald.pastPrefix","{card}, in the past — and frankly, this explains a great deal: ","{card}, geçmişte — ve açıkçası, bu pek çok şeyi açıklıyor: "
"readings","readers.reginald.presentPrefix","{card}, in the present. This is, I'm afraid, where you live: ","{card}, şimdide. Bu, korkarım, yaşadığınız yer: "
"readings","readers.reginald.futurePrefix","{card}, ahead. I won't soften it: ","{card}, önde. Yumuşatmayacağım: "
"plans","plans.FREE.name","Free","Ücretsiz"
"plans","plans.FREE.features.0","3 readings per day","Günde 3 okuma"
"plans","plans.FREE.features.1","Resets at midnight","Gece yarısı sıfırlanır"
"plans","plans.SINGLE.name","Single reading","Tek okuma"
"plans","plans.SINGLE.features.0","One extra reading","Bir ek okuma"
"plans","plans.SINGLE.features.1","No subscription","Abonelik yok"
"plans","plans.MONTHLY.name","Monthly","Aylık"
"plans","plans.MONTHLY.features.0","Unlimited readings","Sınırsız okuma"
"plans","plans.MONTHLY.features.1","Reading history","Okuma geçmişi"
"plans","plans.MONTHLY.features.2","Choose your deck","Destenizi seçin"
"plans","plans.MONTHLY.features.3","Choose your diviner","Falcınızı seçin"
"plans","plans.MONTHLY.features.4","Long-form interpretations","Uzun soluklu yorumlar"
"plans","plans.MONTHLY.features.5","Daily card email","Günlük kart e-postası"
"plans","plans.MONTHLY.features.6","Export readings as PDF","Okumaları PDF olarak dışa aktarın"
"plans","plans.MONTHLY.features.7","Favorites & personal notes","Favoriler ve kişisel notlar"
"plans","plans.MONTHLY.features.8","Reminder notifications","Hatırlatma bildirimleri"
"plans","plans.MONTHLY.features.9","Ad-free","Reklamsız"
"plans","plans.YEARLY.name","Yearly","Yıllık"
"plans","plans.YEARLY.features.0","Everything in Monthly","Aylıktaki her şey"
"plans","plans.YEARLY.features.1","Save 58% vs monthly","Aylığa göre %58 tasarruf"
"plans","plans.YEARLY.features.2","Exclusive seasonal decks","Özel mevsimlik desteler"
"plans","plans.YEARLY.features.3","Early access to new diviners & decks","Yeni falcı ve destelere erken erişim"
"disclaimers","disclaimers.ageConfirm","I confirm I am 18 years of age or older.","18 yaşında veya daha büyük olduğumu onaylıyorum."
"disclaimers","disclaimers.entertainmentShort","For entertainment purposes only. Not a substitute for professional advice.","Yalnızca eğlence amaçlıdır. Profesyonel tavsiye yerine geçmez."
"disclaimers","disclaimers.entertainmentFull","This service is provided for entertainment purposes only. Tarot readings should not be used as a substitute for professional medical, legal, financial, or psychological advice.","Bu hizmet yalnızca eğlence amaçlı sunulmaktadır. Tarot okumaları, profesyonel tıbbi, hukuki, finansal veya psikolojik tavsiye yerine kullanılmamalıdır."
"disclaimers","disclaimers.ageRequiredError","You must confirm you are 18 or older to continue.","Devam etmek için 18 yaşında veya daha büyük olduğunuzu onaylamanız gerekir."
"seo","seo.siteName","The Veil","The Veil"
"seo","seo.home.metaTitle","Free Tarot Reading — Online Mystical Tarot App","Ücretsiz Tarot Falı — Mistik Online Tarot Uygulaması"
"seo","seo.home.metaDescription","Unveil the mysteries of your future with our mystical tarot reading app. Free daily readings, multiple decks, and personal readers.","Geleceğinizin gizemlerini mistik tarot uygulamamızla keşfedin. Ücretsiz günlük okumalar, farklı desteler ve kişisel tarot okuyucuları."
"seo","seo.home.keywords","tarot, free tarot reading, online tarot, tarot cards, tarot reading app, daily tarot","tarot, ücretsiz tarot falı, online tarot, tarot kartları, tarot uygulaması"
"seo","seo.decks.metaTitle","Choose Your Tarot Deck","Tarot Destenizi Seçin"
"seo","seo.decks.metaDescription","Pick your favorite tarot deck — Rider-Waite, Klimt, or Gothic-Vintage. Each deck reshapes the visual story of your reading.","Favori tarot destenizi seçin — Rider-Waite, Klimt veya Gothic-Vintage. Her deste okumanızın görsel hikâyesini yeniden şekillendirir."
"seo","seo.decks.keywords","tarot deck, rider-waite, klimt tarot, gothic tarot, tarot card deck","tarot destesi, rider-waite, klimt tarot, gothic tarot, tarot kartı"
"seo","seo.subscription.metaTitle","Subscription Plans","Abonelik Planları"
"seo","seo.subscription.metaDescription","Unlock unlimited readings, premium decks, and exclusive readers with a Tarot subscription.","Tarot aboneliğiyle sınırsız okumaların, premium destelerin ve özel okuyucuların kilidini açın."
"seo","seo.subscription.keywords","tarot subscription, unlimited tarot readings, premium tarot, tarot pricing","tarot aboneliği, sınırsız tarot falı, premium tarot, tarot fiyatları"
"seo","seo.profile.metaTitle","Your Mystic Profile","Mistik Profiliniz"
"seo","seo.profile.metaDescription","Manage your account, readings, and preferences.","Hesabınızı, okumalarınızı ve tercihlerinizi yönetin."
"contact","contact.metaTitle","Contact The Veil","The Veil ile İletişim"
"contact","contact.metaDescription","Reach out to The Veil — questions, data requests, legal notices.","The Veil ile iletişime geçin — sorular, veri talepleri, hukuki bildirimler."
"contact","contact.heading","Contact","İletişim"
"contact","contact.intro","Send a message and we'll get back to you. For data-protection requests (export, deletion, correction), pick the matching category so it routes to the right inbox.","Bize bir mesaj gönderin, size geri dönelim. Veri koruma talepleri (dışa aktarma, silme, düzeltme) için doğru gelen kutusuna yönlendirilmesi amacıyla ilgili kategoriyi seçin."
"contact","contact.fields.name","Name","Ad"
"contact","contact.fields.email","Email","E-posta"
"contact","contact.fields.category","Reason","Neden"
"contact","contact.fields.message","Message","Mesaj"
"contact","contact.placeholders.name","Your name","Adınız"
"contact","contact.placeholders.email","you@example.com","siz@ornek.com"
"contact","contact.placeholders.message","Tell us what's on your mind.","Aklınızdan geçenleri bize anlatın."
"contact","contact.categories.general","General question","Genel soru"
"contact","contact.categories.dsar_access","Export my data","Verilerimi dışa aktar"
"contact","contact.categories.dsar_delete","Delete my data","Verilerimi sil"
"contact","contact.categories.dsar_correct","Correct my data","Verilerimi düzelt"
"contact","contact.categories.legal_ip","Legal, copyright, or subscription cancellation","Hukuki konular, telif hakkı veya abonelik iptali"
"contact","contact.categories.other","Other","Diğer"
"contact","contact.submit","Send message","Mesaj gönder"
"contact","contact.submitting","Sending…","Gönderiliyor…"
"contact","contact.success","Thanks — your message is on its way. We'll reply to the email you provided.","Teşekkürler — mesajınız yola çıktı. Belirttiğiniz e-posta adresine yanıt vereceğiz."
"contact","contact.errorGeneric","Something went wrong sending your message. Please try again in a moment.","Mesajınız gönderilirken bir sorun oluştu. Lütfen birazdan tekrar deneyin."
"contact","contact.errors.nameRequired","Please enter your name.","Lütfen adınızı girin."
"contact","contact.errors.nameTooLong","Name must be 100 characters or fewer.","Ad en fazla 100 karakter olabilir."
"contact","contact.errors.emailRequired","Please enter your email.","Lütfen e-postanızı girin."
"contact","contact.errors.emailInvalid","Please enter a valid email address.","Lütfen geçerli bir e-posta adresi girin."
"contact","contact.errors.categoryRequired","Please pick a reason.","Lütfen bir neden seçin."
"contact","contact.errors.messageRequired","Please write a message.","Lütfen bir mesaj yazın."
"contact","contact.errors.messageTooShort","Message must be at least 10 characters.","Mesaj en az 10 karakter olmalıdır."
"contact","contact.errors.messageTooLong","Message must be 5000 characters or fewer.","Mesaj en fazla 5000 karakter olabilir."
"payment","payment.confirmingTitle","Confirming your payment","Ödemeniz onaylanıyor"
"payment","payment.confirmingMessage","Hang tight — we're confirming your payment with the bank. This can take a moment; please don't close this page.","Lütfen bekleyin — ödemenizi bankayla onaylıyoruz. Bu biraz zaman alabilir; lütfen bu sayfayı kapatmayın."
"payment","payment.creditAddedTitle","Reading credit added","Okuma kredisi eklendi"
"payment","payment.creditAddedMessage","Your payment is confirmed. You now have {count, plural, one {# reading credit} other {# reading credits}}.","Ödemeniz onaylandı. Artık {count, plural, one {# okuma krediniz} other {# okuma krediniz}} var."
"payment","payment.subActiveTitle","Subscription active","Abonelik etkin"
"payment","payment.subActiveMonthly","Your monthly subscription is now active. Enjoy The Veil.","Aylık aboneliğiniz artık etkin. Perde'nin tadını çıkarın."
"payment","payment.subActiveYearly","Your yearly subscription is now active. Enjoy The Veil.","Yıllık aboneliğiniz artık etkin. Perde'nin tadını çıkarın."
"payment","payment.confirmedTitle","Payment confirmed","Ödeme onaylandı"
"payment","payment.confirmedMonthly","Your monthly subscription is active.","Aylık aboneliğiniz etkin."
"payment","payment.confirmedYearly","Your yearly subscription is active.","Yıllık aboneliğiniz etkin."
"payment","payment.confirmedWithCredits","Your payment is confirmed. You have {count, plural, one {# reading credit} other {# reading credits}}.","Ödemeniz onaylandı. {count, plural, one {# okuma krediniz} other {# okuma krediniz}} var."
"payment","payment.confirmedGeneric","Your payment is confirmed.","Ödemeniz onaylandı."
"payment","payment.failedTitle","Payment not completed","Ödeme tamamlanmadı"
"payment","payment.failedMessage","Your payment didn't go through, so nothing was charged. You can try again whenever you're ready.","Ödemeniz gerçekleşmedi, bu yüzden hesabınızdan bir şey çekilmedi. Hazır olduğunuzda tekrar deneyebilirsiniz."
"payment","payment.signedOutTitle","Sign in to view your payment","Ödemenizi görmek için giriş yapın"
"payment","payment.signedOutMessage","We couldn't read your account. Sign in to The Veil to see your latest status.","Hesabınızı okuyamadık. En son durumunuzu görmek için Perde'ye giriş yapın."
"payment","payment.processingTitle","Still confirming","Hâlâ onaylanıyor"
"payment","payment.processingMessage","Your payment is still being confirmed by the bank — this can take a little while. Your purchase will be applied automatically once it clears, and you won't be charged again. Check again below, or come back shortly; if you start a reading before it clears you may briefly be asked to subscribe — just try again in a moment.","Ödemeniz banka tarafından hâlâ onaylanıyor — bu biraz zaman alabilir. Satın alımınız onaylandığında otomatik olarak uygulanacak ve tekrar ücretlendirilmeyeceksiniz. Aşağıdan tekrar kontrol edin veya kısa süre sonra geri dönün; onaylanmadan önce bir okumaya başlarsanız kısa bir süre için abone olmanız istenebilir — birazdan tekrar deneyin."
"payment","payment.checkAgain","Check again","Tekrar kontrol et"
"payment","payment.returnLink","Return to The Veil","Perde'ye dön"
"greetings","greetings.returned","You have returned, {name}.","Geri döndünüz, {name}."
"greetings","greetings.circleComplete","The circle is complete, {name}.","Çember tamamlandı, {name}."
"greetings","greetings.fold","Welcome back to the fold, {name}.","Aramıza tekrar hoş geldiniz, {name}."
"greetings","greetings.beginsAgain","Ah. {name}. So it begins again.","Ah. {name}. Demek yeniden başlıyor."
"greetings","greetings.theyAlwaysDo","You came back, {name}. They always do.","Geri geldiniz, {name}. Hep gelirler."
"greetings","greetings.feltYouComing","We felt you coming, {name}.","Geldiğinizi hissettik, {name}."
"greetings","greetings.enterFreely","Enter freely, {name}. And of your own will.","Kendi özgür iradenizle girin, {name}. Ve kendi arzunuzla."
"greetings","greetings.othersWereWrong","The others said you wouldn't return, {name}. They were wrong.","Diğerleri dönmeyeceğinizi söyledi, {name}. Yanıldılar."
"greetings","greetings.asForetold","{name}. Again. As foretold.","{name}. Yine. Kehanette olduğu gibi."
"greetings","greetings.seatKeptWarm","Your seat was kept warm, {name}.","Yeriniz sıcak tutuldu, {name}."
"greetings","greetings.rightOnTime","Right on time, {name}. As if you had a choice.","Tam zamanında, {name}. Sanki bir seçeneğiniz varmış gibi."
"greetings","greetings.signsCorrect","The signs were correct. Welcome, {name}.","İşaretler doğruydu. Hoş geldiniz, {name}."
"greetings","greetings.somethingStirred","Something stirred when you arrived, {name}.","Siz geldiğinizde bir şeyler kıpırdandı, {name}."
"greetings","greetings.nobodyLeaves","Welcome, {name}. Nobody really leaves.","Hoş geldiniz, {name}. Aslında kimse gerçekten ayrılmaz."
"greetings","greetings.findsYouAnyway","Step into the light, {name}. Or don't. It finds you anyway.","Işığa adım atın, {name}. Ya da atmayın. O sizi zaten bulur."
"greetings","greetings.ritualResumes","The ritual resumes, {name}.","Ayin devam ediyor, {name}."
"greetings","greetings.weAlwaysKnow","{name}. We always know when you're coming.","{name}. Geleceğinizi her zaman biliriz."
"greetings","greetings.anonReturned","You have returned.","Geri döndünüz."
"greetings","greetings.anonCircleComplete","The circle is complete.","Çember tamamlandı."
"greetings","greetings.anonBeginsAgain","Ah. So it begins again.","Ah. Demek yeniden başlıyor."
"greetings","greetings.anonFeltYouComing","We felt you coming.","Geldiğinizi hissettik."
"greetings","greetings.anonNobodyLeaves","Welcome back. Nobody really leaves.","Tekrar hoş geldiniz. Aslında kimse gerçekten ayrılmaz."
"ui","ui.profileTitle","What the Veil Knows About You","[TRANSLATE] What the Veil Knows About You"
"ui","ui.profileName","The Name You Gave","[TRANSLATE] The Name You Gave"
"ui","ui.profileEmail","Your Tether to the Living","[TRANSLATE] Your Tether to the Living"
"ui","ui.profilePlan","Your Station in the Order","[TRANSLATE] Your Station in the Order"
"ui","ui.profileCredits","Fates Remaining","[TRANSLATE] Fates Remaining"
"ui","ui.profileDeck","The Cards You Trust","[TRANSLATE] The Cards You Trust"
"ui","ui.profileReader","Who Reads For You","[TRANSLATE] Who Reads For You"
"ui","ui.profileLanguage","Your Tongue","[TRANSLATE] Your Tongue"
"ui","ui.profilePassword","The Seal","[TRANSLATE] The Seal"
"ui","ui.profileBreakSeal","Break the Seal, Set a New One","[TRANSLATE] Break the Seal, Set a New One"
"ui","ui.profileForgeSeal","Forge the Seal, Set a New One","[TRANSLATE] Forge the Seal, Set a New One"
"ui","ui.profileAvatar","The Face You Wear","[TRANSLATE] The Face You Wear"
"ui","ui.profilePictureAria","Profile picture","[TRANSLATE] Profile picture"
"ui","ui.avatarTooLarge","Too heavy a likeness — keep it under 2 MB.","[TRANSLATE] Too heavy a likeness — keep it under 2 MB."
"ui","ui.avatarBadType","That form won't hold — use PNG, JPG, or WebP.","[TRANSLATE] That form won't hold — use PNG, JPG, or WebP."
"ui","ui.avatarUploadFailed","The Veil refused it. Try again.","[TRANSLATE] The Veil refused it. Try again."
