"namespace","key","English (source — do not edit)","Ukrainian (edit this column)"
"ui","ui.discoverYourFate","Discover Your Fate","Дізнайтеся свою Долю"
"ui","ui.discover","Discover","Дізнайтеся"
"ui","ui.your","Your","свою"
"ui","ui.fate","Fate","Долю"
"ui","ui.shakeDeck","Shake the Deck","Перетасувати колоду"
"ui","ui.joinTheCircle","Join the Circle of the Chosen","Приєднайтеся до Кола обраних"
"ui","ui.loading","Loading...","Завантаження..."
"ui","ui.revealYourself","Reveal Yourself","Розкрийте себе"
"ui","ui.welcome","Welcome, {name}","Вітаємо, {name}"
"ui","ui.mysticOne","Mystic One","Містик"
"ui","ui.unveilDestiny","Unveil Your Destiny, Card by Card...","Розкрийте свою долю, карта за картою..."
"ui","ui.revokeAndRetry","Revoke and Retry","Скасувати та спробувати знову"
"ui","ui.unveilAnotherFate","Unveil Another Fate","Відкрити іншу долю"
"ui","ui.backToSanctum","Back to the Sanctum","Повернутися до Святилища"
"ui","ui.cardsHaveSpoken","The Cards Have Spoken","Карти промовили"
"ui","ui.cardsStillSilent","The cards are still silent...","Карти ще мовчать..."
"ui","ui.stepThroughTheVeil","Step Through the Veil","Переступіть Завісу"
"ui","ui.gateAnonTitle","The Veil Has Closed","Завіса Зімкнулася"
"ui","ui.gateAnonBody","One glimpse is all the spirits grant a wandering soul. To part the veil again, you must first be known to us.","Мандрівній душі духи дарують лише один погляд. Щоб знову відхилити завісу, вам потрібно відкритися нам."
"ui","ui.gateAnonCta","Step Through the Veil","Переступіть Завісу"
"ui","ui.gateFreeTitle","The Spirits Ask for Tribute","Духи Просять Пожертву"
"ui","ui.gateFreeBody","Tonight's fates are spent. Deeper visions are not given freely — offer tribute, and the cards will speak again.","Сьогоднішні долі вичерпано. Глибші видіння не даються задарма — принесіть пожертву, і карти заговорять знову."
"ui","ui.gateFreeCta","Offer Tribute","Принести Пожертву"
"ui","ui.yourMysticProfile","Your Mystic Profile","Ваш містичний профіль"
"ui","ui.chooseYourPath","Choose Your Path","Оберіть свій шлях"
"ui","ui.oneReadingAtATime","One reading at a time, or unlimited every day.","Одне ворожіння за раз або безліміт щодня."
"ui","ui.mostPopular","Most popular","Найпопулярніший"
"ui","ui.currentPlanBtn","Current plan","Поточний тариф"
"ui","ui.includedBtn","Included","Включено"
"ui","ui.comingSoon","Coming soon","Скоро"
"ui","ui.subscribeBtn","Subscribe","Оформити підписку"
"ui","ui.buyReadingBtn","Buy a reading","Купити розклад"
"ui","ui.processingBtn","Processing…","Обробка…"
"ui","ui.paymentStartFailed","Something went wrong starting your payment. Please try again.","Не вдалося розпочати оплату. Будь ласка, спробуйте ще раз."
"ui","ui.paymentsLaunchingSoon","Payments launching soon","Оплата з'явиться незабаром"
"ui","ui.termsOfService","Terms of Service","Умови використання"
"ui","ui.privacyPolicy","Privacy Policy","Політика конфіденційності"
"ui","ui.cookiePolicy","Cookie Policy","Політика використання cookie"
"ui","ui.refundPolicy","Refund Policy","Політика повернення коштів"
"ui","ui.cookieSettings","Cookie settings","Налаштування cookie"
"ui","ui.contact","Contact","Контакти"
"ui","ui.cookieBannerAriaLabel","Cookie consent","Згода на використання cookie"
"ui","ui.cookieBannerMessage","We use cookies to keep you signed in and, with your consent, to understand how The Veil is used.","Ми використовуємо cookie, щоб ви залишалися авторизованими, та — за вашою згодою — щоб розуміти, як використовується Завіса."
"ui","ui.cookieBannerLearnMore","Learn more","Дізнатися більше"
"ui","ui.cookieBannerAccept","Accept","Прийняти"
"ui","ui.cookieBannerReject","Reject","Відхилити"
"ui","ui.initiation","Initiation","Посвячення"
"ui","ui.name","Name","Ім'я"
"ui","ui.email","Email","Ел. пошта"
"ui","ui.currentPlan","Current plan","Поточний тариф"
"ui","ui.credits","Reading Credits","Кредити розкладів"
"ui","ui.password","Password","Пароль"
"ui","ui.save","Save","Зберегти"
"ui","ui.saving","Saving...","Збереження..."
"ui","ui.cancel","Cancel","Скасувати"
"ui","ui.changePassword","Change password","Змінити пароль"
"ui","ui.setPassword","Set password","Встановити пароль"
"ui","ui.slipIntoShadows","Slip Into the Shadows","Зникнути в тінях"
"ui","ui.currentPasswordPlaceholder","Current password","Поточний пароль"
"ui","ui.newPasswordPlaceholder","New password","Новий пароль"
"ui","ui.confirmPasswordPlaceholder","Confirm new password","Підтвердьте новий пароль"
"ui","ui.nameCannotBeEmpty","Name cannot be empty","Ім'я не може бути порожнім"
"ui","ui.failedToUpdateName","Failed to update name","Не вдалося оновити ім'я"
"ui","ui.passwordMinLength","Password must be at least 8 characters","Пароль має містити щонайменше 8 символів"
"ui","ui.passwordsDoNotMatch","Passwords do not match","Паролі не збігаються"
"ui","ui.failedToUpdatePassword","Failed to update password","Не вдалося оновити пароль"
"ui","ui.passwordUpdated","Password updated","Пароль оновлено"
"ui","ui.whatShallWeCallYou","What Shall We Call You?","Як до вас звертатися?"
"ui","ui.pledgeYourSoul","Pledge Your Soul (Or Just Your Email)","Віддайте свою душу (або просто вкажіть email)"
"ui","ui.enchantedPhrase","Enchanted Phrase","Заклинання-пароль"
"ui","ui.iAgreeTo","I agree to the","Я погоджуюсь із"
"ui","ui.and","and","та"
"ui","ui.agreeToTerms","I agree to the {terms} and {privacy}.","Я погоджуюсь із {terms} та {privacy}."
"ui","ui.acceptTermsError","Please accept the Terms of Service and Privacy Policy to continue.","Будь ласка, прийміть Умови використання та Політику конфіденційності, щоб продовжити."
"ui","ui.invalidCredentials","Invalid email or password","Невірний email або пароль"
"ui","ui.somethingWentWrong","Something went wrong. Please try again.","Щось пішло не так. Спробуйте ще раз."
"ui","ui.channeling","Channeling...","Зв'язуємось із духами..."
"ui","ui.beginTheRitual","Begin the Ritual","Розпочати ритуал"
"ui","ui.completeTheRitual","Complete the Ritual","Завершити ритуал"
"ui","ui.letGoogleSpeak","Let Google Speak Your Name","Нехай Google назве ваше ім'я"
"ui","ui.alreadyInitiated","Already initiated? Enter the Sanctum","Уже посвячені? Увійдіть до Святилища"
"ui","ui.newToTheCraft","New to the craft? Join the Circle of the Chosen","Вперше тут? Приєднайтеся до Кола обраних"
"ui","ui.drawThreeCards","Draw three cards to receive your reading.","Витягніть три карти, щоб отримати передбачення."
"ui","ui.spiritsUnclear","The spirits are unclear. Please draw again.","Духи не ясні. Будь ласка, витягніть карти знову."
"ui","ui.language","Language","Мова"
"ui","ui.deck","Deck","Колода"
"ui","ui.chooseDeck","Choose Your Deck","Оберіть свою колоду"
"ui","ui.deckRiderWaite","Rider-Waite","Райдер-Вейт"
"ui","ui.deckKlimt","Klimt","Клімт"
"ui","ui.deckGothicVintage","Gothic Vintage","Готичний вінтаж"
"ui","ui.selected","Selected","Обрано"
"ui","ui.selectDeck","Select","Обрати"
"ui","ui.signInToSelectDeck","Sign in to choose your deck","Увійдіть, щоб обрати колоду"
"ui","ui.chooseYourReader","Choose Who Reads For You","Оберіть, хто читає для вас"
"ui","ui.readerSelectionSubtitle","Three readers wait in the dark. They will not introduce themselves — you must choose.","Троє тарологів чекають у темряві. Вони не представляться — ви маєте обрати самі."
"ui","ui.hoverToLearn","Hover a reader to learn their nature.","Наведіть на таролога, щоб дізнатися його суть."
"ui","ui.summonReader","Summon {name}","Призвати {name}"
"ui","ui.yourReaderIs","Your Reader","Ваш таролог"
"ui","ui.changeYourReader","Change Your Reader","Змінити таролога"
"ui","ui.beginInitiation","Begin Initiation","Розпочати посвячення"
"ui","ui.reader","Reader","Таролог"
"ui","ui.chooseReader","Choose Your Reader","Оберіть таролога"
"ui","ui.deleteAccountHeading","The Point of No Return","Точка Неповернення"
"ui","ui.deleteAccountTrigger","Break the Pact","Розірвати Пакт"
"ui","ui.deleteAccountWarning","This will permanently erase your account, reading history, deck and reader preferences, subscription record, and any linked sign-in providers. This action cannot be undone.","Це назавжди видалить ваш обліковий запис, історію ворожінь, налаштування колоди та таролога, дані про підписку та всі пов'язані способи входу. Цю дію неможливо скасувати."
"ui","ui.deleteAccountConfirmLabel","Type DELETE to confirm","Введіть DELETE для підтвердження"
"ui","ui.deleteAccountConfirmPlaceholder","DELETE","DELETE"
"ui","ui.deleteAccountButton","Burn the pact forever","Спалити пакт назавжди"
"ui","ui.deleteAccountCancel","Cancel","Скасувати"
"ui","ui.deleteAccountSubmitting","Burning the pact...","Спалюємо пакт..."
"ui","ui.deleteAccountError","Something went wrong. Please contact privacy@nothingweird.agency","Щось пішло не так. Будь ласка, зв'яжіться з privacy@nothingweird.agency"
"ui","ui.deleteAccountEmailSubject","[theveil] Account deleted","[theveil] Обліковий запис видалено"
"ui","ui.deleteAccountEmailBody","Your account at The Veil has been permanently deleted. This action is irreversible. If you did not request this, contact privacy@nothingweird.agency.","Ваш обліковий запис у The Veil остаточно видалено. Цю дію неможливо скасувати. Якщо ви цього не робили, зв'яжіться з privacy@nothingweird.agency."
"ui","ui.renewsOn","Renews on {date}","Поновлюється {date}"
"ui","ui.accessUntil","Access until {date}","Доступ до {date}"
"ui","ui.renewal","Renewal","Поновлення"
"ui","ui.cancelSubscription","Cancel subscription","Скасувати підписку"
"ui","ui.resumeSubscription","Resume subscription","Відновити підписку"
"ui","ui.cancelSubscriptionConfirm","Cancel auto-renew? You'll keep access until the end of your paid period.","Скасувати автоматичне поновлення? Ви збережете доступ до кінця оплаченого періоду."
"ui","ui.notFound.title","The veil is closed here","Завіса тут зачинена"
"ui","ui.notFound.description","This page has slipped beyond the veil. Return to the circle and try another path.","Ця сторінка зникла за завісою. Поверніться в коло і спробуйте інший шлях."
"ui","ui.notFound.backHome","Back to the sanctum","Назад до святилища"
"cards","cards.arcana-0","The Fool","Дурень"
"cards","cards.arcana-1","The Magician","Маг"
"cards","cards.arcana-2","The High Priestess","Верховна Жриця"
"cards","cards.arcana-3","The Empress","Імператриця"
"cards","cards.arcana-4","The Emperor","Імператор"
"cards","cards.arcana-5","The Hierophant","Ієрофант"
"cards","cards.arcana-6","The Lovers","Закохані"
"cards","cards.arcana-7","The Chariot","Колісниця"
"cards","cards.arcana-8","Justice","Справедливість"
"cards","cards.arcana-9","The Hermit","Відлюдник"
"cards","cards.arcana-10","Wheel of Fortune","Колесо Фортуни"
"cards","cards.arcana-11","Strength","Сила"
"cards","cards.arcana-12","The Hanged Man","Повішений"
"cards","cards.arcana-13","Death","Смерть"
"cards","cards.arcana-14","Temperance","Поміркованість"
"cards","cards.arcana-15","The Devil","Диявол"
"cards","cards.arcana-16","The Tower","Вежа"
"cards","cards.arcana-17","The Star","Зірка"
"cards","cards.arcana-18","The Moon","Місяць"
"cards","cards.arcana-19","The Sun","Сонце"
"cards","cards.arcana-20","Judgement","Суд"
"cards","cards.arcana-21","The World","Світ"
"cards","cards.chalices-1","Ace of Chalices","Туз Кубків"
"cards","cards.chalices-2","Two of Chalices","Двійка Кубків"
"cards","cards.chalices-3","Three of Chalices","Трійка Кубків"
"cards","cards.chalices-4","Four of Chalices","Четвірка Кубків"
"cards","cards.chalices-5","Five of Chalices","П'ятірка Кубків"
"cards","cards.chalices-6","Six of Chalices","Шістка Кубків"
"cards","cards.chalices-7","Seven of Chalices","Сімка Кубків"
"cards","cards.chalices-8","Eight of Chalices","Вісімка Кубків"
"cards","cards.chalices-9","Nine of Chalices","Дев'ятка Кубків"
"cards","cards.chalices-10","Ten of Chalices","Десятка Кубків"
"cards","cards.chalices-page","Page of Chalices","Паж Кубків"
"cards","cards.chalices-knight","Knight of Chalices","Лицар Кубків"
"cards","cards.chalices-queen","Queen of Chalices","Королева Кубків"
"cards","cards.chalices-king","King of Chalices","Король Кубків"
"cards","cards.swords-1","Ace of Swords","Туз Мечів"
"cards","cards.swords-2","Two of Swords","Двійка Мечів"
"cards","cards.swords-3","Three of Swords","Трійка Мечів"
"cards","cards.swords-4","Four of Swords","Четвірка Мечів"
"cards","cards.swords-5","Five of Swords","П'ятірка Мечів"
"cards","cards.swords-6","Six of Swords","Шістка Мечів"
"cards","cards.swords-7","Seven of Swords","Сімка Мечів"
"cards","cards.swords-8","Eight of Swords","Вісімка Мечів"
"cards","cards.swords-9","Nine of Swords","Дев'ятка Мечів"
"cards","cards.swords-10","Ten of Swords","Десятка Мечів"
"cards","cards.swords-page","Page of Swords","Паж Мечів"
"cards","cards.swords-knight","Knight of Swords","Лицар Мечів"
"cards","cards.swords-queen","Queen of Swords","Королева Мечів"
"cards","cards.swords-king","King of Swords","Король Мечів"
"cards","cards.pentacles-1","Ace of Pentacles","Туз Пентаклів"
"cards","cards.pentacles-2","Two of Pentacles","Двійка Пентаклів"
"cards","cards.pentacles-3","Three of Pentacles","Трійка Пентаклів"
"cards","cards.pentacles-4","Four of Pentacles","Четвірка Пентаклів"
"cards","cards.pentacles-5","Five of Pentacles","П'ятірка Пентаклів"
"cards","cards.pentacles-6","Six of Pentacles","Шістка Пентаклів"
"cards","cards.pentacles-7","Seven of Pentacles","Сімка Пентаклів"
"cards","cards.pentacles-8","Eight of Pentacles","Вісімка Пентаклів"
"cards","cards.pentacles-9","Nine of Pentacles","Дев'ятка Пентаклів"
"cards","cards.pentacles-10","Ten of Pentacles","Десятка Пентаклів"
"cards","cards.pentacles-page","Page of Pentacles","Паж Пентаклів"
"cards","cards.pentacles-knight","Knight of Pentacles","Лицар Пентаклів"
"cards","cards.pentacles-queen","Queen of Pentacles","Королева Пентаклів"
"cards","cards.pentacles-king","King of Pentacles","Король Пентаклів"
"cards","cards.wands-1","Ace of Wands","Туз Жезлів"
"cards","cards.wands-2","Two of Wands","Двійка Жезлів"
"cards","cards.wands-3","Three of Wands","Трійка Жезлів"
"cards","cards.wands-4","Four of Wands","Четвірка Жезлів"
"cards","cards.wands-5","Five of Wands","П'ятірка Жезлів"
"cards","cards.wands-6","Six of Wands","Шістка Жезлів"
"cards","cards.wands-7","Seven of Wands","Сімка Жезлів"
"cards","cards.wands-8","Eight of Wands","Вісімка Жезлів"
"cards","cards.wands-9","Nine of Wands","Дев'ятка Жезлів"
"cards","cards.wands-10","Ten of Wands","Десятка Жезлів"
"cards","cards.wands-page","Page of Wands","Паж Жезлів"
"cards","cards.wands-knight","Knight of Wands","Лицар Жезлів"
"cards","cards.wands-queen","Queen of Wands","Королева Жезлів"
"cards","cards.wands-king","King of Wands","Король Жезлів"
"readings","readings.arcana-0.keywords","beginnings, innocence, spontaneity, free spirit","початок, невинність, спонтанність, вільний дух"
"readings","readings.arcana-0.meaning","The Fool stands at the edge of a cliff with nothing but trust. New beginnings, a blank page, a step into the unknown. Something is about to start — and it asks you not to overthink it.","Дурень стоїть на краю урвища, маючи лише довіру. Новий початок, чиста сторінка, крок у невідоме. Щось ось-ось почнеться — і просить не обмірковувати все занадто."
"readings","readings.arcana-0.past","There was a leap — a moment when you chose the unknown over the safe. That decision, reckless or brave, set everything in motion.","Був стрибок — мить, коли невідомість переважила безпеку. Це рішення, безрозсудне чи сміливе, запустило все в рух."
"readings","readings.arcana-0.present","A fresh start is calling. The details aren't clear yet, and that's the point. Stop planning and take the step.","Зве новий початок. Деталі ще не ясні, і в цьому суть. Досить планувати — час зробити крок."
"readings","readings.arcana-0.future","Something entirely new is coming. You won't be able to prepare for it — and you won't need to. Meet it with open hands.","Попереду щось цілком нове. Підготуватися до цього не вдасться — і не потрібно. Зустрічати з відкритими руками."
"readings","readings.arcana-1.keywords","manifestation, willpower, skill, resourcefulness","втілення, сила волі, майстерність, винахідливість"
"readings","readings.arcana-1.meaning","The Magician has every tool on the table and knows exactly how to use them. This is about focus, skill, and turning intention into action. You have what you need — now use it.","У Мага на столі всі інструменти, і він знає, як користуватися кожним. Тут мова про зосередження, майстерність і перетворення наміру на дію. Усе потрібне вже є — час застосувати."
"readings","readings.arcana-1.past","A time when everything clicked — skill met opportunity and something real was created. That ability hasn't gone anywhere.","Час, коли все склалося — майстерність зустріла можливість, і народилося щось справжнє. Ця здатність нікуди не зникла."
"readings","readings.arcana-1.present","All the pieces are in front of you. This is not the time for doubt or hesitation — it's the time to act with precision.","Усі елементи перед тобою. Зараз не час для сумнівів і вагань — час діяти точно."
"readings","readings.arcana-1.future","A moment is coming when your skills will be tested and proven. What you've been learning is about to become very useful.","Наближається мить, коли твої навички будуть випробувані та доведені. Те, чого ти навчаєшся, скоро стане дуже корисним."
"readings","readings.arcana-2.keywords","intuition, mystery, inner knowledge, subconscious","інтуїція, таємниця, внутрішнє знання, підсвідомість"
"readings","readings.arcana-2.meaning","The High Priestess sits between what's seen and what's hidden. She doesn't speak loudly — she doesn't need to. The answer is already inside you, waiting for you to get quiet enough to hear it.","Верховна Жриця сидить між видимим і прихованим. Вона не говорить голосно — не потребує. Відповідь уже всередині, треба лише достатньо затихнути, щоб почути."
"readings","readings.arcana-2.past","There was a time you knew something without knowing how. That gut feeling guided you well. You've second-guessed your intuition since — don't.","Був час, коли інтуїція говорила ясно — і довіра їй виявилася правильною. Після того ти звикаєш сумніватися в собі — даремно."
"readings","readings.arcana-2.present","Stop looking for answers outside yourself. The information you need is already here — in your gut, in your dreams, in the silence between thoughts.","Не шукай відповідей назовні. Потрібна інформація вже тут — у відчуттях, у снах, у тиші між думками."
"readings","readings.arcana-2.future","Something hidden will surface. Not through effort, but through stillness. Pay attention to what comes to you unbidden.","Приховане вийде на поверхню. Не через зусилля, а через спокій. Звертай увагу на те, що приходить само."
"readings","readings.arcana-3.keywords","abundance, nurturing, fertility, creativity","достаток, турбота, плодючість, творчість"
"readings","readings.arcana-3.meaning","The Empress is the garden in full bloom. She represents growth, sensuality, and the kind of creation that comes from tending something with care. What you nurture will thrive.","Імператриця — це сад у повному цвітінні. Вона уособлює зростання, чуттєвість і творення, що народжується з дбайливості. Те, про що ти дбаєш, процвітатиме."
"readings","readings.arcana-3.past","A fertile period — something was growing and you helped it along. That nurturing energy, whether directed at a person or a project, produced something lasting.","Плодючий період — щось зростало, і ти допомагав цьому зростанню. Та турбота, до людини чи до справи, принесла щось тривале."
"readings","readings.arcana-3.present","Create. Tend. Nourish. Whatever you give your attention to right now will grow. This is not a time for austerity — let things be lush.","Створюй. Плекай. Живи. Те, чому ти зараз приділяєш увагу, зростатиме. Не час для скнарості — нехай буде буйно."
"readings","readings.arcana-3.future","Abundance is building. Something you've been caring for is about to reward that patience. The harvest is closer than you think.","Достаток накопичується. Те, про що давно дбаєш, ось-ось винагородить твоє терпіння. Жнива ближче, ніж здається."
"readings","readings.arcana-4.keywords","authority, structure, stability, discipline","влада, структура, стабільність, дисципліна"
"readings","readings.arcana-4.meaning","The Emperor builds order from chaos. Stone walls, clear rules, a firm hand. This card is about taking control — not emotionally, but structurally. Set the boundary. Make the decision.","Імператор створює лад із хаосу. Кам'яні стіни, чіткі правила, тверда рука. Ця карта про те, щоб узяти управління — не емоційно, а структурно. Встанови межу. Прийми рішення."
"readings","readings.arcana-4.past","Structure was imposed — by you or on you. A father figure, a system, a set of rules shaped how you operate. That framework still holds weight.","Структура була накладена — тобою або на тебе. Батьківська фігура, система, набір правил сформували твій спосіб дії. Ця основа досі має вагу."
"readings","readings.arcana-4.present","The situation needs leadership, not discussion. Establish order. Be the one who draws the line and holds it.","Ситуація потребує лідерства, а не обговорень. Встанови лад. Будь тим, хто проводить межу і тримає її."
"readings","readings.arcana-4.future","You're moving toward a position of greater authority. The discipline you practice now is building something solid for later.","Рухаєшся до позиції більшої влади. Дисципліна, яку практикуєш зараз, будує щось міцне на майбутнє."
"readings","readings.arcana-5.keywords","tradition, guidance, conformity, mentorship","традиція, настанова, узгодження, наставництво"
"readings","readings.arcana-5.meaning","The Hierophant represents the wisdom that comes through lineage — teachers, traditions, institutions. Sometimes you need to learn the rules before you break them. This card says: find the teacher.","Ієрофант уособлює мудрість, що передається через лінію — учителів, традиції, інституції. Іноді треба вивчити правила, перш ніж їх порушувати. Ця карта каже: знайди вчителя."
"readings","readings.arcana-5.past","A mentor, a tradition, or a belief system gave you a foundation. Whether you still follow it or pushed against it, it shaped your path.","Наставник, традиція або система вірувань дали тобі основу. Незалежно від того, чи ти досі слідуєш їй, чи відштовхнувся від неї, вона сформувала твій шлях."
"readings","readings.arcana-5.present","Seek guidance from someone who has walked this road before. There's no shame in learning from established wisdom — not everything needs to be reinvented.","Шукай настанови в того, хто вже пройшов цим шляхом. Немає сорому в тому, щоб учитися у сталої мудрості — не все треба винаходити наново."
"readings","readings.arcana-5.future","You'll be called to pass on what you know. The role of teacher or guide is forming ahead of you, whether you planned for it or not.","Тебе покличуть передати те, що знаєш. Роль учителя чи провідника формується попереду, чи планував ти це, чи ні."
"readings","readings.arcana-6.keywords","love, choice, union, values","любов, вибір, союз, цінності"
"readings","readings.arcana-6.meaning","The Lovers is less about romance and more about choice. Two paths, two forces, two truths — and you must choose. The real question: what do you value enough to commit to?","Закохані — менше про романтику і більше про вибір. Два шляхи, дві сили, дві істини — і треба обрати. Справжнє питання: що цінуєш настільки, щоб зобов'язатися?"
"readings","readings.arcana-6.past","A defining choice was made — one that aligned you with someone or something at a deep level. That decision still echoes.","Був прийнятий визначальний вибір — той, що з'єднав тебе з кимось або чимось на глибокому рівні. Те рішення досі відлунює."
"readings","readings.arcana-6.present","You're facing a choice that touches who you are at the core. Don't choose what's easy. Choose what's true.","Перед тобою вибір, що зачіпає саму суть. Не обирай легкого. Обирай істинного."
"readings","readings.arcana-6.future","A significant union or decision is approaching. It will ask you to be honest about what you actually want — not what you think you should want.","Наближається значущий союз або рішення. Воно вимагатиме чесності щодо того, чого ти дійсно хочеш — а не того, що ніби повинен хотіти."
"readings","readings.arcana-7.keywords","determination, willpower, victory, control","рішучість, сила волі, перемога, контроль"
"readings","readings.arcana-7.meaning","The Chariot moves forward through sheer force of will. Two opposing forces, one driver. This isn't gentle progress — it's controlled aggression toward a goal. Hold the reins tight.","Колісниця рухається вперед чистою силою волі. Дві протилежні сили, один візник. Це не м'який поступ — це контрольована агресія до мети. Тримай поводи міцно."
"readings","readings.arcana-7.past","You pushed through something by sheer determination. The victory wasn't handed to you — you wrestled it into existence.","Ти продерся крізь щось завдяки чистій рішучості. Перемога не дісталася просто так — її треба було виборювати."
"readings","readings.arcana-7.present","Conflict is pulling you in two directions. The only way forward is to master both forces and drive. Hesitate and you stall.","Конфлікт тягне у два боки. Єдиний шлях уперед — оволодіти обома силами і керувати ними. Завагайся — і застрягнеш."
"readings","readings.arcana-7.future","A breakthrough is coming, but it won't be effortless. You'll need every ounce of focus and willpower. The good news: you have it.","Прорив наближається, але не без зусиль. Знадобиться кожна унція зосередженості й волі. Добра новина: вони в тебе є."
"readings","readings.arcana-8.keywords","justice, fairness, truth, accountability","справедливість, чесність, істина, відповідальність"
"readings","readings.arcana-8.meaning","Justice holds the scales and the sword. This is about cause and effect, plain and simple. What you put out comes back. The truth will be weighed — and the verdict will be fair.","Справедливість тримає терези й меч. Це про причину й наслідок, без прикрас. Що віддаєш — те й повертається. Істину зважать — і вердикт буде справедливим."
"readings","readings.arcana-8.past","A decision was made that balanced the scales. Something was settled — fairly or not — and the consequences played out as they should.","Було прийнято рішення, що врівноважило терези. Щось розв'язалося — справедливо чи ні — і наслідки зіграли свою роль."
"readings","readings.arcana-8.present","Be honest. With yourself, with others. A situation demands fairness and clear-eyed truth. The scales are watching.","Будь чесним. Із собою, з іншими. Ситуація вимагає справедливості й ясної істини. Терези дивляться."
"readings","readings.arcana-8.future","A reckoning is coming — not punishment, but balance. What's been out of alignment will be corrected. Trust the process.","Наближається розплата — не покарання, а рівновага. Те, що було не в лад, виправиться. Довіряй процесу."
"readings","readings.arcana-9.keywords","solitude, introspection, guidance, wisdom","самотність, самоаналіз, провід, мудрість"
"readings","readings.arcana-9.meaning","The Hermit climbs alone, lantern in hand. This isn't loneliness — it's chosen solitude. Sometimes the answers only come when you step away from the noise and walk your own path for a while.","Відлюдник сходить наодинці, з ліхтарем у руці. Це не самотність — це обрана самота. Іноді відповіді приходять лише тоді, коли вдалині від шуму ідеш власною стежкою."
"readings","readings.arcana-9.past","A period of withdrawal taught you something no one else could. That time alone — voluntary or not — gave you clarity you still carry.","Період усамітнення навчив чогось, чого ніхто інший не міг навчити. Той час наодинці — добровільний чи ні — дав ясність, яку ти досі несеш."
"readings","readings.arcana-9.present","Pull back. The crowd doesn't have your answers right now. Take the lantern and go inward. What you find in the silence will be worth the solitude.","Відійди. Натовп не має твоїх відповідей. Візьми ліхтар і йди всередину. Те, що знайдеш у тиші, варте самоти."
"readings","readings.arcana-9.future","A period of necessary solitude is ahead. It may not feel comfortable, but it will give you the clarity you've been missing.","Попереду необхідний період усамітнення. Може бути некомфортно, але це дасть ясність, якої бракувало."
"readings","readings.arcana-10.keywords","cycles, fate, turning point, change","цикли, доля, поворотний момент, зміна"
"readings","readings.arcana-10.meaning","The Wheel turns — always has, always will. What's up comes down, what's down comes up. This card is a reminder that nothing is permanent. The only constant is the turning itself.","Колесо обертається — так було й буде завжди. Що вгорі — опускається, що внизу — піднімається. Ця карта нагадує: ніщо не постійне. Постійним є лише сам оберт."
"readings","readings.arcana-10.past","A major shift changed everything — fortune turned and your circumstances flipped. That cycle completed itself whether you were ready or not.","Великий зсув усе змінив — доля повернулася, обставини перекинулися. Той цикл завершився, готовий ти був чи ні."
"readings","readings.arcana-10.present","Things are in motion. You can't stop the wheel, but you can choose how you ride it. Something is shifting right now.","Усе в русі. Колесо не зупинити, але можна обрати, як на ньому їхати. Щось зміщується просто зараз."
"readings","readings.arcana-10.future","A turn of fate is approaching. Luck, circumstance, timing — something is about to rotate in your favor. Be ready to move.","Наближається поворот долі. Удача, обставини, час — щось ось-ось обернеться на користь. Будь готовий діяти."
"readings","readings.arcana-11.keywords","courage, patience, inner strength, compassion","сміливість, терпіння, внутрішня сила, співчуття"
"readings","readings.arcana-11.meaning","Strength isn't the lion — it's the woman with her hands on its jaws. Quiet power, gentle control, the kind of courage that doesn't need to roar. Master yourself before you try to master anything else.","Сила — не лев, а жінка, чиї руки на його пащі. Тиха влада, м'який контроль, сміливість, що не потребує ричати. Оволодій собою, перш ніж володіти чимось ще."
"readings","readings.arcana-11.past","You faced something that required deep inner strength — not force, but endurance. That quiet courage got you through.","Ти стикався з чимось, що вимагало глибокої внутрішньої сили — не натиску, а витримки. Та тиха сміливість провела тебе."
"readings","readings.arcana-11.present","The situation calls for patience, not power. Meet the challenge gently but firmly. You're stronger than the thing you're afraid of.","Ситуація потребує терпіння, а не сили. Зустрічай виклик м'яко, але твердо. Ти сильніший за те, чого боїшся."
"readings","readings.arcana-11.future","You'll be tested — not by an external enemy, but by your own impulses. The strength you need is already inside you. Trust it.","Тебе випробують — не зовнішнім ворогом, а власними імпульсами. Сила, яка потрібна, вже всередині. Довіряй їй."
"readings","readings.arcana-12.keywords","surrender, new perspective, letting go, pause","прийняття, нова перспектива, відпускання, пауза"
"readings","readings.arcana-12.meaning","The Hanged Man hangs by choice. The world looks different upside down — and that's the point. This is voluntary suspension, a pause that changes everything. Stop struggling and see what the stillness shows you.","Повішений висить за власним вибором. Світ виглядає інакше догори ногами — і в цьому сенс. Це добровільне зависання, пауза, що все змінює. Перестань борсатися й подивися, що покаже нерухомість."
"readings","readings.arcana-12.past","A period of waiting or sacrifice shifted your entire perspective. What felt like stagnation was actually transformation in disguise.","Період чекання чи жертви змінив усю перспективу. Те, що здавалося застоєм, насправді було прихованою трансформацією."
"readings","readings.arcana-12.present","Let go of the need to act. The answer comes when you stop chasing it. Surrender isn't defeat — it's strategy.","Відпусти потребу діяти. Відповідь приходить, коли перестаєш її переслідувати. Здатися — не поразка, а стратегія."
"readings","readings.arcana-12.future","A pause is coming. It will feel frustrating, but it's necessary. What you see from this new angle will change your approach entirely.","Наближається пауза. Буде дратівливо, але потрібно. Те, що побачиш під новим кутом, повністю змінить підхід."
"readings","readings.arcana-13.keywords","endings, transformation, transition, release","завершення, трансформація, перехід, звільнення"
"readings","readings.arcana-13.meaning","Death clears the field. Not destruction for its own sake — but the necessary ending that makes room for what's next. Something must die for something new to live. Let it go.","Смерть розчищає поле. Не руйнування заради руйнування — а необхідне завершення, що звільняє місце для наступного. Щось має померти, щоб нове народилося. Відпусти."
"readings","readings.arcana-13.past","Something ended — a relationship, an identity, a chapter. It hurt. But look at what grew in the space it left.","Щось скінчилося — стосунки, роль, розділ. Було боляче. Але поглянь на те, що виросло на тому місці."
"readings","readings.arcana-13.present","A transformation is underway. Resist it and you suffer longer. The thing that's ending has served its purpose. Release it with respect.","Триває трансформація. Опиратимешся — страждатимеш довше. Те, що закінчується, виконало своє. Відпусти з повагою."
"readings","readings.arcana-13.future","A significant ending is ahead. It's not a tragedy — it's a threshold. What follows will be worth what you leave behind.","Попереду значуще завершення. Це не трагедія — це поріг. Те, що прийде слідом, буде варте того, що залишиш позаду."
"readings","readings.arcana-14.keywords","balance, moderation, patience, purpose","рівновага, поміркованість, терпіння, мета"
"readings","readings.arcana-14.meaning","Temperance pours water between two cups — back and forth, never spilling. This is the art of balance, of blending opposites, of finding the middle way. Patience and moderation will get you further than force.","Поміркованість переливає воду між двома чашами — туди й сюди, ніколи не проливаючи. Це мистецтво рівноваги, змішування протилежностей, знаходження середнього шляху. Терпіння й міра проведуть далі, ніж сила."
"readings","readings.arcana-14.past","A period of finding balance after extremes. You learned — maybe the hard way — that the middle path works better than the edges.","Період віднайдення рівноваги після крайнощів. Ти навчився — можливо, непросто — що середній шлях працює краще за край."
"readings","readings.arcana-14.present","Easy does it. Whatever you're dealing with needs a measured approach, not a dramatic one. Blend, don't force.","Тихо й плавно. Те, з чим маєш справу, потребує виваженого підходу, а не драматичного. Змішуй, а не форсуй."
"readings","readings.arcana-14.future","Harmony is building. The opposing forces in your life are moving toward integration. Give it time — the alchemy takes patience.","Гармонія будується. Протилежні сили в житті рухаються до інтеграції. Дай час — алхімія вимагає терпіння."
"readings","readings.arcana-15.keywords","shadow, bondage, materialism, attachment","тінь, прив'язаність, матеріалізм, залежність"
"readings","readings.arcana-15.meaning","The Devil shows you the chains you chose to wear. Addiction, obsession, toxic patterns — they look comfortable until you realize you can't leave. The chains are loose. You could take them off. Will you?","Диявол показує ланцюги, які ти сам обрав носити. Залежність, одержимість, токсичні шаблони — вони виглядають зручними, доки не усвідомлюєш, що не можеш піти. Ланцюги неміцні. Ти можеш їх зняти. Чи зробиш?"
"readings","readings.arcana-15.past","A pattern of attachment held you — a habit, a relationship, a belief that kept you small. Recognizing the cage was the first step out.","Шаблон прив'язаності тримав тебе — звичка, стосунки, переконання, що робили тебе меншим. Розпізнати клітку було першим кроком із неї."
"readings","readings.arcana-15.present","Something has more power over you than it should. A craving, a fear, a comfortable trap. Name it honestly. The chains aren't locked.","Щось має над тобою більше влади, ніж повинно. Жадоба, страх, зручна пастка. Назви чесно. Ланцюги не зачинені."
"readings","readings.arcana-15.future","Be watchful. An attachment or temptation is approaching that will feel good in the short term and cost you in the long run. You'll know it when you see it.","Будь пильним. Наближається прив'язаність чи спокуса, яка смакуватиме в короткій перспективі й дорого коштуватиме в довгій. Ти впізнаєш її, коли побачиш."
"readings","readings.arcana-16.keywords","upheaval, revelation, sudden change, breakdown","потрясіння, одкровення, раптова зміна, крах"
"readings","readings.arcana-16.meaning","The Tower gets struck by lightning and everything comes down. This isn't gentle change — it's the kind that shatters what was built on a shaky foundation. It's brutal. It's also necessary.","У Вежу б'є блискавка, і все валиться. Це не м'яка зміна — це та, що розбиває збудоване на хиткій основі. Брутально. І необхідно."
"readings","readings.arcana-16.past","Something collapsed suddenly — a belief, a structure, a relationship. It was devastating at the time. It was also the most honest thing that could have happened.","Щось раптово впало — переконання, структура, стосунки. На той момент було руйнівно. І водночас — найчесніше, що могло статися."
"readings","readings.arcana-16.present","Things are falling apart. Let them. What crumbles now wasn't solid to begin with. The destruction is clearing the ground for something real.","Усе розвалюється. Хай розвалюється. Те, що зараз падає, не було міцним із самого початку. Руйнація розчищає ґрунт для справжнього."
"readings","readings.arcana-16.future","A sudden disruption is ahead. You can't prevent it, but you can choose what you build afterward. The old structure won't survive — and that's the point.","Попереду раптовий збій. Ти не можеш його відвернути, але можеш обрати, що будувати після. Стара структура не вистоїть — у цьому й суть."
"readings","readings.arcana-17.keywords","hope, faith, renewal, inspiration","надія, віра, оновлення, натхнення"
"readings","readings.arcana-17.meaning","The Star comes after the Tower — calm after the storm. Naked, vulnerable, pouring water onto the earth and into the pool. This is quiet hope, the kind that returns when the worst is over.","Зірка приходить після Вежі — спокій після бурі. Оголена, вразлива, виливає воду на землю й у водойму. Це тиха надія, що повертається, коли найгірше позаду."
"readings","readings.arcana-17.past","After a period of darkness, hope returned. That moment of renewal — fragile but real — set you on a better path.","Після періоду темряви надія повернулася. Та мить оновлення — крихка, але справжня — вивела тебе на кращий шлях."
"readings","readings.arcana-17.present","Breathe. The worst has passed. This is a time for healing, for reconnecting with what inspires you. Let yourself feel hopeful again.","Дихай. Найгірше минуло. Це час зцілення, час знову з'єднатися з тим, що надихає. Дозволь собі знову почуватися з надією."
"readings","readings.arcana-17.future","Renewal is coming. After the upheaval, after the struggle — a clear, starlit night. You'll find your faith again.","Наближається оновлення. Після потрясіння, після боротьби — ясна, зоряна ніч. Ти віднайдеш свою віру знову."
"readings","readings.arcana-18.keywords","illusion, fear, anxiety, subconscious","ілюзія, страх, тривога, підсвідомість"
"readings","readings.arcana-18.meaning","The Moon lights up a strange landscape — nothing is quite what it seems. Fears, illusions, things half-seen in the dark. This card says: what you're afraid of may not be real, but the fear itself needs attention.","Місяць освітлює дивний ландшафт — нічого не є тим, чим здається. Страхи, ілюзії, речі, побачені наполовину в темряві. Ця карта каже: те, чого ти боїшся, може бути несправжнім, але сам страх потребує уваги."
"readings","readings.arcana-18.past","A period of confusion or deception colored your experience. Things weren't as they appeared, and the uncertainty left a mark.","Період плутанини чи обману забарвив досвід. Речі не були такими, як здавалися, і невизначеність залишила слід."
"readings","readings.arcana-18.present","Trust is shaky right now. Something feels off, and you can't quite pin it down. Don't make big decisions in this fog — wait for clarity.","Довіра хитка зараз. Щось відчувається не так, і не можеш точно вказати. Не ухвалюй великих рішень у цій імлі — чекай ясності."
"readings","readings.arcana-18.future","A period of uncertainty is ahead. Not everything will be as it appears. Keep your wits about you and don't let anxiety drive your choices.","Попереду період невизначеності. Не все буде таким, як виглядатиме. Тримай голову при собі й не дозволяй тривозі керувати вибором."
"readings","readings.arcana-19.keywords","joy, success, vitality, clarity","радість, успіх, життєва сила, ясність"
"readings","readings.arcana-19.meaning","The Sun shines without apology. Warmth, clarity, simple happiness — the kind that doesn't need to justify itself. After the Moon's confusion, this is daylight. Everything is visible and good.","Сонце світить без вибачень. Тепло, ясність, проста радість — така, що не потребує виправдання. Після плутанини Місяця це — денне світло. Усе видно, і все добре."
"readings","readings.arcana-19.past","There was a time of genuine happiness — uncomplicated joy that lit everything up. That warmth is part of your story and can be returned to.","Був час справжнього щастя — невинної радості, що осяяла все. Те тепло — частина твоєї історії, і до нього можна повертатися."
"readings","readings.arcana-19.present","Things are good. Really good. Let yourself enjoy it without waiting for the other shoe to drop. This is your moment in the sun.","Усе добре. Справді добре. Дозволь собі насолодитися цим, не чекаючи підступу. Це твоя мить на сонці."
"readings","readings.arcana-19.future","Bright days ahead. Success, clarity, and warmth are coming. Whatever you've been working toward is about to step into the light.","Яскраві дні попереду. Успіх, ясність і тепло наближаються. Те, до чого йшов, ось-ось вийде на світло."
"readings","readings.arcana-20.keywords","reflection, reckoning, awakening, absolution","рефлексія, розплата, пробудження, звільнення"
"readings","readings.arcana-20.meaning","Judgement calls everyone to rise. This isn't external judgment — it's the moment you look at your whole life and decide what stays and what's released. A final reckoning before a new beginning.","Суд кличе всіх повстати. Це не зовнішній суд — це мить, коли дивишся на все життя і вирішуєш, що залишається, а що відпускається. Остаточна розплата перед новим початком."
"readings","readings.arcana-20.past","A moment of deep reckoning changed your direction. You looked honestly at where you'd been and made a choice about where to go next.","Мить глибокої розплати змінила напрямок. Ти чесно подивився, де був, і обрав, куди йти далі."
"readings","readings.arcana-20.present","You're being called to account — by yourself, not others. What have you learned? What needs to be forgiven? Answer honestly and you'll be free.","Тебе кличуть до відповіді — собою, не іншими. Чого навчився? Що треба пробачити? Відповідай чесно — і будеш вільним."
"readings","readings.arcana-20.future","An awakening is ahead. Not sudden like the Tower, but deep and deliberate. You'll see your path with new clarity and know exactly what to do.","Попереду пробудження. Не раптове, як Вежа, а глибоке й свідоме. Ти побачиш свій шлях з новою ясністю й точно знатимеш, що робити."
"readings","readings.arcana-21.keywords","completion, integration, accomplishment, wholeness","завершення, інтеграція, звершення, цілісність"
"readings","readings.arcana-21.meaning","The World is the final card — the dance at the end of the journey. Everything has come full circle. A chapter is complete, and you stand whole within it. Celebrate before you begin again.","Світ — остання карта, танець на кінці подорожі. Усе пройшло повне коло. Розділ завершений, і ти стоїш цілим у ньому. Святкуй, перш ніж почати знову."
"readings","readings.arcana-21.past","A cycle completed. Something you worked toward for a long time finally came together. That accomplishment is real — own it.","Цикл завершився. Те, до чого довго йшов, нарешті склалося. Те досягнення справжнє — володій ним."
"readings","readings.arcana-21.present","You're at the end of a major chapter. Integration, completion, the feeling of having arrived. Pause and take it in before the next cycle begins.","Ти в кінці великого розділу. Інтеграція, завершення, відчуття прибуття. Зупинися і прийми, перш ніж почнеться наступний цикл."
"readings","readings.arcana-21.future","Completion is approaching. The long road you've been on is reaching its destination. What awaits is wholeness and the satisfaction of a journey finished.","Завершення наближається. Довгий шлях, яким ти йшов, сягає місця призначення. На тебе чекає цілісність і задоволення від завершеної подорожі."
"readings","readings.chalices-1.keywords","new love, emotional beginning, intuition, compassion","нова любов, емоційний початок, інтуїція, співчуття"
"readings","readings.chalices-1.meaning","The Ace of Chalices is a cup overflowing. A new emotional beginning — love, creative inspiration, or a spiritual opening. Something is being offered to you. Open your hands.","Туз Кубків — чаша, що переповнюється. Новий емоційний початок — любов, творче натхнення чи духовне відкриття. Тобі щось пропонують. Відкрий руки."
"readings","readings.chalices-1.past","An emotional door opened — new love, a creative spark, or a spiritual awakening. That opening changed the course of your inner life.","Відчинилися емоційні двері — нова любов, творча іскра або духовне пробудження. Те відкриття змінило хід внутрішнього життя."
"readings","readings.chalices-1.present","Something new is stirring in your heart. A feeling, a connection, a creative impulse. Don't analyze it — receive it.","У серці прокидається щось нове. Почуття, зв'язок, творчий поштовх. Не аналізуй — прийми."
"readings","readings.chalices-1.future","An emotional gift is on its way. New love, deep inspiration, or a moment of pure connection. Be open to what arrives.","Емоційний дарунок уже в дорозі. Нова любов, глибоке натхнення чи мить чистого зв'язку. Будь відкритим до того, що прийде."
"readings","readings.chalices-2.keywords","partnership, mutual attraction, connection, harmony","партнерство, взаємне тяжіння, зв'язок, гармонія"
"readings","readings.chalices-2.meaning","Two cups raised in mutual recognition. This is partnership at its simplest — two people seeing each other clearly and choosing to connect. Equal exchange, no games.","Дві чаші підняті у взаємному визнанні. Це партнерство в найпростішому вигляді — двоє бачать одне одного ясно й обирають з'єднатися. Рівний обмін, без ігор."
"readings","readings.chalices-2.past","A meaningful partnership shaped you — romantic or otherwise. The mutual respect and genuine connection left a lasting impression.","Значуще партнерство сформувало тебе — романтичне чи інше. Взаємна повага й щирий зв'язок залишили тривале враження."
"readings","readings.chalices-2.present","A connection is forming based on real mutual attraction. This is balanced, honest, and worth investing in.","Формується зв'язок, заснований на справжньому взаємному потягу. Він збалансований, чесний і вартий вкладу."
"readings","readings.chalices-2.future","A significant partnership is ahead. Someone will meet you where you are — no pretense, no imbalance. Just honest connection.","Попереду важливе партнерство. Хтось зустріне тебе там, де ти є — без удавань, без перекосу. Просто чесний зв'язок."
"readings","readings.chalices-3.keywords","celebration, friendship, community, joy","святкування, дружба, спільнота, радість"
"readings","readings.chalices-3.meaning","Three cups raised in celebration. Friends, community, shared joy. This card is a party — not a wild one, but the kind where you look around and realize you're surrounded by people who actually care.","Три чаші підняті на честь святкування. Друзі, спільнота, спільна радість. Ця карта — свято. Не буйне, а те, на якому озираєшся і розумієш, що поряд справді близькі люди."
"readings","readings.chalices-3.past","A celebration or gathering brought genuine joy. The community around you at that time lifted you up in ways that mattered.","Свято чи зібрання принесло справжню радість. Спільнота навколо тебе тоді піднесла так, як мало що могло."
"readings","readings.chalices-3.present","Celebrate what you have. Call the friends, raise a glass, enjoy the moment. Not everything needs to be heavy or meaningful — sometimes joy is enough.","Святкуй те, що маєш. Клич друзів, піднімай келих, насолоджуйся миттю. Не все має бути важким і значущим — іноді радості досить."
"readings","readings.chalices-3.future","A gathering or celebration is ahead. Good company, shared happiness, the warmth of belonging. Let yourself enjoy it.","Зібрання чи свято попереду. Гарна компанія, спільна радість, тепло приналежності. Дозволь собі насолодитися."
"readings","readings.chalices-4.keywords","apathy, contemplation, disconnection, missed opportunity","байдужість, роздуми, відчуженість, втрачена можливість"
"readings","readings.chalices-4.meaning","Four cups — three on the ground, one being offered by a hand from a cloud. But the figure sits with crossed arms, too bored or brooding to notice. What you're looking for might already be in front of you.","Чотири чаші — три на землі, одна запропонована рукою з хмари. Але постать сидить зі складеними руками, надто знуджена чи занурена в себе. Те, що шукаєш, можливо, вже перед тобою."
"readings","readings.chalices-4.past","You missed something because you were too caught up in what you didn't have. An opportunity or connection went unnoticed while you were focused elsewhere.","Ти проґавив щось, бо був надто захоплений тим, чого не мав. Можливість чи зв'язок лишилися непоміченими, поки увага була в іншому місці."
"readings","readings.chalices-4.present","Boredom or dissatisfaction is clouding your vision. There's an offer on the table you're not seeing. Look up.","Нудьга чи невдоволення затьмарюють погляд. На столі є пропозиція, якої не бачиш. Підніми очі."
"readings","readings.chalices-4.future","Be careful not to overlook what's being offered. Discontent can blind you to real gifts. The fourth cup is there — you just need to reach for it.","Обережно, щоб не оминути те, що пропонують. Невдоволення може засліпити на справжні дари. Четверта чаша там — треба лише простягнути руку."
"readings","readings.chalices-5.keywords","grief, loss, regret, disappointment","горе, втрата, жаль, розчарування"
"readings","readings.chalices-5.meaning","Five cups — three spilled, two still standing. The figure stares at the loss, back turned to what remains. Grief is real, but so is what survived. The question is which cups you focus on.","П'ять чаш — три розлиті, дві стоять. Постать дивиться на втрату, спиною до того, що лишилося. Горе справжнє, як і те, що вціліло. Питання — на яких чашах зосередитися."
"readings","readings.chalices-5.past","A loss hit hard, and you spent time mourning what was gone. That grief was valid — but it may have kept you from seeing what was left.","Втрата вдарила сильно, і ти провів час, оплакуючи втрачене. Те горе було справедливим — але могло заступити вид на те, що лишилося."
"readings","readings.chalices-5.present","You're focused on what went wrong. That's understandable. But turn around — not everything is lost. Two cups still stand.","Зосередження на тому, що пішло не так. Це зрозуміло. Але обернися — не все втрачено. Дві чаші ще стоять."
"readings","readings.chalices-5.future","A disappointment is ahead, but it won't take everything. Allow yourself to grieve, then look at what remains. It's more than you think.","Попереду розчарування, але воно не забере всього. Дозволь собі сумувати, потім подивися на те, що лишилося. Більше, ніж здається."
"readings","readings.chalices-6.keywords","nostalgia, memories, innocence, reunion","ностальгія, спогади, невинність, возз'єднання"
"readings","readings.chalices-6.meaning","Six cups filled with flowers, a scene from childhood. This card smells like your grandmother's house. Nostalgia, old memories, the sweetness of simpler times. Just be careful not to live there.","Шість чаш, повних квітів, сцена з дитинства. Ця карта пахне бабусиним домом. Ностальгія, старі спогади, солодкість простіших часів. Лише не залишайся там."
"readings","readings.chalices-6.past","A memory or a person from your past played a significant role. That innocence and warmth shaped you in ways you might not fully appreciate.","Спогад чи людина з минулого зіграли значну роль. Та невинність і тепло сформували тебе способами, які ти, можливо, не цілком цінуєш."
"readings","readings.chalices-6.present","The past is calling — an old friend, a memory, a place you used to know. It's okay to revisit, but remember: you can't move forward looking backward.","Минуле кличе — давній друг, спогад, місце, яке ти колись знав. Можна повернутися, але пам'ятай: назад дивлячись, уперед не підеш."
"readings","readings.chalices-6.future","Someone or something from your past will reappear. A reunion, a memory resurfacing, or a return to something familiar. Enjoy it, but stay grounded in the present.","Хтось або щось із минулого з'явиться знову. Возз'єднання, спогад, повернення до звичного. Насолоджуйся, але тримайся теперішнього."
"readings","readings.chalices-7.keywords","fantasy, illusion, wishful thinking, choices","фантазія, ілюзія, мрії, вибір"
"readings","readings.chalices-7.meaning","Seven cups float in the clouds — each one a fantasy, a wish, a distraction. Castles, jewels, dragons, a veiled figure. Tempting, but none of it is real yet. Choose one and make it solid, or keep dreaming forever.","Сім чаш ширяють у хмарах — кожна фантазія, бажання, відволікання. Замки, коштовності, дракони, постать під вуаллю. Спокусливо, та нічого з цього ще не справжнє. Обери одну й зроби її реальною — або мрій далі."
"readings","readings.chalices-7.past","Too many options or fantasies scattered your focus. You spent time chasing illusions instead of committing to something real.","Забагато варіантів чи фантазій розпорошили увагу. Час ішов на переслідування ілюзій замість зобов'язання справжньому."
"readings","readings.chalices-7.present","You're lost in possibilities. Some are genuine, most are smoke. Get honest about what you actually want — then commit to it.","Ти загубився в можливостях. Деякі справжні, більшість — дим. Будь чесним щодо того, чого насправді хочеш — і зобов'яжися цьому."
"readings","readings.chalices-7.future","A dazzling array of options will present themselves. Most are distractions. Discernment will be your most valuable skill.","Перед тобою постане сліпуча низка варіантів. Більшість — відволікання. Розсудливість стане найціннішим умінням."
"readings","readings.chalices-8.keywords","departure, withdrawal, letting go, searching","відхід, відступ, відпускання, пошук"
"readings","readings.chalices-8.meaning","Eight cups stacked neatly, a figure walking away under a crescent moon. Something is being left behind — not because it's bad, but because it's not enough anymore. This is a quiet, necessary departure.","Вісім чаш акуратно складені, постать іде геть під місячним серпом. Щось залишається позаду — не тому, що погане, а тому, що його вже недостатньо. Це тихий, необхідний відхід."
"readings","readings.chalices-8.past","You walked away from something that looked fine from the outside but felt empty within. That departure took courage, even if no one understood it.","Ти пішов від того, що виглядало нормально ззовні, але було порожнім усередині. Той відхід вимагав сміливості, навіть якщо ніхто не зрозумів."
"readings","readings.chalices-8.present","Something isn't filling you anymore. The cups are there, but they're not enough. It's time to walk away and look for what's missing.","Щось більше не наповнює. Чаші є, але їх замало. Час піти й шукати те, чого бракує."
"readings","readings.chalices-8.future","You'll reach a point where you outgrow a situation. The departure will be quiet and deliberate — not dramatic, but deeply necessary.","Дійдеш до моменту, коли переростеш ситуацію. Відхід буде тихим і свідомим — не драматичним, але глибоко необхідним."
"readings","readings.chalices-9.keywords","contentment, satisfaction, gratitude, wish fulfilled","задоволення, насичення, вдячність, здійснене бажання"
"readings","readings.chalices-9.meaning","Nine cups displayed proudly, the figure sits with arms crossed and a satisfied grin. The wish card. What you wanted — you got it. Enjoy the moment of having enough.","Дев'ять чаш гордо виставлені, постать сидить зі схрещеними руками й задоволеною усмішкою. Карта бажання. Те, що хотів — отримав. Насолоджуйся миттю вистачання."
"readings","readings.chalices-9.past","A wish came true. A moment of genuine satisfaction when things lined up the way you hoped. That contentment was earned.","Бажання справдилося. Мить справжнього задоволення, коли все склалося так, як хотілося. Те вдоволення було заслуженим."
"readings","readings.chalices-9.present","Look at what you have. Really look. This is a moment of fulfillment — maybe not perfection, but genuine satisfaction. Let yourself enjoy it.","Подивися на те, що маєш. Справді подивися. Це мить здійснення — можливо, не ідеальна, але справжня. Дозволь собі насолодитися."
"readings","readings.chalices-9.future","A wish is about to be granted. Not in a fairy-tale way, but in the real, solid way that comes from work meeting luck. Savor it.","Бажання ось-ось здійсниться. Не по-казковому, а по-справжньому — коли праця зустрічає удачу. Смакуй це."
"readings","readings.chalices-10.keywords","harmony, family, happiness, emotional fulfillment","гармонія, сім'я, щастя, емоційне здійснення"
"readings","readings.chalices-10.meaning","Ten cups arched like a rainbow over a happy family. Emotional completion — love, belonging, the whole picture. This is what it looks like when the heart has everything it needs.","Десять чаш вигнуті, мов веселка, над щасливою родиною. Емоційне завершення — любов, приналежність, ціла картина. Так виглядає, коли серце має все потрібне."
"readings","readings.chalices-10.past","A time of deep emotional fulfillment — family, love, belonging. That experience of wholeness set a standard for what happiness can look like.","Час глибокого емоційного здійснення — сім'я, любов, приналежність. Той досвід цілісності задав стандарт того, як може виглядати щастя."
"readings","readings.chalices-10.present","Emotional abundance surrounds you. Family, love, connection — the full picture. Don't take it for granted. This is the thing people are chasing.","Емоційне багатство навколо тебе. Сім'я, любов, зв'язки — повна картина. Не сприймай це як належне. Це саме те, за чим гоняться інші."
"readings","readings.chalices-10.future","Lasting emotional fulfillment is ahead. Not a fleeting high, but the deep, steady happiness that comes from genuine connection and love.","Попереду тривале емоційне здійснення. Не миттєвий злет, а глибоке, стабільне щастя, що приходить від справжнього зв'язку й любові."
"readings","readings.chalices-page.keywords","creative spark, curiosity, sensitivity, new feelings","творча іскра, допитливість, чутливість, нові почуття"
"readings","readings.chalices-page.meaning","A young figure gazes at a cup with a fish leaping from it — surprised and enchanted. New emotional or creative stirrings, the sensitivity of someone just learning to feel deeply.","Молода постать дивиться на чашу, з якої вистрибує риба — здивовано й зачаровано. Нові емоційні чи творчі ворушіння, чутливість того, хто щойно вчиться глибоко відчувати."
"readings","readings.chalices-page.past","An early emotional experience awakened something in you. A first crush, a creative discovery, a moment of surprising tenderness.","Ранній емоційний досвід пробудив щось у тобі. Перше закохання, творче відкриття, мить несподіваної ніжності."
"readings","readings.chalices-page.present","A new feeling is emerging — tender, unformed, full of possibility. Approach it with curiosity, not skepticism. Let it develop.","Нове почуття виринає — ніжне, несформоване, повне можливостей. Підходь із цікавістю, а не скепсисом. Дай йому розвинутися."
"readings","readings.chalices-page.future","A message of the heart is coming. New creative inspiration or an emotional surprise that reawakens your sense of wonder.","Надходить послання серця. Нове творче натхнення чи емоційний сюрприз, що знову пробудить відчуття дива."
"readings","readings.chalices-knight.keywords","romance, charm, idealism, imagination","романтика, шарм, ідеалізм, уява"
"readings","readings.chalices-knight.meaning","The Knight of Chalices rides slowly, cup extended like an offering. The romantic, the poet, the one who follows the heart without question. Beautiful — just make sure it's grounded in reality.","Лицар Кубків їде повільно, чаша простягнута, мов подарунок. Романтик, поет, той, хто слідує за серцем без питань. Прекрасно — лише переконайся, що воно вкорінене в реальності."
"readings","readings.chalices-knight.past","A romantic pursuit or creative passion swept you along. The idealism was genuine, even if reality eventually complicated things.","Романтична гонитва чи творча пристрасть понесла тебе. Ідеалізм був щирим, навіть якщо реальність згодом ускладнила все."
"readings","readings.chalices-knight.present","Follow your heart — but keep one foot on the ground. A romantic or creative opportunity is presenting itself with great charm. Enjoy it, but stay awake.","Слідуй за серцем — але тримай одну ногу на землі. Романтична чи творча можливість з'являється з великим шармом. Насолоджуйся, але не засинай."
"readings","readings.chalices-knight.future","A romantic figure or creative opportunity approaches. It will be appealing and heartfelt. Just remember: charm and substance aren't always the same thing.","Наближається романтична фігура чи творча можливість. Буде привабливо й щиро. Просто пам'ятай: шарм і суть — не завжди одне й те саме."
"readings","readings.chalices-queen.keywords","compassion, emotional depth, intuition, nurturing","співчуття, емоційна глибина, інтуїція, турбота"
"readings","readings.chalices-queen.meaning","The Queen of Chalices sits at the water's edge, holding an ornate cup. She feels everything — and somehow doesn't drown. Deep emotional intelligence, compassion without losing herself.","Королева Кубків сидить біля води, тримаючи орнаментовану чашу. Вона відчуває все — і якимось чином не тоне. Глибокий емоційний інтелект, співчуття, що не втрачає себе."
"readings","readings.chalices-queen.past","A deeply compassionate figure influenced your life — someone who understood emotions intuitively and held space without judgment.","Глибоко співчутлива постать вплинула на твоє життя — той, хто інтуїтивно розумів емоції й давав простір без осуду."
"readings","readings.chalices-queen.present","Lead with empathy right now. The situation calls for emotional intelligence, not logic. Trust your feelings — they're reading the room better than your mind.","Зараз веди з емпатії. Ситуація потребує емоційного інтелекту, а не логіки. Довіряй почуттям — вони читають обстановку краще за розум."
"readings","readings.chalices-queen.future","You're growing into deeper emotional wisdom. The ability to feel deeply without being consumed is developing — and it will serve you well.","Ти зростаєш у глибшу емоційну мудрість. Здатність глибоко відчувати й не бути поглиненим розвивається — і послужить тобі."
"readings","readings.chalices-king.keywords","emotional maturity, diplomacy, calm, wisdom","емоційна зрілість, дипломатія, спокій, мудрість"
"readings","readings.chalices-king.meaning","The King of Chalices sits on his throne amid turbulent waters, perfectly calm. He feels everything but rules it rather than being ruled by it. Emotional mastery — deep water, steady hand.","Король Кубків сидить на троні посеред бурхливих вод, цілком спокійний. Він відчуває все, але керує, а не підкоряється. Емоційна майстерність — глибока вода, тверда рука."
"readings","readings.chalices-king.past","Emotional mastery was learned, likely through difficult experience. Someone — maybe you — learned to navigate deep feelings without capsizing.","Емоційну майстерність здобуто, ймовірно, через важкий досвід. Хтось — можливо, ти — навчився плавати в глибоких почуттях, не перекидаючись."
"readings","readings.chalices-king.present","Stay calm in the emotional current. You can feel deeply and still make wise decisions. Don't suppress — govern.","Залишайся спокійним у емоційній течії. Можна глибоко відчувати й водночас ухвалювати мудрі рішення. Не пригнічуй — керуй."
"readings","readings.chalices-king.future","Emotional maturity will be your greatest asset in what's coming. The waters will be deep, but you'll navigate them with skill.","Емоційна зрілість стане найбільшим активом у тому, що наближається. Води будуть глибокими, але ти пройдеш їх майстерно."
"readings","readings.swords-1.keywords","clarity, breakthrough, truth, new idea","ясність, прорив, істина, нова ідея"
"readings","readings.swords-1.meaning","The Ace of Swords cuts through the fog — one blade, one truth. A breakthrough in thinking, a flash of clarity, the moment when confusion parts and you see things as they are.","Туз Мечів прорізає туман — одне лезо, одна істина. Прорив у думанні, спалах ясності, мить, коли плутанина розсувається й бачиш усе таким, як є."
"readings","readings.swords-1.past","A moment of sudden clarity changed everything. An idea, a truth, a realization cut through the noise and gave you direction.","Мить раптової ясності все змінила. Ідея, істина, усвідомлення прорізалися крізь шум і дали напрямок."
"readings","readings.swords-1.present","The truth is available to you right now — sharp and clear. Cut through the confusion. Say what needs to be said. Think clearly.","Істина доступна зараз — гостра й чітка. Прорізай плутанину. Скажи те, що треба сказати. Думай ясно."
"readings","readings.swords-1.future","A breakthrough is coming. Mental clarity, a new idea, or a truth you've been circling will suddenly snap into focus.","Наближається прорив. Ментальна ясність, нова ідея чи істина, навколо якої кружляв, раптом стане на місце."
"readings","readings.swords-2.keywords","indecision, stalemate, avoidance, difficult choice","нерішучість, глухий кут, уникання, складний вибір"
"readings","readings.swords-2.meaning","A blindfolded figure holds two crossed swords, the sea calm behind them. Paralysis by analysis. Two options, no movement. The blindfold isn't ignorance — it's avoidance. Pick a sword.","Постать із пов'язкою на очах тримає два схрещених мечі, море спокійне позаду. Параліч аналізу. Два варіанти, жодного руху. Пов'язка — не незнання, а уникання. Обери меч."
"readings","readings.swords-2.past","A period of indecision kept you stuck. You couldn't — or wouldn't — choose, and the stalemate cost you time.","Період нерішучості тримав тебе на місці. Ти не міг — чи не хотів — обирати, і той глухий кут коштував часу."
"readings","readings.swords-2.present","You're avoiding a decision. The two options aren't going to resolve themselves. Remove the blindfold and choose.","Ти уникаєш рішення. Два варіанти самі не розв'яжуться. Зніми пов'язку і обери."
"readings","readings.swords-2.future","A difficult choice is ahead. The temptation will be to avoid it, to stay balanced between two sides. Don't. Choose and move.","Попереду складний вибір. Спокуса буде уникнути його, залишитися посередині. Не піддавайся. Обери й рухайся."
"readings","readings.swords-3.keywords","heartbreak, sorrow, grief, painful truth","розбите серце, печаль, горе, болюча істина"
"readings","readings.swords-3.meaning","Three swords through a heart. There's no gentle way to read this — it's pain. Heartbreak, betrayal, a truth that cuts. But the rain clears. This is the wound, not the whole story.","Три мечі крізь серце. Немає м'якого способу прочитати це — це біль. Розбите серце, зрада, істина, що ріже. Але дощ минає. Це рана, а не вся історія."
"readings","readings.swords-3.past","A deep hurt — betrayal, heartbreak, or a painful truth — left its mark. The wound may have healed, but the scar taught you something.","Глибокий біль — зрада, розбите серце чи болюча істина — лишив слід. Рана, можливо, загоїлася, але шрам навчив чогось."
"readings","readings.swords-3.present","Something is causing real pain. Don't minimize it or rush past it. Feel it fully, then let it begin to heal.","Щось завдає справжнього болю. Не применшуй і не поспішай повз. Відчуй повністю, тоді дай йому почати загоюватися."
"readings","readings.swords-3.future","A painful experience is ahead. It will hurt, but it will also be honest. Better a clean cut than a slow rot.","Попереду болючий досвід. Болітиме, але буде чесним. Краще чистий поріз, ніж повільне гниття."
"readings","readings.swords-4.keywords","rest, recovery, contemplation, retreat","відпочинок, відновлення, роздуми, усамітнення"
"readings","readings.swords-4.meaning","A figure lies on a stone slab, three swords on the wall, one beneath. Rest after battle. This isn't laziness — it's necessary recovery. Put down the sword. Your mind needs silence.","Постать лежить на кам'яній плиті, три мечі на стіні, один під нею. Відпочинок після бою. Це не лінь — це потрібне відновлення. Поклади меч. Розуму потрібна тиша."
"readings","readings.swords-4.past","A period of forced or chosen rest followed a difficult time. That pause was more productive than it felt — the mind healed in the quiet.","Період вимушеного чи обраного відпочинку настав після важкого часу. Та пауза була продуктивнішою, ніж здавалася — розум зцілився в тиші."
"readings","readings.swords-4.present","Rest. You've been fighting — mentally, emotionally, or both. The battle can wait. Recover your strength before the next round.","Відпочивай. Ти воював — ментально, емоційно чи і так і так. Бій може зачекати. Відновлюй сили перед наступним раундом."
"readings","readings.swords-4.future","A period of necessary retreat is coming. Don't resist it. The recovery will prepare you for what follows.","Попереду необхідний відступ. Не опирайся. Відновлення підготує до того, що слідуватиме."
"readings","readings.swords-5.keywords","conflict, defeat, hostility, winning at cost","конфлікт, поразка, ворожість, перемога ціною"
"readings","readings.swords-5.meaning","Five swords, a smirking victor, defeated figures walking away. Someone won — but at what cost? This card asks: was the victory worth the damage? Winning isn't always winning.","П'ять мечів, переможець із посмішкою, переможені йдуть геть. Хтось переміг — але якою ціною? Ця карта питає: чи варта була перемога шкоди? Перемога — не завжди перемога."
"readings","readings.swords-5.past","A conflict left wreckage. Someone won, someone lost, and the aftermath was bitter. The victory may have cost more than it was worth.","Конфлікт залишив уламки. Хтось виграв, хтось програв, а післясмак був гірким. Перемога, можливо, коштувала більше, ніж була варта."
"readings","readings.swords-5.present","A conflict is playing out. Before you fight to win, ask yourself what you're actually gaining — and what you're destroying in the process.","Триває конфлікт. Перш ніж битися за перемогу, запитай себе — що насправді здобудеш і що руйнуєш у процесі."
"readings","readings.swords-5.future","A confrontation is ahead. Pick your battles carefully. Some fights aren't worth the prize, and some victories leave you emptier than defeat.","Попереду протистояння. Обирай битви ретельно. Деякі бійки не варті призу, а деякі перемоги лишають порожніми більше, ніж поразки."
"readings","readings.swords-6.keywords","transition, moving on, leaving behind, recovery","перехід, рух далі, залишання позаду, відновлення"
"readings","readings.swords-6.meaning","A boatman carries passengers and six swords across calm water. Moving away from something difficult — not running, but deliberately leaving rough waters behind. The journey isn't over, but the worst is.","Човняр везе пасажирів і шість мечів через спокійну воду. Віддаляння від важкого — не втеча, а свідоме залишення буремних вод позаду. Подорож не закінчилася, але найгірше — так."
"readings","readings.swords-6.past","You moved on from a painful situation. The departure was quiet and necessary — carrying your burdens to calmer shores.","Ти пішов від болісної ситуації. Відхід був тихим і необхідним — несенням тягарів до спокійніших берегів."
"readings","readings.swords-6.present","It's time to leave a difficult situation behind. Not dramatically — just get in the boat and go. Calmer waters are ahead.","Час залишити складну ситуацію позаду. Не драматично — просто сідай у човен і пливи. Спокійніші води попереду."
"readings","readings.swords-6.future","A transition away from difficulty is coming. It will be gradual, not sudden, but the direction is toward peace.","Наближається перехід геть від труднощів. Буде поступовий, не раптовий, але напрямок — до спокою."
"readings","readings.swords-7.keywords","deception, strategy, stealth, getting away with it","обман, стратегія, скритність, зволікання"
"readings","readings.swords-7.meaning","A figure sneaks away with five swords, two still planted in the ground. Cleverness or theft? Strategy or deception? This card doesn't judge — it just asks: are you being smart, or are you being dishonest?","Постать крадеться геть із п'ятьма мечами, два ще встромлені в землю. Хитрість чи крадіжка? Стратегія чи обман? Ця карта не судить — вона лише питає: ти розумний чи нечесний?"
"readings","readings.swords-7.past","Someone took a shortcut — maybe you, maybe someone else. It worked at the time, but the ethics of it still linger.","Хтось зрізав шлях — можливо, ти, можливо, хтось інший. Спрацювало тоді, але етика того досі тяжіє."
"readings","readings.swords-7.present","Check your strategy. There's a fine line between clever and deceptive. If you have to sneak, ask yourself why.","Перевір свою стратегію. Тонка межа між розумним і обманним. Якщо треба крастися, запитай себе — чому."
"readings","readings.swords-7.future","Someone may not be playing straight with you — or you'll be tempted to cut corners. Keep your integrity intact, even when nobody's watching.","Хтось може грати нечесно з тобою — або тебе спокусить зрізати шлях. Зберігай цілісність, навіть коли ніхто не дивиться."
"readings","readings.swords-8.keywords","restriction, imprisonment, powerlessness, self-imposed limits","обмеження, ув'язнення, безсилля, самообмеження"
"readings","readings.swords-8.meaning","Eight swords surround a bound, blindfolded figure. It looks hopeless — but look closer. The bindings are loose. The path out is open. The prison is mostly in the mind.","Вісім мечів оточують зв'язану постать із пов'язкою на очах. Виглядає безнадійно — але придивися. Пута слабкі. Шлях назовні відкритий. В'язниця — здебільшого в голові."
"readings","readings.swords-8.past","You felt trapped — by circumstances, by people, by your own thoughts. But the cage was never as locked as it seemed.","Ти почувався в пастці — обставин, людей, власних думок. Але клітка ніколи не була так зачинена, як здавалося."
"readings","readings.swords-8.present","You're more stuck in your head than in reality. The restrictions you're feeling are at least partly self-imposed. Open your eyes — the way out exists.","Ти більше загруз у голові, ніж у реальності. Обмеження, які відчуваєш, принаймні частково самоприписані. Розплющ очі — вихід існує."
"readings","readings.swords-8.future","A situation will make you feel powerless. Before you accept defeat, look again. The constraints aren't as real as they appear.","Ситуація змусить відчути безсилля. Перш ніж прийняти поразку, подивися ще раз. Обмеження не настільки реальні, як здаються."
"readings","readings.swords-9.keywords","anxiety, worry, nightmares, despair","тривога, неспокій, кошмари, відчай"
"readings","readings.swords-9.meaning","A figure sits up in bed, head in hands, nine swords on the wall behind them. The three AM card. Anxiety, racing thoughts, the kind of worry that wakes you up. Most of what you fear won't happen — but the fear is real.","Постать сидить у ліжку, голову в долонях, дев'ять мечів на стіні позаду. Карта третьої години ночі. Тривога, гонитва думок, турбота, що будить. Більшість того, чого боїшся, не станеться — але страх справжній."
"readings","readings.swords-9.past","A period of intense worry or sleepless nights took its toll. The anxiety was disproportionate to the actual threat, but it felt crushing at the time.","Період сильного неспокою чи безсонних ночей забрав своє. Тривога була непропорційною до реальної загрози, але тоді відчувалася нищівною."
"readings","readings.swords-9.present","Your mind is torturing you. The fears feel enormous in the dark — but most of them are shadows. Daylight will shrink them. Hold on.","Розум мучить тебе. Страхи здаються величезними в темряві — але здебільшого це тіні. Денне світло зменшить їх. Тримайся."
"readings","readings.swords-9.future","Anxiety may spike ahead. Remember: the nine swords are on the wall, not in your body. The fear is real, but the danger may not be.","Тривога може сплеснути попереду. Пам'ятай: дев'ять мечів — на стіні, не в тілі. Страх справжній, небезпека — можливо, ні."
"readings","readings.swords-10.keywords","ending, rock bottom, betrayal, total defeat","завершення, дно, зрада, повна поразка"
"readings","readings.swords-10.meaning","Ten swords in the back — the most dramatic card in the deck. Complete ending, total defeat. But here's the thing: after ten swords, there are no more swords. The worst is over. There's nowhere to go but up.","Десять мечів у спині — найдраматичніша карта в колоді. Повне завершення, повна поразка. Але ось що: після десяти мечів інших не буде. Найгірше позаду. Іти нікуди, окрім як угору."
"readings","readings.swords-10.past","Something ended catastrophically. Betrayal, collapse, hitting the absolute bottom. It was terrible — and it was the end of that chapter, not your story.","Щось закінчилося катастрофічно. Зрада, крах, удар об саме дно. Було жахливо — і то був кінець того розділу, не всієї історії."
"readings","readings.swords-10.present","This is the worst of it. Right now. The good news is that it can't get worse, which means it can only get better. Let the old thing die completely.","Ось найгірше. Просто зараз. Добра новина: гірше вже не стане, отже, може лише покращитися. Дай старому померти повністю."
"readings","readings.swords-10.future","A painful ending is ahead. It will feel like too much. But this is the clearing — dramatic, final, and ultimately liberating.","Попереду болюче завершення. Здаватиметься нестерпним. Але це очищення — драматичне, остаточне й зрештою визвольне."
"readings","readings.swords-page.keywords","curiosity, mental agility, new ideas, vigilance","цікавість, ментальна спритність, нові ідеї, пильність"
"readings","readings.swords-page.meaning","A young figure holds a sword aloft, standing on rough ground, watching the sky. Sharp mind, restless curiosity, eager to cut through to the truth. Just needs a bit more experience to wield the blade well.","Молода постать тримає меч догори, стоячи на нерівному ґрунті, вдивляється в небо. Гострий розум, неспокійна цікавість, прагнення прорізати до істини. Бракує лише досвіду, щоб майстерно володіти лезом."
"readings","readings.swords-page.past","A moment of intellectual awakening — a new idea or a challenging truth that got your mind racing. That curiosity opened doors.","Мить інтелектуального пробудження — нова ідея чи складна істина, що розігнала думки. Та цікавість відчинила двері."
"readings","readings.swords-page.present","Stay mentally sharp. New information is coming and you'll need to think fast. Be curious, be alert, but don't jump to conclusions.","Залишайся ментально гострим. Прийде нова інформація, і треба буде думати швидко. Будь допитливим, пильним, але не поспішай із висновками."
"readings","readings.swords-page.future","News or a new perspective is on its way. It will challenge your thinking — in a good way. Stay open and keep your mind nimble.","Новини чи нова перспектива в дорозі. Викличуть мислення — у доброму сенсі. Залишайся відкритим і тримай розум жвавим."
"readings","readings.swords-knight.keywords","ambition, speed, direct action, aggression","амбіція, швидкість, пряма дія, агресія"
"readings","readings.swords-knight.meaning","The Knight of Swords charges at full speed, blade raised, no hesitation. Fast thinking, fast action, decisive and unstoppable. Effective — but sometimes the charge happens before the thinking.","Лицар Мечів мчить на повній швидкості, лезо підняте, без вагань. Швидке мислення, швидка дія, рішучий і нестримний. Ефективний — та іноді натиск стається раніше за думку."
"readings","readings.swords-knight.past","A rushed decision or aggressive action got results — but not without collateral damage. Speed is a strength until it isn't.","Поспішне рішення чи агресивна дія дали результат — але не без побічних втрат. Швидкість — сила, поки не стане недоліком."
"readings","readings.swords-knight.present","Move quickly and decisively. The situation calls for sharp action, not deliberation. Just make sure you're charging toward the right target.","Рухайся швидко й рішуче. Ситуація потребує гострої дії, а не роздумів. Лише переконайся, що мчиш до правильної цілі."
"readings","readings.swords-knight.future","Something will demand fast, decisive action. You'll need to think and move simultaneously. Trust your instincts but watch your aim.","Щось вимагатиме швидкої, рішучої дії. Доведеться думати й рухатися одночасно. Довіряй інстинктам, але слідкуй за прицілом."
"readings","readings.swords-queen.keywords","clarity, independence, perception, direct communication","ясність, незалежність, сприйняття, пряме спілкування"
"readings","readings.swords-queen.meaning","The Queen of Swords sits with blade raised, face clear and unreadable. She's been through pain and emerged sharper for it. Clear thinking, direct speech, zero tolerance for nonsense.","Королева Мечів сидить із піднятим лезом, обличчя ясне й нечитабельне. Вона пройшла крізь біль і стала гострішою. Ясне мислення, пряма мова, нульова толерантність до дурниць."
"readings","readings.swords-queen.past","Experience — likely painful — honed your ability to see through pretense. That clarity was earned the hard way and it serves you well.","Досвід — імовірно, болючий — відточив здатність бачити крізь удавання. Та ясність здобута важко й добре служить."
"readings","readings.swords-queen.present","Think clearly. Speak directly. The situation needs honesty, not diplomacy. Cut through the noise and say exactly what you mean.","Думай ясно. Говори прямо. Ситуація потребує чесності, а не дипломатії. Прорізай шум і кажи рівно те, що маєш на увазі."
"readings","readings.swords-queen.future","You'll need to channel cold clarity ahead. Emotions will be running high around you, but your ability to see the truth plainly will be your greatest asset.","Знадобиться холодна ясність попереду. Навколо клекотатимуть емоції, але здатність бачити істину просто стане найціннішим активом."
"readings","readings.swords-king.keywords","authority, intellect, truth, analytical power","авторитет, інтелект, істина, аналітична сила"
"readings","readings.swords-king.meaning","The King of Swords holds his blade upright — judgment, authority, intellectual command. He makes decisions with his head, not his heart. Fair, sharp, and not easily fooled.","Король Мечів тримає лезо вертикально — судження, влада, інтелектуальне панування. Він ухвалює рішення головою, не серцем. Справедливий, гострий і не легко обманний."
"readings","readings.swords-king.past","An authority figure or your own analytical mind cut through confusion and imposed order. That intellectual clarity shaped outcomes decisively.","Авторитетна фігура чи твій власний аналітичний розум прорізали плутанину й установили лад. Та інтелектуальна ясність рішуче сформувала результати."
"readings","readings.swords-king.present","Lead with logic. The situation demands clear, rational thinking and fair judgment. Leave emotion at the door and decide with your mind.","Веди логікою. Ситуація вимагає ясного, раціонального мислення й справедливого судження. Залиш емоції за дверима й вирішуй розумом."
"readings","readings.swords-king.future","A decision requiring sharp intellect and impartial judgment is ahead. Trust your analytical ability — it's up to the task.","Попереду рішення, що потребує гострого інтелекту й безстороннього судження. Довіряй аналітичній здатності — вона впорається."
"readings","readings.pentacles-1.keywords","opportunity, prosperity, new venture, manifestation","можливість, процвітання, нове підприємство, втілення"
"readings","readings.pentacles-1.meaning","A golden coin in an outstretched hand, emerging from a cloud. A material opportunity — money, a job, a venture. It's being offered, but you'll need to do something with it. Potential doesn't spend itself.","Золота монета в простягнутій руці, що виринає з хмари. Матеріальна можливість — гроші, робота, справа. Її пропонують, але треба щось із нею зробити. Потенціал сам себе не витратить."
"readings","readings.pentacles-1.past","An opportunity presented itself — financial, professional, or material. What you did with that seed determined a lot about where you are now.","З'явилася можливість — фінансова, професійна чи матеріальна. Те, що ти зробив із тим зерном, багато в чому визначило, де ти зараз."
"readings","readings.pentacles-1.present","A tangible opportunity is in your hands. A new venture, a financial prospect, something solid. Don't just admire it — plant it.","Відчутна можливість у твоїх руках. Нова справа, фінансова перспектива, щось міцне. Не просто милуйся — посади."
"readings","readings.pentacles-1.future","A material opportunity is coming. Money, work, or a practical venture. Be ready to act on it when it arrives.","Матеріальна можливість наближається. Гроші, робота чи практична справа. Будь готовий діяти, коли прийде."
"readings","readings.pentacles-2.keywords","balance, adaptability, juggling priorities, time management","рівновага, адаптивність, жонглювання пріоритетами, управління часом"
"readings","readings.pentacles-2.meaning","Two coins juggled in a figure-eight — the infinity loop. Multiple demands, limited hands. This card is about managing competing priorities without dropping anything. Flexible, but stretched.","Дві монети жонглюються в петлі-вісімці — нескінченність. Багато вимог, обмежені руки. Ця карта про управління конкуруючими пріоритетами без того, щоб щось упустити. Гнучкий, але розтягнутий."
"readings","readings.pentacles-2.past","You juggled multiple demands and somehow kept everything in the air. That balancing act was exhausting but taught you adaptability.","Ти жонглював кількома вимогами і якось утримував усе в повітрі. Той балансуючий акт був виснажливий, але навчив адаптивності."
"readings","readings.pentacles-2.present","You're managing too many things at once. It's working for now, but something will drop if you don't prioritize. Choose what matters most.","Ти керуєш занадто багатьма речами одночасно. Поки що працює, але щось упаде, якщо не розставити пріоритети. Обери, що важливіше."
"readings","readings.pentacles-2.future","Multiple demands will compete for your attention. You'll need to be flexible and strategic about where your energy goes.","Багато вимог змагатимуться за твою увагу. Треба бути гнучким і стратегічним щодо того, куди йде енергія."
"readings","readings.pentacles-3.keywords","teamwork, craftsmanship, collaboration, skill building","командна робота, ремесло, співпраця, розвиток навичок"
"readings","readings.pentacles-3.meaning","Three figures working on a cathedral — each contributing their skill to something larger. Collaboration, craftsmanship, the satisfaction of building something real with others. The work matters.","Три постаті працюють над собором — кожна вносить свою майстерність у щось більше. Співпраця, ремесло, задоволення від побудови чогось справжнього разом. Робота має значення."
"readings","readings.pentacles-3.past","Collaboration produced something lasting. Working alongside others — each bringing their skills — created something none of you could have built alone.","Співпраця створила щось тривале. Праця поряд з іншими — кожен приніс свою вправність — побудувала те, чого ніхто з вас не зміг би сам."
"readings","readings.pentacles-3.present","This is teamwork time. Bring your skills to the table and trust others to bring theirs. The project is bigger than any one person.","Час командної роботи. Неси свої вміння до столу й довіряй іншим нести свої. Проєкт більший за будь-кого одного."
"readings","readings.pentacles-3.future","A collaborative effort is forming. Your specific skills will be valued and needed. The work ahead is meaningful — commit to it.","Формуються спільні зусилля. Твої конкретні вміння будуть цінними й потрібними. Робота попереду важлива — зобов'яжися."
"readings","readings.pentacles-4.keywords","security, control, possessiveness, hoarding","безпека, контроль, власність, накопичення"
"readings","readings.pentacles-4.meaning","A figure clutches four coins — one under each foot, one on the head, one in the arms. Holding on tight. Security is good, but this is grip, not stewardship. What are you so afraid of losing?","Постать стискає чотири монети — одну під кожною ногою, одну на голові, одну в руках. Тримається міцно. Безпека — добре, але це хватка, не дбайливість. Чого ти так боїшся втратити?"
"readings","readings.pentacles-4.past","A period of holding on too tightly — to money, to security, to control. The fear of loss made you rigid when flexibility was needed.","Період занадто міцного тримання — грошей, безпеки, контролю. Страх втрати зробив тебе негнучким, коли потрібна була гнучкість."
"readings","readings.pentacles-4.present","You're gripping too hard. The desire for security has become possessiveness. Loosen your hold — what's truly yours won't leave.","Тримаєш занадто міцно. Жадання безпеки стало власницьким. Послабь хватку — те, що справді твоє, нікуди не дінеться."
"readings","readings.pentacles-4.future","Be careful of becoming too attached to material security. Some generosity or openness will serve you better than a clenched fist.","Обережно не прив'язатися надто до матеріальної безпеки. Трохи щедрості чи відкритості послужить краще за стиснутий кулак."
"readings","readings.pentacles-5.keywords","hardship, poverty, isolation, worry","важкий час, бідність, ізоляція, тривога"
"readings","readings.pentacles-5.meaning","Two figures in the snow, barefoot, passing a lit church window. Material hardship, feeling left out in the cold. The help may be closer than it looks — but you have to be willing to ask for it.","Дві постаті в снігу, босі, проходять повз освітлене вікно церкви. Матеріальні нестатки, відчуття виключення на холоді. Допомога, можливо, ближче, ніж здається — але треба бути готовим попросити."
"readings","readings.pentacles-5.past","A period of real hardship — financial, physical, or both. The isolation was painful, and recovery took time and humility.","Період справжніх нестатків — фінансових, фізичних чи і тих, і інших. Ізоляція була болісною, відновлення зайняло час і покору."
"readings","readings.pentacles-5.present","Things are lean right now. You may feel left out in the cold. But look around — support exists. Pride might be the only thing keeping you from it.","Зараз скудно. Можеш почуватися покинутим на холоді. Але озирнися — підтримка є. Гордість, можливо, єдине, що відділяє від неї."
"readings","readings.pentacles-5.future","A difficult stretch is ahead materially. Prepare where you can, and don't be too proud to ask for help when you need it.","Попереду важкий відрізок матеріально. Готуйся де можеш, і не будь надто гордим, щоб попросити допомоги."
"readings","readings.pentacles-6.keywords","generosity, charity, giving, receiving, balance of resources","щедрість, благодійність, віддавання, приймання, баланс ресурсів"
"readings","readings.pentacles-6.meaning","A wealthy figure distributes coins to those in need — scales in one hand, coins in the other. Giving and receiving, the flow of resources. This card asks: are you the giver or the receiver? Either is fine.","Заможна постать розподіляє монети тим, хто потребує — терези в одній руці, монети в іншій. Віддавати й приймати, потік ресурсів. Ця карта питає: ти даєш чи отримуєш? Будь-що — нормально."
"readings","readings.pentacles-6.past","An act of generosity — given or received — made a real difference. That exchange of resources was more meaningful than the amount suggested.","Акт щедрості — даний чи отриманий — справді щось змінив. Той обмін ресурсами був значнішим, ніж сума натякала."
"readings","readings.pentacles-6.present","Resources are flowing. If you have enough, share. If you need help, accept it gracefully. The balance of giving and receiving is the point.","Ресурси течуть. Маєш достатньо — ділися. Потребуєш допомоги — прийми з гідністю. Баланс дарування й прийняття — суть."
"readings","readings.pentacles-6.future","Generosity will play a role ahead — either yours or someone else's. The flow of resources is shifting in a direction that benefits you.","Щедрість зіграє роль попереду — твоя або чиясь. Потік ресурсів зміщується в напрямку, корисному для тебе."
"readings","readings.pentacles-7.keywords","patience, perseverance, investment, long-term view","терпіння, наполегливість, інвестиція, довгий погляд"
"readings","readings.pentacles-7.meaning","A figure leans on a hoe, looking at seven coins growing on a bush. Waiting. The investment has been made, the work has been done — now it's about patience. You can't rush a harvest.","Постать спирається на мотику, дивиться на сім монет, що ростуть на кущі. Чекання. Інвестиція зроблена, робота виконана — тепер про терпіння. Урожай не квапиться."
"readings","readings.pentacles-7.past","A long investment of time and effort eventually bore fruit. The waiting was hard, but the result proved it was worth it.","Довга інвестиція часу й зусиль зрештою принесла плоди. Чекання було важким, але результат довів, що воно того варте."
"readings","readings.pentacles-7.present","The seeds are planted, the work is done. Now you wait. Don't dig up the garden to check if it's growing — trust the process.","Зерна посаджені, робота зроблена. Тепер чекай. Не вириваєш саду, щоб перевірити, чи росте — довіряй процесу."
"readings","readings.pentacles-7.future","A reward is coming, but not immediately. The investment you're making now — in work, in skills, in patience — will pay off. Give it time.","Винагорода надходить, але не миттєво. Інвестиція, яку робиш зараз — у роботу, вміння, терпіння — окупиться. Дай час."
"readings","readings.pentacles-8.keywords","diligence, skill development, craftsmanship, dedication","старанність, розвиток навичок, ремесло, відданість"
"readings","readings.pentacles-8.meaning","A figure carefully carves coin after coin — focused, skilled, methodical. This is the apprentice card. Mastery through repetition, improvement through dedication. The work isn't glamorous, but it's building something real.","Постать ретельно виточує монету за монетою — зосереджено, вміло, методично. Це карта учня. Майстерність через повторення, вдосконалення через відданість. Робота не ефектна, але будує щось справжнє."
"readings","readings.pentacles-8.past","A period of dedicated practice and skill-building laid the foundation for your abilities. That diligence — day after day — created real competence.","Період відданої практики й розвитку навичок заклав основу для твоїх здібностей. Та старанність — день за днем — створила справжню компетентність."
"readings","readings.pentacles-8.present","Put your head down and do the work. This isn't the time for shortcuts or big leaps — it's the time for steady, focused effort. Mastery comes from repetition.","Нахили голову й роби роботу. Не час для коротких шляхів чи великих стрибків — час для стабільних, зосереджених зусиль. Майстерність приходить через повторення."
"readings","readings.pentacles-8.future","A period of intense skill-building is ahead. It will require dedication and focus, but the competence you develop will be a lasting asset.","Попереду період інтенсивного розвитку навичок. Потребуватиме відданості й фокусу, але компетентність, яку розвинеш, стане тривалим активом."
"readings","readings.pentacles-9.keywords","luxury, self-sufficiency, financial security, accomplishment","розкіш, самодостатність, фінансова безпека, досягнення"
"readings","readings.pentacles-9.meaning","A figure stands in a lush garden, a bird on her hand, nine coins behind her. She built this. Self-made comfort, material security earned through effort. Enjoy what you've created.","Постать стоїть у пишному саду, птах на руці, дев'ять монет позаду. Вона це побудувала. Самостворений комфорт, матеріальна безпека, здобута зусиллями. Насолоджуйся тим, що створив."
"readings","readings.pentacles-9.past","Through your own effort, you created comfort and security. That self-sufficiency was hard-won and deserved.","Власними зусиллями ти створив комфорт і безпеку. Та самодостатність — важко здобута й заслужена."
"readings","readings.pentacles-9.present","You've built something solid. Take a moment to enjoy the garden you've cultivated. Self-sufficiency feels good — let yourself appreciate it.","Ти побудував щось міцне. Приділи мить насолоди саду, який виростив. Самодостатність смакує добре — дозволь собі її оцінити."
"readings","readings.pentacles-9.future","Financial security and comfort are building. What you've been working toward is materializing. The garden is almost in full bloom.","Фінансова безпека й комфорт будуються. Те, до чого йшов, матеріалізується. Сад майже в повному цвітінні."
"readings","readings.pentacles-10.keywords","legacy, inheritance, family wealth, long-term success","спадщина, успадкування, родинне багатство, довготривалий успіх"
"readings","readings.pentacles-10.meaning","Ten coins arranged around a family gathered at an estate. This is generational — wealth, legacy, something built to last beyond you. The ultimate card of material completion.","Десять монет розташовані навколо родини, зібраної в маєтку. Це поколіннєве — багатство, спадщина, щось побудоване, щоб тривати довше за тебе. Найвища карта матеріального завершення."
"readings","readings.pentacles-10.past","Something was passed down — an inheritance, a family tradition, a foundation built by those before you. That legacy still supports your life.","Щось було передано — спадок, родинна традиція, основа, закладена попередниками. Та спадщина досі підтримує життя."
"readings","readings.pentacles-10.present","Think long-term. What you're building now isn't just for you — it's for those who come after. Family, legacy, lasting impact.","Думай на довгу перспективу. Те, що будуєш зараз, не лише для тебе — для тих, хто прийде. Родина, спадщина, тривалий вплив."
"readings","readings.pentacles-10.future","Lasting wealth or a meaningful legacy is forming. What you create now will outlive the moment. Build with permanence in mind.","Формується тривале багатство чи значуща спадщина. Те, що створюєш, переживе мить. Будуй із думкою про постійність."
"readings","readings.pentacles-page.keywords","ambition, studiousness, new opportunity, practical planning","амбіція, старанність, нова можливість, практичне планування"
"readings","readings.pentacles-page.meaning","A young figure holds a single coin up to the light, studying it carefully. The student of the material world — practical, curious, ready to learn. A new financial or career opportunity is being examined.","Молода постать тримає одну монету до світла, ретельно її вивчаючи. Учень матеріального світу — практичний, допитливий, готовий учитися. Нова фінансова чи кар'єрна можливість вивчається."
"readings","readings.pentacles-page.past","An early opportunity in work or money sparked your practical ambitions. That first taste of building something real set you on your path.","Рання можливість у роботі чи грошах розпалила практичні амбіції. Той перший смак побудови чогось справжнього задав твій шлях."
"readings","readings.pentacles-page.present","A new opportunity to learn or earn is in front of you. Study it carefully before committing. The ambition is right — make sure the plan is too.","Перед тобою нова можливість учитися чи заробляти. Вивчи ретельно, перш ніж зобов'язатися. Амбіція правильна — переконайся, що план також."
"readings","readings.pentacles-page.future","Good news about money, work, or education is coming. It's an entry point, not a windfall — the real value is in what you learn.","Хороші новини про гроші, роботу чи освіту надходять. Це вхідна точка, не золотий дощ — справжня цінність у тому, чого навчишся."
"readings","readings.pentacles-knight.keywords","reliability, hard work, routine, patience","надійність, тяжка праця, рутина, терпіння"
"readings","readings.pentacles-knight.meaning","The Knight of Pentacles rides slowly and steadily — the only knight who isn't charging. Reliable, methodical, gets it done. Not flashy, but the person you actually want on the job.","Лицар Пентаклів їде повільно й рівно — єдиний лицар, що не мчить. Надійний, методичний, доводить до кінця. Не ефектний, але той, кого справді хочеться бачити на справі."
"readings","readings.pentacles-knight.past","Steady, unglamorous effort produced solid results. Someone — maybe you — just kept showing up and doing the work day after day.","Стабільні, неефектні зусилля дали міцні результати. Хтось — можливо, ти — просто з'являвся і робив роботу день у день."
"readings","readings.pentacles-knight.present","Slow and steady. This isn't the time for dramatic action — it's the time for reliable, consistent effort. Show up, do the work, repeat.","Повільно й стабільно. Не час для драматичних дій — час для надійних, послідовних зусиль. З'являйся, роби роботу, повторюй."
"readings","readings.pentacles-knight.future","Progress will come through patience, not speed. The methodical approach will outperform the dramatic one. Trust the process.","Прогрес прийде через терпіння, а не швидкість. Методичний підхід перевершить драматичний. Довіряй процесу."
"readings","readings.pentacles-queen.keywords","practical nurturing, financial savvy, comfort, abundance","практична турбота, фінансова мудрість, комфорт, достаток"
"readings","readings.pentacles-queen.meaning","The Queen of Pentacles sits in a lush garden, holding a gold coin, surrounded by abundance she cultivated herself. Practical, generous, grounded. She knows how to make things grow — money, gardens, people.","Королева Пентаклів сидить у пишному саду, тримає золоту монету, оточена достатком, який сама виростила. Практична, щедра, приземлена. Вона знає, як усе виростити — гроші, сади, людей."
"readings","readings.pentacles-queen.past","A practical, nurturing figure shaped your material world — someone who knew how to create abundance through common sense and care.","Практична, турботлива постать сформувала твій матеріальний світ — той, хто вмів створювати достаток через здоровий глузд і дбайливість."
"readings","readings.pentacles-queen.present","Take a grounded approach. Nurture what you have, manage your resources wisely, and create comfort from the practical. Abundance comes from attentive care.","Підходь приземлено. Плекай те, що маєш, мудро керуй ресурсами й створюй комфорт із практичного. Достаток приходить через уважну дбайливість."
"readings","readings.pentacles-queen.future","Material abundance is growing through practical wisdom. Your ability to nurture resources — financial or otherwise — will produce real results.","Матеріальний достаток зростає через практичну мудрість. Здатність плекати ресурси — фінансові чи інші — дасть реальні результати."
"readings","readings.pentacles-king.keywords","wealth, business sense, discipline, security","багатство, ділова хватка, дисципліна, безпека"
"readings","readings.pentacles-king.meaning","The King of Pentacles sits on a throne decorated with bulls, gold coin in hand, vineyards behind him. He built the empire. Disciplined, prosperous, and knows the value of everything. Material mastery.","Король Пентаклів сидить на троні, оздобленому биками, золота монета в руці, виноградники позаду. Він побудував імперію. Дисциплінований, заможний, і знає ціну всьому. Матеріальна майстерність."
"readings","readings.pentacles-king.past","Financial discipline or business acumen — yours or someone else's — built a foundation of real security. That success was earned through strategy and patience.","Фінансова дисципліна чи діловий нюх — твій чи чийсь — побудували основу справжньої безпеки. Той успіх був здобутий стратегією й терпінням."
"readings","readings.pentacles-king.present","Think like a builder. Manage your resources, invest wisely, plan for the long game. The material world rewards discipline right now.","Думай як будівничий. Керуй ресурсами, інвестуй мудро, плануй надовго. Матеріальний світ зараз винагороджує дисципліну."
"readings","readings.pentacles-king.future","Material success and financial security are solidifying. The empire you're building — however small — is taking shape. Stay disciplined.","Матеріальний успіх і фінансова безпека закріплюються. Імперія, яку ти будуєш — хай мала — набуває форми. Тримайся дисципліни."
"readings","readings.wands-1.keywords","inspiration, new passion, potential, creative spark","натхнення, нова пристрасть, потенціал, творча іскра"
"readings","readings.wands-1.meaning","A hand from a cloud holds a living wand — leaves still sprouting. Pure creative fire, a new passion igniting, the spark before the flame. Something is calling to you. Answer it.","Рука з хмари тримає живий жезл — листя ще проростає. Чистий творчий вогонь, розпалювання нової пристрасті, іскра перед полум'ям. Щось кличе. Відповідай."
"readings","readings.wands-1.past","A spark of inspiration lit a fire that changed your direction. That initial burst of passion set something important in motion.","Іскра натхнення запалила вогонь, що змінив твій напрямок. Той початковий сплеск пристрасті запустив щось важливе."
"readings","readings.wands-1.present","A new creative or passionate impulse is demanding attention. This is raw potential — it needs action to become something real. Strike while the iron is hot.","Новий творчий чи пристрасний імпульс вимагає уваги. Це сирий потенціал — потребує дії, щоб стати справжнім. Куй, поки гаряче."
"readings","readings.wands-1.future","A powerful new inspiration is heading your way. When it arrives, don't sit on it. The spark needs fuel, and the fuel is your action.","Потужне нове натхнення рухається до тебе. Коли прибуде, не сиди на ньому. Іскрі потрібне пальне, а пальне — твоя дія."
"readings","readings.wands-2.keywords","planning, decisions, discovery, future vision","планування, рішення, відкриття, бачення майбутнього"
"readings","readings.wands-2.meaning","A figure holds a globe and a wand, looking out from a castle at the vast landscape. The world is big and the plans are bigger. You've achieved something, but you're already looking at what's next.","Постать тримає глобус і жезл, дивиться з замку на простори. Світ великий, а плани ще більші. Ти чогось досяг, але вже дивишся на наступне."
"readings","readings.wands-2.past","A moment of ambition and planning expanded your horizons. Standing at a crossroads, you looked at the bigger picture and started making plans.","Мить амбіції й планування розширила обрії. Стоячи на роздоріжжі, ти подивився на ширшу картину і почав складати плани."
"readings","readings.wands-2.present","You've accomplished something, but you're restless. The bigger vision is calling. Start planning your next move — the territory is wider than you think.","Ти дечого досяг, але неспокійний. Більше бачення кличе. Починай планувати наступний хід — територія ширша, ніж здається."
"readings","readings.wands-2.future","A decision about your direction is ahead. The options are expansive. Take time to survey the landscape before you commit to a path.","Попереду рішення про напрямок. Варіанти широкі. Візьми час, щоб оглянути ландшафт, перш ніж зобов'язатися шляху."
"readings","readings.wands-3.keywords","expansion, foresight, progress, overseas opportunities","розширення, передбачення, прогрес, закордонні можливості"
"readings","readings.wands-3.meaning","A figure stands on a cliff watching ships sail into the distance. The foundations are set, and now the venture expands. Your efforts are reaching further than your immediate grasp. Progress is happening.","Постать стоїть на скелі, спостерігаючи, як кораблі відпливають удалину. Основи закладені, справа розширюється. Твої зусилля сягають далі за миттєвий захват. Прогрес відбувається."
"readings","readings.wands-3.past","An enterprise or idea expanded beyond its original scope. What started small reached further than you expected.","Справа чи ідея розширилася за початкові межі. Те, що почалося малим, сягнуло далі, ніж очікувалося."
"readings","readings.wands-3.present","Things are moving. What you started is gaining momentum and reaching new territory. Keep your eyes on the horizon — the expansion is real.","Усе в русі. Те, що ти почав, набирає обертів і досягає нових територій. Дивися на горизонт — розширення справжнє."
"readings","readings.wands-3.future","Growth and expansion are ahead. Your reach will extend further than you currently imagine. What you've built is about to travel.","Попереду зростання й розширення. Твій досяг сягне далі, ніж зараз уявляєш. Те, що ти побудував, ось-ось подорожуватиме."
"readings","readings.wands-4.keywords","celebration, homecoming, harmony, community","святкування, повернення додому, гармонія, спільнота"
"readings","readings.wands-4.meaning","Four wands form a canopy decorated with flowers, figures celebrating beneath. A milestone, a homecoming, a moment of genuine celebration. You've built something worth toasting.","Чотири жезли утворюють балдахін, оздоблений квітами, постаті святкують під ним. Віха, повернення додому, мить справжнього святкування. Ти побудував щось варте тосту."
"readings","readings.wands-4.past","A celebration marked a real achievement — a homecoming, a milestone, a moment when everything felt right. That joy was earned.","Свято позначило справжнє досягнення — повернення додому, віху, мить, коли все відчувалося правильним. Та радість була заслужена."
"readings","readings.wands-4.present","Celebrate. A milestone has been reached and it deserves recognition. Gather your people and enjoy what you've accomplished together.","Святкуй. Віху досягнуто, і вона заслуговує визнання. Збери своїх людей і насолоджуйтеся тим, що досягнуто разом."
"readings","readings.wands-4.future","A celebration is on the horizon. A milestone, a welcome, a moment of shared joy. Something worth looking forward to.","Свято на горизонті. Віха, зустріч, мить спільної радості. Те, на що варто чекати."
"readings","readings.wands-5.keywords","conflict, competition, tension, disagreement","конфлікт, конкуренція, напруга, розбіжність"
"readings","readings.wands-5.meaning","Five figures waving wands at each other — chaotic, noisy, everyone fighting for their position. Conflict, but not the deadly kind. This is competition, creative friction, the messy process of sorting things out.","П'ять постатей розмахують жезлами одне на одного — хаотично, гучно, кожен б'ється за позицію. Конфлікт, але не смертельний. Це конкуренція, творче тертя, безладний процес упорядкування."
"readings","readings.wands-5.past","A period of conflict or competition tested you. The struggle was frustrating, but it sharpened your resolve and clarified your position.","Період конфлікту чи конкуренції випробував тебе. Боротьба дратувала, але загострила рішучість і прояснила позицію."
"readings","readings.wands-5.present","There's friction in the air. Multiple voices, competing agendas, everyone pushing their angle. It's messy, but sometimes clarity comes from the fight.","У повітрі тертя. Багато голосів, суперечливі плани, кожен проштовхує своє. Безладно, але іноді ясність приходить із бою."
"readings","readings.wands-5.future","Competition or disagreement is ahead. Don't avoid it — engage with it. The conflict will ultimately clarify what matters.","Попереду конкуренція чи розбіжність. Не уникай — вступай. Конфлікт зрештою прояснить, що важливо."
"readings","readings.wands-6.keywords","victory, recognition, triumph, public success","перемога, визнання, тріумф, публічний успіх"
"readings","readings.wands-6.meaning","A rider crowned with a laurel wreath, carried forward by a cheering crowd. Public victory, recognition earned through effort. This is the triumph card — enjoy the parade.","Вершник, увінчаний лавровим вінком, несений вперед радісним натовпом. Публічна перемога, визнання, здобуте зусиллями. Це карта тріумфу — насолоджуйся парадом."
"readings","readings.wands-6.past","A victory was recognized publicly. You succeeded, and others saw it. That moment of recognition mattered more than you might admit.","Перемога була публічно визнана. Ти переміг, і інші побачили. Та мить визнання значила більше, ніж ти, можливо, визнаєш."
"readings","readings.wands-6.present","You're winning. Not in a quiet way — in the way where people notice. Accept the recognition. You earned this.","Ти перемагаєш. Не тихо — так, що люди помічають. Прийми визнання. Ти це заслужив."
"readings","readings.wands-6.future","Public recognition or victory is ahead. The work you've put in is about to be acknowledged. Enjoy the moment — you've earned it.","Попереду публічне визнання чи перемога. Робота, яку вклав, ось-ось буде визнана. Насолоджуйся миттю — заслужив."
"readings","readings.wands-7.keywords","defense, perseverance, standing your ground, determination","оборона, наполегливість, відстоювання, рішучість"
"readings","readings.wands-7.meaning","A figure on high ground, holding one wand against six. Outnumbered but not outmatched. This is about defending your position against pressure. You have the advantage — don't give it up.","Постать на підвищенні тримає один жезл проти шести. У меншості, але не переможено. Це про оборону позиції під тиском. Перевага в тебе — не віддавай."
"readings","readings.wands-7.past","You stood your ground against opposition. Outnumbered or outgunned, you held your position through sheer determination.","Ти тримався проти опору. У меншості чи під натиском, утримав позицію чистою рішучістю."
"readings","readings.wands-7.present","You're being challenged. Hold your ground. The high position is yours and the advantage is real, even if the pressure is intense.","Тебе кидають виклик. Тримай позицію. Висока точка — твоя, і перевага справжня, навіть якщо тиск інтенсивний."
"readings","readings.wands-7.future","A challenge to your position is coming. You'll need to defend what you've built. Stand firm — the ground beneath you is solid.","Наближається виклик твоїй позиції. Потрібно буде захищати те, що побудував. Стій твердо — ґрунт під тобою міцний."
"readings","readings.wands-8.keywords","speed, movement, swift action, momentum","швидкість, рух, швидка дія, імпульс"
"readings","readings.wands-8.meaning","Eight wands flying through the air toward the ground. Speed, momentum, things happening fast. Whatever's been in motion is about to land. This card is pure velocity.","Вісім жезлів летять у повітрі до землі. Швидкість, імпульс, стрімкі події. Те, що було в русі, ось-ось приземлиться. Ця карта — чиста швидкість."
"readings","readings.wands-8.past","Things moved fast — messages, events, changes all arriving at once. That period of rapid motion covered a lot of ground in a short time.","Усе рухалося швидко — повідомлення, події, зміни прибували разом. Той період стрімкого руху пройшов багато за короткий час."
"readings","readings.wands-8.present","Everything is accelerating. Messages, decisions, events — all in motion. Ride the momentum rather than trying to slow it down.","Усе прискорюється. Повідомлення, рішення, події — все в русі. Їдь на імпульсі, а не намагайся сповільнити."
"readings","readings.wands-8.future","Rapid developments are incoming. Things will move faster than expected. Be ready to act quickly when they land.","Швидкі події наближаються. Усе рухатиметься швидше, ніж очікується. Будь готовий діяти миттєво, коли прийде."
"readings","readings.wands-9.keywords","resilience, persistence, last stand, grit","витривалість, стійкість, остання позиція, завзятість"
"readings","readings.wands-9.meaning","A wounded figure leans on a wand, eight more planted behind them. Battered but standing. This is grit — the refusal to go down even when every reasonable part of you wants to quit.","Поранена постать спирається на жезл, ще вісім позаду. Потріпаний, але стоїть. Це завзятість — відмова впасти, коли все розумне тобі каже здатися."
"readings","readings.wands-9.past","You endured something grueling. Battered and tired, you kept standing when everything said to give up. That resilience defined you.","Ти витримав щось виснажливе. Потріпаний і змучений, стояв, коли все казало здатися. Та стійкість визначила тебе."
"readings","readings.wands-9.present","You're exhausted and the battle isn't over. One more push. You've come too far to stop now, even if every bone aches. Hold on.","Ти виснажений, і бій не закінчився. Ще один поштовх. Зайшов надто далеко, щоб зупинятися, навіть якщо болить кожна кістка. Тримайся."
"readings","readings.wands-9.future","A test of endurance is ahead. It will push you to your limits. You'll want to quit — don't. You're tougher than you think.","Попереду випробування витривалості. Зіштовхне з межею. Захочеш кинути — не кидай. Ти міцніший, ніж думаєш."
"readings","readings.wands-10.keywords","burden, responsibility, overload, hard work","тягар, відповідальність, перевантаження, тяжка праця"
"readings","readings.wands-10.meaning","A figure carries all ten wands, barely able to see over the load. Too much, and yet still moving forward. This is overcommitment, too many responsibilities, the weight of taking on everything yourself.","Постать несе всі десять жезлів, ледве бачачи з-за вантажу. Занадто багато, і все ж рухається. Це надмірне зобов'язання, забагато відповідальностей, вага того, коли береш усе на себе."
"readings","readings.wands-10.past","You carried too much. Responsibilities piled up until the load was crushing. That experience taught you something about limits — or it should have.","Ти ніс занадто багато. Відповідальності накопичувалися, доки вантаж не став нищівним. Той досвід чогось навчив про межі — або мав би."
"readings","readings.wands-10.present","You're overloaded. The weight is real and unsustainable. Put something down before you collapse. Not everything on your back is yours to carry.","Ти перевантажений. Вага справжня й нестабільна. Поклади щось, перш ніж упадеш. Не все на твоїх плечах — твоє, щоб нести."
"readings","readings.wands-10.future","A heavy load of responsibility is ahead. Before you say yes to everything, remember: carrying ten wands means you can't see where you're going.","Попереду важкий вантаж відповідальності. Перш ніж сказати так усьому, пам'ятай: нести десять жезлів означає не бачити, куди йдеш."
"readings","readings.wands-page.keywords","enthusiasm, exploration, discovery, free spirit","ентузіазм, дослідження, відкриття, вільний дух"
"readings","readings.wands-page.meaning","A young figure studies their wand with wide eyes and boundless curiosity. Fresh enthusiasm, a new passion discovered, the excitement of someone who just found their fire. Channel it before it scatters.","Молода постать вивчає свій жезл широкими очима й безмежною цікавістю. Свіжий ентузіазм, нова відкрита пристрасть, збудження того, хто щойно знайшов свій вогонь. Скерують, перш ніж розсипиться."
"readings","readings.wands-page.past","A discovery or new interest ignited your passion. That youthful enthusiasm — raw and undirected — set the tone for what followed.","Відкриття чи новий інтерес запалили твою пристрасть. Той юнацький ентузіазм — сирий і невпорядкований — задав тон усьому, що пішло."
"readings","readings.wands-page.present","Something new has your attention and your energy is high. Good. Now focus it. Enthusiasm without direction is just noise.","Щось привернуло увагу, і енергія висока. Добре. Тепер сфокусуй її. Ентузіазм без напрямку — лише шум."
"readings","readings.wands-page.future","An exciting message or new passion is coming. It will light you up with possibility. Enjoy the spark, then give it structure.","Надходить хвилююче повідомлення чи нова пристрасть. Запалить можливостями. Насолоджуйся іскрою, потім дай їй структуру."
"readings","readings.wands-knight.keywords","adventure, energy, impulsiveness, action","пригода, енергія, імпульсивність, дія"
"readings","readings.wands-knight.meaning","The Knight of Wands charges forward, horse rearing, eyes on the horizon. Pure action, zero hesitation, all fire. Exciting and effective — until he burns through everything without a plan.","Лицар Жезлів мчить уперед, кінь стає дибки, очі на горизонті. Чиста дія, нуль вагань, суцільний вогонь. Захопливо й ефективно — доки не спалить усе без плану."
"readings","readings.wands-knight.past","An impulsive move or bold adventure changed your course. The energy was intoxicating, even if the planning was nonexistent.","Імпульсивний хід чи смілива пригода змінили курс. Енергія була п'янкою, навіть якщо планування не існувало."
"readings","readings.wands-knight.present","Act now, think later — within reason. The situation needs boldness and fire, not careful deliberation. Just make sure you know the general direction.","Дій зараз, думай пізніше — у межах розумного. Ситуація потребує сміливості й вогню, а не ретельного обмірковування. Лише переконайся, що знаєш загальний напрямок."
"readings","readings.wands-knight.future","An adventure or passionate pursuit is ahead. It will move fast and demand your full energy. Don't overthink — charge.","Попереду пригода чи пристрасна гонитва. Піде швидко й вимагатиме повної енергії. Не переоцінюй — кидайся."
"readings","readings.wands-queen.keywords","confidence, warmth, determination, vibrancy","упевненість, тепло, рішучість, яскравість"
"readings","readings.wands-queen.meaning","The Queen of Wands sits with a sunflower in one hand and her wand in the other, a black cat at her feet. Magnetic, confident, warm. She lights up every room without trying. This is passion paired with self-assurance.","Королева Жезлів сидить із соняшником в одній руці і жезлом в іншій, чорний кіт біля ніг. Магнетична, упевнена, тепла. Вона освітлює кожну кімнату без зусиль. Це пристрасть, поєднана із самоупевненістю."
"readings","readings.wands-queen.past","A vibrant, confident figure shaped your world — someone whose warmth and determination were impossible to ignore.","Яскрава, упевнена постать сформувала твій світ — той, чиє тепло й рішучість було неможливо ігнорувати."
"readings","readings.wands-queen.present","Own your power. You're more magnetic and capable than you're giving yourself credit for. Step into the room like you belong there — because you do.","Володій своєю силою. Ти магнетичніший і здатніший, ніж собі приписуєш. Заходь у кімнату, наче тобі тут місце — бо так і є."
"readings","readings.wands-queen.future","You're growing into a bold, warm authority. The confidence building inside you is about to become visible to everyone around you.","Зростаєш у сміливий, теплий авторитет. Упевненість, що формується всередині, ось-ось стане видимою для всіх навколо."
"readings","readings.wands-king.keywords","leadership, vision, entrepreneurship, bold action","лідерство, бачення, підприємництво, смілива дія"
"readings","readings.wands-king.meaning","The King of Wands holds his living staff and gazes forward with fierce clarity. The visionary, the entrepreneur, the leader who inspires by doing. He doesn't just have ideas — he makes them happen.","Король Жезлів тримає живий посох і дивиться вперед із лютою ясністю. Візіонер, підприємець, лідер, що надихає дією. Він не просто має ідеї — він їх втілює."
"readings","readings.wands-king.past","Bold leadership or entrepreneurial vision drove a period of real creation. Someone — maybe you — turned fire into something lasting.","Смілива лідерство чи підприємницьке бачення стимулювало період справжнього творення. Хтось — можливо, ти — перетворив вогонь на щось тривале."
"readings","readings.wands-king.present","Lead with vision and boldness. This is your moment to take charge, inspire others, and turn ambition into action. Don't wait for permission.","Веди з бачення й сміливості. Це твоя мить узяти управління, надихнути інших і перетворити амбіцію на дію. Не чекай дозволу."
"readings","readings.wands-king.future","A leadership role or entrepreneurial opportunity is ahead. Your vision and energy will be needed. Step into it fully — hesitation doesn't suit you.","Попереду роль лідера чи підприємницька можливість. Твоє бачення й енергія будуть потрібні. Увійди в неї повністю — вагання тобі не пасує."
"readings","readingTemplates.intros.0","Three cards have come forward: {card1}, {card2}, and {card3}. Let's see what they have to say.","Три карти вийшли вперед: {card1}, {card2} і {card3}. Послухаймо, що вони мають сказати."
"readings","readingTemplates.intros.1","{card1}, {card2}, and {card3} — an interesting combination. Here is what the cards reveal.","{card1}, {card2} і {card3} — цікаве поєднання. Ось що відкривають карти."
"readings","readingTemplates.intros.2","The cards before you are {card1}, {card2}, and {card3}. Together they tell a clear story.","Перед тобою — {card1}, {card2} і {card3}. Разом вони розповідають ясну історію."
"readings","readingTemplates.intros.3","{card1}, {card2}, {card3}. These three chose to speak today — listen well.","{card1}, {card2}, {card3}. Ці троє обрали заговорити сьогодні — слухай уважно."
"readings","readingTemplates.bridges.0","Now let's turn to the present.","Тепер звернімося до теперішнього."
"readings","readingTemplates.bridges.1","From the past, the cards shift to what is happening now.","Від минулого карти переходять до того, що відбувається зараз."
"readings","readingTemplates.futureBridges.0","And what lies ahead —","А що попереду —"
"readings","readingTemplates.futureBridges.1","The final card looks forward.","Остання карта дивиться вперед."
"readings","readingTemplates.closings.0","The cards have spoken. Take what resonates, leave what doesn't — but pay attention.","Карти промовили. Візьми те, що відгукується, залиш те, що ні — але зверни увагу."
"readings","readingTemplates.closings.1","That is your reading. Sit with it for a moment before you move on.","Це твоє ворожіння. Побудь із ним мить, перш ніж рухатися далі."
"readings","readingTemplates.closings.2","The spread is complete. Trust what stirred in you as you read these words.","Розклад завершений. Довіряй тому, що піднялося всередині, коли читав ці слова."
"readings","readingTemplates.pastPrefix","{card} in the past position: ","{card} у позиції минулого: "
"readings","readingTemplates.presentPrefix","{card} in the present: ","{card} у теперішньому: "
"readings","readingTemplates.futurePrefix","{card} for the future: ","{card} для майбутнього: "
"readings","readers.vespera.displayName","Madame Vespera","Мадам Веспера"
"readings","readers.vespera.title","Conduit of the Velvet Veil","Провідниця Оксамитової Завіси"
"readings","readers.vespera.tagline","Sit closer, darling. The cards have been waiting.","Сядь ближче, любий. Карти вже зачекалися."
"readings","readers.vespera.bio","Three generations of mediums in the family. Vespera reads with reverence, takes her time, and treats every card like it came specifically for you.","Три покоління медіумів у родині. Веспера читає з благоговінням, не поспішає і ставиться до кожної карти так, наче вона прийшла саме для тебе."
"readings","readers.vespera.intros.0","Three cards, darling: {card1}, {card2}, and {card3}. They didn't arrive together by accident.","Три карти, любий: {card1}, {card2} і {card3}. Вони прийшли разом не випадково."
"readings","readers.vespera.intros.1","{card1}, {card2}, and {card3}. Mm. The deck has chosen carefully tonight.","{card1}, {card2} і {card3}. Мм. Колода обрала ретельно сьогодні."
"readings","readers.vespera.intros.2","Look — {card1}, {card2}, {card3}. A combination worth listening to.","Поглянь — {card1}, {card2}, {card3}. Поєднання, яке варто послухати."
"readings","readers.vespera.intros.3","{card1}, {card2}, {card3}. Settle in. These three have something to say.","{card1}, {card2}, {card3}. Влаштуйся зручно. Ці троє мають що сказати."
"readings","readers.vespera.bridges.0","But the past is only the doorway. The present is where the work happens.","Але минуле — лише дверцята. Справжня робота відбувається в теперішньому."
"readings","readers.vespera.bridges.1","From what was, to what is — pay attention here, dear.","Від того, що було, до того, що є — тут будь уважним, любий."
"readings","readers.vespera.futureBridges.0","And now — what's coming. The cards lean in.","А тепер — що наближається. Карти схиляються."
"readings","readers.vespera.futureBridges.1","The third card. The one we always come for.","Третя карта. Та, заради якої завжди приходять."
"readings","readers.vespera.closings.0","There. Take what was given. Some of it will only make sense later.","Ось. Візьми, що дано. Частина зрозуміється лише пізніше."
"readings","readers.vespera.closings.1","The reading is yours now. Hold it carefully.","Ворожіння тепер твоє. Тримай його дбайливо."
"readings","readers.vespera.closings.2","That's what the cards offered. Sit with it before you move on.","Це те, що запропонували карти. Побудь із цим, перш ніж іти далі."
"readings","readers.vespera.pastPrefix","{card}, in the past — ","{card}, у минулому — "
"readings","readers.vespera.presentPrefix","{card}, here in the present — ","{card}, тут у теперішньому — "
"readings","readers.vespera.futurePrefix","{card}, ahead of you — ","{card}, попереду тебе — "
"readings","readers.crow.displayName","The Crow","Крук"
"readings","readers.crow.title","Reader of the Last Hour","Читач Останньої Години"
"readings","readers.crow.tagline","Sit. Don't speak. The cards already know.","Сідай. Не говори. Карти вже знають."
"readings","readers.crow.bio","No introductions. No softening. The Crow tells you what the cards say and nothing more.","Без вступів. Без пом'якшення. Крук каже те, що говорять карти, і нічого більше."
"readings","readers.crow.intros.0","{card1}. {card2}. {card3}. Three cards. No accidents.","{card1}. {card2}. {card3}. Три карти. Без випадковостей."
"readings","readers.crow.intros.1","{card1}, {card2}, {card3}. Look at them.","{card1}, {card2}, {card3}. Подивися на них."
"readings","readers.crow.intros.2","Drawn: {card1}, {card2}, {card3}. They mean what they mean.","Витягнуто: {card1}, {card2}, {card3}. Вони означають те, що означають."
"readings","readers.crow.intros.3","{card1}. Then {card2}. Then {card3}. A sentence the universe is finishing.","{card1}. Тоді {card2}. Тоді {card3}. Речення, яке всесвіт закінчує."
"readings","readers.crow.bridges.0","That was before. This is now.","Це було раніше. Це — зараз."
"readings","readers.crow.bridges.1","The past is fixed. The present isn't.","Минуле зафіксоване. Теперішнє — ні."
"readings","readers.crow.futureBridges.0","Ahead.","Попереду."
"readings","readers.crow.futureBridges.1","What hasn't happened yet.","Те, що ще не сталося."
"readings","readers.crow.closings.0","That's the reading.","Це — ворожіння."
"readings","readers.crow.closings.1","The cards are done. You aren't.","Карти закінчили. Ти — ні."
"readings","readers.crow.closings.2","Three cards. One direction. Go.","Три карти. Один напрямок. Іди."
"readings","readers.crow.pastPrefix","{card}. Past: ","{card}. Минуле: "
"readings","readers.crow.presentPrefix","{card}. Now: ","{card}. Зараз: "
"readings","readers.crow.futurePrefix","{card}. Coming: ","{card}. Попереду: "
"readings","readers.reginald.displayName","Reginald Ash","Реджинальд Еш"
"readings","readers.reginald.title","Reluctant Practitioner, Est. 1847","Неохочий Практик, з 1847 року"
"readings","readers.reginald.tagline","Fine. Sit down. Let's get this over with.","Добре. Сідайте. Покінчимо з цим."
"readings","readers.reginald.bio","Has been reading cards for longer than he cares to discuss. Takes the work seriously, takes most querents less so. You'll get the truth — phrased exactly as he sees fit.","Читає карти довше, ніж хотів би обговорювати. До справи ставиться серйозно, до більшості прохачів — менше. Отримаєте правду — висловлену точно так, як він вважає за потрібне."
"readings","readers.reginald.intros.0","Right. {card1}, {card2}, {card3}. I've seen this combination before. It still means something. Let's proceed.","Отже. {card1}, {card2}, {card3}. Я бачив це поєднання раніше. Воно досі щось означає. Продовжимо."
"readings","readers.reginald.intros.1","{card1}, {card2}, and {card3}. A spread with actual substance, for once.","{card1}, {card2} і {card3}. Розклад із дійсною сутністю, для різноманітності."
"readings","readers.reginald.intros.2","{card1}, {card2}, {card3}. Don't ask if it's good news. Just listen.","{card1}, {card2}, {card3}. Не питайте, чи це добрі новини. Просто слухайте."
"readings","readers.reginald.intros.3","Hm. {card1}, then {card2}, then {card3}. Brace yourself — this one earns its fee.","Гм. {card1}, потім {card2}, потім {card3}. Приготуйтеся — цей виправдовує свою ціну."
"readings","readers.reginald.bridges.0","The past is finished, despite its habit of pretending otherwise. Onward.","Минуле закінчене, попри його звичку прикидатися інакше. Далі."
"readings","readers.reginald.bridges.1","Yes, yes, that was then. The present is more pressing.","Так, так, то було тоді. Теперішнє — більш нагальне."
"readings","readers.reginald.futureBridges.0","And now — the future. The part you actually came for.","А тепер — майбутнє. Та частина, за якою ви власне прийшли."
"readings","readers.reginald.futureBridges.1","The third card. Try to look composed.","Третя карта. Спробуйте виглядати зібрано."
"readings","readers.reginald.closings.0","That's the reading. Take it seriously or don't — but at least now you've been told.","Це — ворожіння. Сприймайте серйозно чи ні — але принаймні тепер вам сказано."
"readings","readers.reginald.closings.1","Done. You'll do what you'll do. Most people do.","Готово. Зробите те, що зробите. Більшість людей роблять."
"readings","readers.reginald.closings.2","There. Free of theatrics, as promised. You may show yourself out.","Ось. Без театральності, як обіцяно. Можете йти."
"readings","readers.reginald.pastPrefix","{card}, in the past — and frankly, this explains a great deal: ","{card}, у минулому — і, відверто кажучи, це пояснює дуже багато: "
"readings","readers.reginald.presentPrefix","{card}, in the present. This is, I'm afraid, where you live: ","{card}, у теперішньому. Це, боюся, там, де ви живете: "
"readings","readers.reginald.futurePrefix","{card}, ahead. I won't soften it: ","{card}, попереду. Не буду пом'якшувати: "
"plans","plans.FREE.name","Free","Безкоштовний"
"plans","plans.FREE.features.0","3 readings per day","3 ворожіння на день"
"plans","plans.FREE.features.1","Resets at midnight","Оновлюється опівночі"
"plans","plans.SINGLE.name","Single reading","Одне ворожіння"
"plans","plans.SINGLE.features.0","One extra reading","Одне додаткове ворожіння"
"plans","plans.SINGLE.features.1","No subscription","Без підписки"
"plans","plans.MONTHLY.name","Monthly","Місячний"
"plans","plans.MONTHLY.features.0","Unlimited readings","Необмежені ворожіння"
"plans","plans.MONTHLY.features.1","Reading history","Історія ворожінь"
"plans","plans.MONTHLY.features.2","Choose your deck","Вибір колоди"
"plans","plans.MONTHLY.features.3","Choose your diviner","Вибір таролога"
"plans","plans.MONTHLY.features.4","Long-form interpretations","Розгорнуті тлумачення"
"plans","plans.MONTHLY.features.5","Daily card email","Щоденна карта на email"
"plans","plans.MONTHLY.features.6","Export readings as PDF","Експорт ворожінь у PDF"
"plans","plans.MONTHLY.features.7","Favorites & personal notes","Обране та особисті нотатки"
"plans","plans.MONTHLY.features.8","Reminder notifications","Сповіщення-нагадування"
"plans","plans.MONTHLY.features.9","Ad-free","Без реклами"
"plans","plans.YEARLY.name","Yearly","Річний"
"plans","plans.YEARLY.features.0","Everything in Monthly","Усе з місячного тарифу"
"plans","plans.YEARLY.features.1","Save 58% vs monthly","Економія 58% порівняно з місячним"
"plans","plans.YEARLY.features.2","Exclusive seasonal decks","Ексклюзивні сезонні колоди"
"plans","plans.YEARLY.features.3","Early access to new diviners & decks","Ранній доступ до нових тарологів і колод"
"disclaimers","disclaimers.ageConfirm","I confirm I am 18 years of age or older.","Я підтверджую, що мені 18 років або більше."
"disclaimers","disclaimers.entertainmentShort","For entertainment purposes only. Not a substitute for professional advice.","Лише для розваги. Не замінює професійну консультацію."
"disclaimers","disclaimers.entertainmentFull","This service is provided for entertainment purposes only. Tarot readings should not be used as a substitute for professional medical, legal, financial, or psychological advice.","Цей сервіс надається виключно з розважальною метою. Розклади Таро не повинні використовуватись як заміна професійної медичної, юридичної, фінансової чи психологічної консультації."
"disclaimers","disclaimers.ageRequiredError","You must confirm you are 18 or older to continue.","Щоб продовжити, ви повинні підтвердити, що вам 18 років або більше."
"seo","seo.siteName","The Veil","The Veil"
"seo","seo.home.metaTitle","Free Tarot Reading — Online Mystical Tarot App","Безкоштовне ворожіння на Таро — містичний онлайн-додаток"
"seo","seo.home.metaDescription","Unveil the mysteries of your future with our mystical tarot reading app. Free daily readings, multiple decks, and personal readers.","Розкрийте таємниці свого майбутнього у нашому містичному додатку Таро. Безкоштовні щоденні розклади, різні колоди та особисті тарологи."
"seo","seo.home.keywords","tarot, free tarot reading, online tarot, tarot cards, tarot reading app, daily tarot","таро, безкоштовне ворожіння таро, онлайн таро, карти таро, додаток таро"
"seo","seo.decks.metaTitle","Choose Your Tarot Deck","Оберіть свою колоду Таро"
"seo","seo.decks.metaDescription","Pick your favorite tarot deck — Rider-Waite, Klimt, or Gothic-Vintage. Each deck reshapes the visual story of your reading.","Оберіть улюблену колоду — Райдера-Вейта, Клімта чи Готичну Вінтажну. Кожна колода по-своєму розповідає історію вашого розкладу."
"seo","seo.decks.keywords","tarot deck, rider-waite, klimt tarot, gothic tarot, tarot card deck","колода таро, райдер-вейт, клімт таро, готичне таро, карти таро"
"seo","seo.subscription.metaTitle","Subscription Plans","Підписка"
"seo","seo.subscription.metaDescription","Unlock unlimited readings, premium decks, and exclusive readers with a Tarot subscription.","Отримайте необмежені розклади, преміум-колоди та ексклюзивних тарологів з підпискою Tarot."
"seo","seo.subscription.keywords","tarot subscription, unlimited tarot readings, premium tarot, tarot pricing","підписка таро, необмежені розклади таро, преміум таро"
"seo","seo.profile.metaTitle","Your Mystic Profile","Ваш містичний профіль"
"seo","seo.profile.metaDescription","Manage your account, readings, and preferences.","Керуйте обліковим записом, розкладами та налаштуваннями."
"contact","contact.metaTitle","Contact The Veil","Зв'язатися із Завісою"
"contact","contact.metaDescription","Reach out to The Veil — questions, data requests, legal notices.","Зв'яжіться із Завісою — запитання, запити щодо даних, юридичні повідомлення."
"contact","contact.heading","Contact","Контакти"
"contact","contact.intro","Send a message and we'll get back to you. For data-protection requests (export, deletion, correction), pick the matching category so it routes to the right inbox.","Напишіть нам, і ми вам відповімо. Для запитів щодо захисту даних (експорт, видалення, виправлення) оберіть відповідну категорію, щоб звернення потрапило до потрібної скриньки."
"contact","contact.fields.name","Name","Ім'я"
"contact","contact.fields.email","Email","Ел. пошта"
"contact","contact.fields.category","Reason","Причина"
"contact","contact.fields.message","Message","Повідомлення"
"contact","contact.placeholders.name","Your name","Ваше ім'я"
"contact","contact.placeholders.email","you@example.com","you@example.com"
"contact","contact.placeholders.message","Tell us what's on your mind.","Розкажіть, що вас турбує."
"contact","contact.categories.general","General question","Загальне запитання"
"contact","contact.categories.dsar_access","Export my data","Експортувати мої дані"
"contact","contact.categories.dsar_delete","Delete my data","Видалити мої дані"
"contact","contact.categories.dsar_correct","Correct my data","Виправити мої дані"
"contact","contact.categories.legal_ip","Legal, copyright, or subscription cancellation","Юридичні питання, авторське право або скасування підписки"
"contact","contact.categories.other","Other","Інше"
"contact","contact.submit","Send message","Надіслати повідомлення"
"contact","contact.submitting","Sending…","Надсилання…"
"contact","contact.success","Thanks — your message is on its way. We'll reply to the email you provided.","Дякуємо — ваше повідомлення надіслано. Ми відповімо на вказану вами адресу ел. пошти."
"contact","contact.errorGeneric","Something went wrong sending your message. Please try again in a moment.","Під час надсилання повідомлення сталася помилка. Будь ласка, спробуйте ще раз за мить."
"contact","contact.errors.nameRequired","Please enter your name.","Будь ласка, введіть ваше ім'я."
"contact","contact.errors.nameTooLong","Name must be 100 characters or fewer.","Ім'я не повинно перевищувати 100 символів."
"contact","contact.errors.emailRequired","Please enter your email.","Будь ласка, введіть вашу ел. пошту."
"contact","contact.errors.emailInvalid","Please enter a valid email address.","Будь ласка, введіть коректну адресу ел. пошти."
"contact","contact.errors.categoryRequired","Please pick a reason.","Будь ласка, оберіть причину."
"contact","contact.errors.messageRequired","Please write a message.","Будь ласка, напишіть повідомлення."
"contact","contact.errors.messageTooShort","Message must be at least 10 characters.","Повідомлення має містити щонайменше 10 символів."
"contact","contact.errors.messageTooLong","Message must be 5000 characters or fewer.","Повідомлення не повинно перевищувати 5000 символів."
"payment","payment.confirmingTitle","Confirming your payment","Підтверджуємо ваш платіж"
"payment","payment.confirmingMessage","Hang tight — we're confirming your payment with the bank. This can take a moment; please don't close this page.","Зачекайте — ми підтверджуємо ваш платіж у банку. Це може зайняти деякий час; будь ласка, не закривайте цю сторінку."
"payment","payment.creditAddedTitle","Reading credit added","Ворожіння додано"
"payment","payment.creditAddedMessage","Your payment is confirmed. You now have {count, plural, one {# reading credit} other {# reading credits}}.","Ваш платіж підтверджено. Тепер у вас {count, plural, one {# ворожіння} few {# ворожіння} many {# ворожінь} other {# ворожіння}}."
"payment","payment.subActiveTitle","Subscription active","Підписка активна"
"payment","payment.subActiveMonthly","Your monthly subscription is now active. Enjoy The Veil.","Ваша місячна підписка тепер активна. Насолоджуйтесь Завісою."
"payment","payment.subActiveYearly","Your yearly subscription is now active. Enjoy The Veil.","Ваша річна підписка тепер активна. Насолоджуйтесь Завісою."
"payment","payment.confirmedTitle","Payment confirmed","Платіж підтверджено"
"payment","payment.confirmedMonthly","Your monthly subscription is active.","Ваша місячна підписка активна."
"payment","payment.confirmedYearly","Your yearly subscription is active.","Ваша річна підписка активна."
"payment","payment.confirmedWithCredits","Your payment is confirmed. You have {count, plural, one {# reading credit} other {# reading credits}}.","Ваш платіж підтверджено. У вас {count, plural, one {# ворожіння} few {# ворожіння} many {# ворожінь} other {# ворожіння}}."
"payment","payment.confirmedGeneric","Your payment is confirmed.","Ваш платіж підтверджено."
"payment","payment.failedTitle","Payment not completed","Платіж не завершено"
"payment","payment.failedMessage","Your payment didn't go through, so nothing was charged. You can try again whenever you're ready.","Ваш платіж не пройшов, тому кошти не списано. Ви можете спробувати знову, коли будете готові."
"payment","payment.signedOutTitle","Sign in to view your payment","Увійдіть, щоб переглянути ваш платіж"
"payment","payment.signedOutMessage","We couldn't read your account. Sign in to The Veil to see your latest status.","Не вдалося прочитати ваш обліковий запис. Увійдіть у Завісу, щоб побачити ваш останній статус."
"payment","payment.processingTitle","Still confirming","Досі підтверджуємо"
"payment","payment.processingMessage","Your payment is still being confirmed by the bank — this can take a little while. Your purchase will be applied automatically once it clears, and you won't be charged again. Check again below, or come back shortly; if you start a reading before it clears you may briefly be asked to subscribe — just try again in a moment.","Ваш платіж досі підтверджується банком — це може зайняти певний час. Вашу покупку буде застосовано автоматично, щойно платіж пройде, і повторного списання не буде. Перевірте ще раз нижче або поверніться трохи згодом; якщо ви почнете ворожіння до підтвердження, вас можуть ненадовго попросити оформити підписку — просто спробуйте знову за мить."
"payment","payment.checkAgain","Check again","Перевірити знову"
"payment","payment.returnLink","Return to The Veil","Повернутися до Завіси"